1,3
2,7
3,1
4,0
5,10
6,8
7,6
8,2
9,4
10,6
11,9
12,10
13,8
14,13
15,1
16,10
17,3
18,8
19,10
20,1
21,8
22,8
23,7
24,6
25,1
26,1
27,12
28,11
29,1
30,3
31,9
32,0
33,6
34,0
35,6
36,8
37,5
38,2
39,11
40,8
41,4
42,2
43,0
44,8
45,3
46,6
47,9
48,13
49,12
50,4
51,10
52,12
53,0
54,9
55,10
56,2
57,10
58,8
59,8
60,7
61,13
62,1
63,2
64,6
65,10
66,0
67,12
68,11
69,2
70,10
71,9
72,2
73,7
74,2
75,1
76,0
77,2
78,6
79,2
80,4
81,11
82,1
83,10
84,12
85,0
86,11
87,10
88,4
89,12
90,1
91,1
92,1
93,0
94,4
95,1
96,6
97,12
98,11
99,11
100,8
101,0
102,11
103,2
104,11
105,11
106,11
107,8
108,11
109,7
110,4
111,13
112,11
113,13
114,1
115,1
116,13
117,4
118,11
119,12
120,10
121,4
122,7
123,0
124,10
125,8
126,3
127,11
128,1
129,1
130,12
131,6
132,5
133,8
134,3
135,5
136,9
137,11
138,3
139,10
140,2
141,8
142,1
143,12
144,6
145,0
146,6
147,3
148,2
149,12
150,2
151,10
152,1
153,3
154,1
155,1
156,6
157,8
158,0
159,0
160,8
161,4
162,9
163,11
164,1
165,0
166,11
167,6
168,10
169,1
170,0
171,13
172,2
173,7
174,7
175,0
176,8
177,0
178,8
179,11
180,2
181,11
182,7
183,9
184,12
185,9
186,8
187,3
188,1
189,11
190,13
191,3
192,1
193,5
194,8
195,1
196,0
197,6
198,11
199,11
200,9
201,1
202,2
203,3
204,2
205,2
206,1
207,11
208,0
209,6
210,4
211,6
212,11
213,1
214,11
215,4
216,9
217,4
218,7
219,13
220,1
221,0
222,12
223,9
224,1
225,6
226,11
227,11
228,1
229,1
230,11
231,2
232,12
233,7
234,5
235,2
236,12
237,4
238,6
239,1
240,10
241,7
242,11
243,8
244,13
245,4
246,0
247,0
248,0
249,2
250,2
251,6
252,11
253,10
254,11
255,2
256,10
257,2
258,12
259,1
260,11
261,8
262,2
263,11
264,7
265,9
266,1
267,12
268,4
269,6
270,2
271,2
272,11
273,2
274,4
275,1
276,8
277,12
278,13
279,3
280,2
281,10
282,6
283,0
284,7
285,2
286,11
287,0
288,12
289,0
290,12
291,3
292,4
293,13
294,0
295,11
296,11
297,9
298,13
299,6
300,11
301,1
302,10
303,12
304,3
305,6
306,11
307,11
308,12
309,4
310,4
311,0
312,7
313,3
314,8
315,9
316,4
317,10
318,10
319,1
320,11
321,7
322,12
323,1
324,10
325,8
326,1
327,7
328,5
329,11
330,1
331,12
332,8
333,8
334,1
335,0
336,6
337,11
338,12
339,11
340,6
341,8
342,11
343,12
344,4
345,7
346,11
347,3
348,1
349,4
350,11
351,2
352,4
353,11
354,6
355,1
356,10
357,12
358,8
359,12
360,2
361,11
362,9
363,1
364,6
365,1
366,1
367,6
368,0
369,11
370,4
371,9
372,12
373,0
374,11
375,1
376,13
377,0
378,1
379,1
380,11
381,8
382,7
383,9
384,2
385,9
386,1
387,12
388,3
389,1
390,13
391,10
392,11
393,12
394,7
395,1
396,2
397,8
398,2
399,3
400,13
401,1
402,5
403,11
404,7
405,6
406,13
407,2
408,13
409,1
410,12
411,6
412,13
413,12
414,10
415,10
416,10
417,12
418,7
419,4
420,2
421,0
422,4
423,11
424,4
425,9
426,11
427,0
428,6
429,0
430,8
431,1
432,3
433,0
434,11
435,13
436,2
437,5
438,0
439,7
440,4
441,11
442,6
443,1
444,4
445,12
446,2
447,10
448,2
449,1
450,1
451,3
452,6
453,10
454,6
455,9
456,7
457,8
458,9
459,8
460,2
461,0
462,1
463,1
464,8
465,4
466,2
467,11
468,8
469,8
470,9
471,11
472,0
473,12
474,10
475,1
476,10
477,3
478,2
479,11
480,6
481,7
482,2
483,13
484,6
485,4
486,7
487,7
488,1
489,0
490,3
491,5
492,11
493,0
494,10
495,7
496,4
497,13
498,4
499,2
500,2
501,5
502,1
503,11
504,11
505,13
506,11
507,11
508,12
509,6
510,8
511,3
512,0
513,6
514,6
515,2
516,4
517,1
518,1
519,10
520,10
521,8
522,13
523,2
524,7
525,9
526,11
527,2
528,3
529,1
530,13
531,1
532,1
533,11
534,11
535,2
536,4
537,0
538,1
539,4
540,8
541,10
542,7
543,1
544,7
545,2
546,9
547,1
548,4
549,0
550,9
551,12
552,6
553,13
554,6
555,12
556,4
557,0
558,8
559,3
560,1
561,4
562,2
563,4
564,1
565,0
566,8
567,13
568,12
569,10
570,4
571,0
572,2
573,8
574,13
575,0
576,7
577,13
578,3
579,0
580,11
581,12
582,2
583,9
584,8
585,5
586,2
587,10
588,4
589,3
590,3
591,8
592,2
593,12
594,6
595,10
596,12
597,13
598,3
599,1
600,6
601,12
602,10
603,9
604,1
605,8
606,0
607,8
608,4
609,2
610,4
611,8
612,11
613,13
614,2
615,12
616,1
617,3
618,12
619,0
620,0
621,1
622,5
623,5
624,2
625,1
626,0
627,8
628,11
629,3
630,10
631,7
632,0
633,1
634,2
635,3
636,1
637,7
638,0
639,9
640,11
641,3
642,7
643,1
644,11
645,11
646,1
647,2
648,13
649,8
650,1
651,6
652,2
653,11
654,11
655,3
656,7
657,0
658,3
659,1
660,6
661,12
662,6
663,0
664,11
665,2
666,1
667,7
668,10
669,0
670,13
671,1
672,2
673,6
674,1
675,7
676,12
677,2
678,1
679,2
680,1
681,13
682,0
683,3
684,7
685,5
686,6
687,10
688,8
689,11
690,3
691,11
692,0
693,1
694,12
695,0
696,13
697,0
698,11
699,9
700,12
701,4
702,6
703,8
704,8
705,2
706,8
707,12
708,13
709,13
710,11
711,6
712,3
713,6
714,2
715,1
716,3
717,9
718,7
719,4
720,0
721,11
722,9
723,6
724,9
725,8
726,8
727,11
728,8
729,11
730,3
731,12
732,4
733,2
734,4
735,10
736,1
737,2
738,12
739,0
740,7
741,11
742,11
743,9
744,10
745,8
746,1
747,11
748,4
749,0
750,6
751,13
752,0
753,10
754,12
755,9
756,8
757,12
758,5
759,12
760,8
761,7
762,5
763,2
764,2
765,13
766,13
767,2
768,3
769,0
770,5
771,3
772,4
773,11
774,0
775,3
776,12
777,9
778,0
779,6
780,12
781,9
782,9
783,7
784,10
785,2
786,6
787,2
788,7
789,6
790,12
791,10
792,8
793,2
794,11
795,3
796,3
797,10
798,7
799,3
800,10
801,2
802,2
803,3
804,8
805,6
806,10
807,0
808,6
809,0
810,3
811,1
812,1
813,4
814,11
815,1
816,0
817,12
818,11
819,6
820,11
821,11
822,3
823,5
824,10
825,1
826,7
827,12
828,10
829,10
830,1
831,5
832,11
833,9
834,0
835,3
836,4
837,11
838,1
839,3
840,1
841,6
842,1
843,2
844,4
845,8
846,8
847,1
848,1
849,4
850,6
851,7
852,0
853,10
854,1
855,7
856,2
857,1
858,9
859,0
860,1
861,1
862,4
863,8
864,2
865,1
866,6
867,12
868,9
869,1
870,6
871,12
872,10
873,7
874,7
875,10
876,9
877,1
878,5
879,13
880,1
881,3
882,8
883,0
884,12
885,0
886,0
887,8
888,8
889,11
890,2
891,4
892,13
893,2
894,10
895,7
896,9
897,10
898,10
899,11
900,1
901,9
902,1
903,5
904,0
905,11
906,9
907,2
908,1
909,7
910,9
911,13
912,11
913,3
914,6
915,8
916,0
917,4
918,2
919,3
920,8
921,2
922,2
923,6
924,2
925,13
926,4
927,11
928,13
929,3
930,13
931,3
932,10
933,9
934,1
935,0
936,7
937,5
938,2
939,1
940,10
941,12
942,9
943,1
944,6
945,1
946,1
947,8
948,8
949,10
950,2
951,13
952,2
953,4
954,7
955,1
956,1
957,7
958,11
959,7
960,11
961,1
962,10
963,7
964,8
965,9
966,13
967,7
968,0
969,13
970,2
971,6
972,1
973,2
974,1
975,7
976,4
977,11
978,11
979,4
980,3
981,7
982,12
983,10
984,12
985,3
986,11
987,12
988,6
989,2
990,1
991,8
992,11
993,4
994,4
995,12
996,2
997,7
998,6
999,0
1000,4
1001,4
1002,6
1003,12
1004,2
1005,10
1006,10
1007,1
1008,2
1009,0
1010,4
1011,7
1012,6
1013,0
1014,7
1015,0
1016,8
1017,4
1018,2
1019,1
1020,1
1021,1
1022,8
1023,12
1024,2
1025,7
1026,11
1027,4
1028,2
1029,11
1030,8
1031,11
1032,8
1033,13
1034,0
1035,4
1036,13
1037,8
1038,7
1039,11
1040,10
1041,3
1042,0
1043,2
1044,7
1045,11
1046,12
1047,7
1048,10
1049,0
1050,11
1051,0
1052,11
1053,2
1054,12
1055,1
1056,0
1057,2
1058,13
1059,4
1060,8
1061,1
1062,0
1063,9
1064,8
1065,1
1066,13
1067,0
1068,7
1069,0
1070,2
1071,10
1072,2
1073,2
1074,8
1075,3
1076,2
1077,11
1078,6
1079,6
1080,1
1081,8
1082,3
1083,9
1084,12
1085,3
1086,3
1087,6
1088,4
1089,7
1090,1
1091,6
1092,11
1093,6
1094,4
1095,1
1096,8
1097,2
1098,6
1099,8
1100,7
1101,4
1102,10
1103,0
1104,8
1105,8
1106,5
1107,13
1108,5
1109,2
1110,11
1111,4
1112,0
1113,7
1114,2
1115,0
1116,4
1117,0
1118,11
1119,2
1120,2
1121,6
1122,10
1123,6
1124,7
1125,2
1126,8
1127,3
1128,11
1129,10
1130,6
1131,1
1132,8
1133,10
1134,12
1135,9
1136,12
1137,12
1138,13
1139,4
1140,9
1141,4
1142,3
1143,3
1144,10
1145,12
1146,8
1147,7
1148,7
1149,2
1150,0
1151,13
1152,3
1153,5
1154,1
1155,4
1156,2
1157,10
1158,2
1159,0
1160,6
1161,11
1162,12
1163,2
1164,8
1165,4
1166,9
1167,8
1168,9
1169,4
1170,12
1171,1
1172,3
1173,13
1174,6
1175,12
1176,12
1177,10
1178,6
1179,8
1180,13
1181,0
1182,9
1183,7
1184,10
1185,1
1186,10
1187,10
1188,4
1189,13
1190,2
1191,2
1192,11
1193,4
1194,9
1195,7
1196,6
1197,2
1198,8
1199,13
1200,9
1201,4
1202,8
1203,10
1204,8
1205,11
1206,4
1207,9
1208,11
1209,3
1210,2
1211,1
1212,4
1213,8
1214,3
1215,2
1216,8
1217,0
1218,11
1219,12
1220,11
1221,9
1222,1
1223,8
1224,2
1225,11
1226,8
1227,8
1228,10
1229,6
1230,8
1231,1
1232,11
1233,2
1234,7
1235,13
1236,11
1237,1
1238,1
1239,8
1240,7
1241,1
1242,13
1243,6
1244,2
1245,4
1246,11
1247,1
1248,11
1249,10
1250,7
1251,2
1252,10
1253,9
1254,1
1255,0
1256,8
1257,8
1258,3
1259,4
1260,2
1261,11
1262,11
1263,11
1264,13
1265,0
1266,4
1267,4
1268,7
1269,2
1270,4
1271,3
1272,9
1273,0
1274,2
1275,10
1276,12
1277,11
1278,1
1279,2
1280,4
1281,13
1282,1
1283,2
1284,7
1285,11
1286,2
1287,2
1288,6
1289,10
1290,11
1291,11
1292,7
1293,12
1294,12
1295,7
1296,11
1297,6
1298,0
1299,8
1300,2
1301,8
1302,3
1303,1
1304,10
1305,6
1306,4
1307,11
1308,11
1309,0
1310,0
1311,12
1312,13
1313,10
1314,13
1315,10
1316,11
1317,0
1318,8
1319,1
1320,4
1321,12
1322,2
1323,13
1324,4
1325,2
1326,11
1327,0
1328,1
1329,2
1330,9
1331,11
1332,10
1333,12
1334,4
1335,8
1336,6
1337,1
1338,7
1339,0
1340,8
1341,2
1342,13
1343,6
1344,6
1345,8
1346,11
1347,11
1348,11
1349,9
1350,10
1351,0
1352,1
1353,11
1354,7
1355,6
1356,1
1357,0
1358,2
1359,7
1360,2
1361,6
1362,11
1363,10
1364,4
1365,10
1366,9
1367,3
1368,11
1369,10
1370,10
1371,6
1372,5
1373,10
1374,6
1375,11
1376,12
1377,9
1378,2
1379,11
1380,7
1381,9
1382,8
1383,6
1384,11
1385,0
1386,10
1387,6
1388,2
1389,0
1390,0
1391,6
1392,7
1393,13
1394,3
1395,4
1396,11
1397,10
1398,4
1399,11
1400,12
1401,1
1402,8
1403,7
1404,3
1405,3
1406,7
1407,10
1408,2
1409,6
1410,8
1411,7
1412,2
1413,3
1414,8
1415,1
1416,11
1417,1
1418,8
1419,2
1420,1
1421,7
1422,0
1423,9
1424,2
1425,7
1426,4
1427,10
1428,12
1429,3
1430,11
1431,10
1432,2
1433,11
1434,13
1435,7
1436,7
1437,6
1438,1
1439,11
1440,2
1441,4
1442,4
1443,3
1444,0
1445,2
1446,3
1447,8
1448,1
1449,13
1450,1
1451,6
1452,1
1453,7
1454,9
1455,11
1456,2
1457,3
1458,3
1459,5
1460,6
1461,7
1462,12
1463,11
1464,12
1465,8
1466,2
1467,9
1468,12
1469,5
1470,11
1471,0
1472,10
1473,7
1474,7
1475,3
1476,0
1477,12
1478,4
1479,2
1480,0
1481,13
1482,2
1483,10
1484,11
1485,2
1486,2
1487,2
1488,10
1489,6
1490,2
1491,4
1492,11
1493,4
1494,4
1495,12
1496,2
1497,1
1498,10
1499,9
1500,6
1501,4
1502,5
1503,3
1504,7
1505,7
1506,1
1507,0
1508,6
1509,4
1510,3
1511,2
1512,9
1513,11
1514,1
1515,0
1516,0
1517,9
1518,4
1519,13
1520,11
1521,10
1522,0
1523,8
1524,9
1525,0
1526,4
1527,0
1528,2
1529,12
1530,1
1531,1
1532,7
1533,11
1534,10
1535,2
1536,12
1537,11
1538,2
1539,8
1540,4
1541,6
1542,1
1543,2
1544,1
1545,4
1546,3
1547,1
1548,7
1549,7
1550,12
1551,8
1552,0
1553,12
1554,6
1555,8
1556,12
1557,9
1558,8
1559,4
1560,11
1561,2
1562,12
1563,2
1564,10
1565,3
1566,8
1567,2
1568,8
1569,2
1570,7
1571,8
1572,12
1573,4
1574,12
1575,7
1576,13
1577,6
1578,11
1579,8
1580,3
1581,0
1582,0
1583,13
1584,5
1585,10
1586,2
1587,10
1588,5
1589,3
1590,0
1591,12
1592,5
1593,11
1594,8
1595,4
1596,6
1597,11
1598,4
1599,7
1600,11
1601,6
1602,1
1603,2
1604,8
1605,6
1606,6
1607,13
1608,8
1609,12
1610,7
1611,7
1612,1
1613,9
1614,12
1615,7
1616,0
1617,10
1618,3
1619,10
1620,11
1621,11
1622,9
1623,2
1624,8
1625,1
1626,6
1627,8
1628,3
1629,13
1630,7
1631,6
1632,1
1633,1
1634,0
1635,2
1636,8
1637,0
1638,10
1639,1
1640,13
1641,13
1642,12
1643,2
1644,12
1645,11
1646,8
1647,8
1648,6
1649,3
1650,10
1651,2
1652,2
1653,2
1654,0
1655,11
1656,11
1657,0
1658,1
1659,8
1660,6
1661,3
1662,1
1663,8
1664,1
1665,7
1666,0
1667,0
1668,2
1669,2
1670,11
1671,6
1672,6
1673,2
1674,10
1675,1
1676,1
1677,2
1678,2
1679,4
1680,2
1681,10
1682,8
1683,9
1684,13
1685,7
1686,8
1687,10
1688,8
1689,6
1690,1
1691,8
1692,1
1693,11
1694,1
1695,0
1696,1
1697,13
1698,0
1699,2
1700,4
1701,2
1702,7
1703,7
1704,4
1705,8
1706,10
1707,8
1708,0
1709,11
1710,1
1711,8
1712,12
1713,12
1714,1
1715,7
1716,4
1717,4
1718,0
1719,11
1720,12
1721,3
1722,12
1723,7
1724,2
1725,2
1726,7
1727,6
1728,10
1729,12
1730,6
1731,2
1732,1
1733,6
1734,8
1735,2
1736,13
1737,6
1738,6
1739,8
1740,12
1741,11
1742,0
1743,10
1744,12
1745,1
1746,4
1747,3
1748,1
1749,5
1750,9
1751,6
1752,2
1753,6
1754,9
1755,8
1756,1
1757,3
1758,3
1759,1
1760,11
1761,4
1762,0
1763,6
1764,2
1765,4
1766,3
1767,13
1768,1
1769,4
1770,6
1771,4
1772,6
1773,0
1774,8
1775,12
1776,7
1777,4
1778,8
1779,8
1780,3
1781,8
1782,11
1783,0
1784,2
1785,7
1786,0
1787,0
1788,4
1789,0
1790,11
1791,7
1792,7
1793,4
1794,6
1795,3
1796,7
1797,9
1798,3
1799,6
1800,6
1801,6
1802,2
1803,2
1804,3
1805,8
1806,4
1807,1
1808,13
1809,11
1810,2
1811,0
1812,6
1813,12
1814,2
1815,3
1816,4
1817,11
1818,13
1819,4
1820,1
1821,1
1822,4
1823,9
1824,13
1825,8
1826,7
1827,10
1828,8
1829,11
1830,3
1831,9
1832,2
1833,9
1834,4
1835,12
1836,1
1837,13
1838,7
1839,2
1840,1
1841,4
1842,4
1843,10
1844,8
1845,11
1846,1
1847,11
1848,0
1849,13
1850,11
1851,4
1852,0
1853,6
1854,12
1855,1
1856,11
1857,6
1858,8
1859,9
1860,0
1861,11
1862,6
1863,11
1864,0
1865,9
1866,8
1867,3
1868,6
1869,13
1870,5
1871,6
1872,8
1873,8
1874,7
1875,9
1876,4
1877,11
1878,2
1879,7
1880,11
1881,12
1882,0
1883,7
1884,1
1885,12
1886,0
1887,0
1888,0
1889,1
1890,0
1891,6
1892,9
1893,4
1894,0
1895,2
1896,12
1897,0
1898,11
1899,1
1900,11
1901,7
1902,7
1903,1
1904,6
1905,8
1906,8
1907,6
1908,13
1909,0
1910,0
1911,3
1912,12
1913,6
1914,7
1915,7
1916,2
1917,0
1918,9
1919,11
1920,1
1921,11
1922,6
1923,0
1924,7
1925,5
1926,0
1927,4
1928,1
1929,13
1930,0
1931,10
1932,2
1933,11
1934,7
1935,2
1936,0
1937,3
1938,7
1939,6
1940,4
1941,11
1942,8
1943,1
1944,9
1945,11
1946,4
1947,9
1948,11
1949,12
1950,9
1951,1
1952,6
1953,1
1954,10
1955,3
1956,6
1957,3
1958,2
1959,2
1960,8
1961,13
1962,13
1963,8
1964,10
1965,11
1966,13
1967,12
1968,0
1969,9
1970,12
1971,4
1972,2
1973,3
1974,1
1975,7
1976,9
1977,4
1978,1
1979,12
1980,2
1981,13
1982,11
1983,1
1984,4
1985,0
1986,9
1987,11
1988,10
1989,13
1990,11
1991,11
1992,4
1993,3
1994,11
1995,8
1996,4
1997,7
1998,11
1999,13
2000,10
2001,4
2002,10
2003,11
2004,11
2005,11
2006,8
2007,2
2008,6
2009,3
2010,0
2011,7
2012,2
2013,7
2014,9
2015,13
2016,1
2017,0
2018,1
2019,4
2020,2
2021,4
2022,6
2023,2
2024,2
2025,1
2026,6
2027,6
2028,2
2029,10
2030,13
2031,3
2032,6
2033,6
2034,8
2035,7
2036,13
2037,4
2038,11
2039,0
2040,4
2041,8
2042,11
2043,9
2044,0
2045,7
2046,8
2047,3
2048,13
2049,13
2050,9
2051,2
2052,0
2053,1
2054,10
2055,1
2056,7
2057,12
2058,1
2059,7
2060,4
2061,12
2062,3
2063,2
2064,3
2065,0
2066,9
2067,11
2068,11
2069,0
2070,11
2071,10
2072,8
2073,1
2074,7
2075,0
2076,1
2077,2
2078,4
2079,6
2080,1
2081,2
2082,6
2083,2
2084,12
2085,4
2086,3
2087,13
2088,1
2089,0
2090,6
2091,7
2092,6
2093,1
2094,7
2095,5
2096,11
2097,3
2098,10
2099,11
2100,4
2101,9
2102,11
2103,13
2104,7
2105,11
2106,2
2107,11
2108,2
2109,8
2110,2
2111,9
2112,0
2113,2
2114,11
2115,4
2116,10
2117,2
2118,1
2119,11
2120,13
2121,11
2122,1
2123,1
2124,11
2125,2
2126,8
2127,12
2128,5
2129,6
2130,2
2131,2
2132,6
2133,1
2134,13
2135,4
2136,2
2137,9
2138,6
2139,3
2140,11
2141,2
2142,2
2143,12
2144,6
2145,11
2146,4
2147,1
2148,2
2149,3
2150,10
2151,8
2152,13
2153,9
2154,2
2155,8
2156,12
2157,11
2158,12
2159,0
2160,11
2161,7
2162,1
2163,4
2164,8
2165,4
2166,7
2167,10
2168,2
2169,2
2170,11
2171,7
2172,1
2173,8
2174,13
2175,11
2176,2
2177,0
2178,12
2179,8
2180,13
2181,10
2182,4
2183,8
2184,10
2185,1
2186,6
2187,7
2188,11
2189,12
2190,7
2191,1
2192,9
2193,3
2194,7
2195,2
2196,0
2197,1
2198,13
2199,2
2200,2
2201,6
2202,3
2203,7
2204,4
2205,11
2206,10
2207,12
2208,1
2209,1
2210,0
2211,10
2212,12
2213,11
2214,11
2215,8
2216,0
2217,0
2218,7
2219,11
2220,0
2221,11
2222,0
2223,9
2224,0
2225,4
2226,7
2227,1
2228,1
2229,0
2230,10
2231,8
2232,0
2233,10
2234,0
2235,0
2236,0
2237,2
2238,11
2239,11
2240,10
2241,13
2242,11
2243,13
2244,12
2245,3
2246,4
2247,12
2248,6
2249,12
2250,12
2251,2
2252,0
2253,7
2254,8
2255,12
2256,1
2257,8
2258,11
2259,10
2260,12
2261,8
2262,12
2263,2
2264,2
2265,7
2266,11
2267,11
2268,0
2269,0
2270,7
2271,11
2272,2
2273,9
2274,1
2275,13
2276,6
2277,11
2278,6
2279,10
2280,12
2281,11
2282,8
2283,5
2284,2
2285,6
2286,6
2287,2
2288,6
2289,2
2290,11
2291,2
2292,13
2293,13
2294,8
2295,3
2296,12
2297,11
2298,0
2299,8
2300,4
2301,2
2302,0
2303,10
2304,8
2305,4
2306,0
2307,9
2308,10
2309,8
2310,1
2311,0
2312,12
2313,4
2314,13
2315,2
2316,0
2317,12
2318,9
2319,2
2320,11
2321,0
2322,7
2323,6
2324,2
2325,8
2326,1
2327,2
2328,11
2329,8
2330,7
2331,2
2332,2
2333,1
2334,10
2335,1
2336,0
2337,8
2338,11
2339,0
2340,9
2341,3
2342,11
2343,6
2344,6
2345,13
2346,8
2347,4
2348,0
2349,0
2350,7
2351,0
2352,9
2353,3
2354,2
2355,8
2356,13
2357,7
2358,7
2359,12
2360,2
2361,7
2362,7
2363,9
2364,1
2365,3
2366,10
2367,6
2368,11
2369,8
2370,2
2371,1
2372,12
2373,2
2374,6
2375,7
2376,0
2377,8
2378,4
2379,12
2380,9
2381,1
2382,4
2383,3
2384,0
2385,10
2386,1
2387,1
2388,1
2389,9
2390,10
2391,2
2392,8
2393,8
2394,11
2395,0
2396,1
2397,10
2398,1
2399,6
2400,1
2401,1
2402,4
2403,12
2404,3
2405,7
2406,12
2407,4
2408,2
2409,2
2410,7
2411,12
2412,2
2413,7
2414,6
2415,3
2416,6
2417,1
2418,2
2419,4
2420,1
2421,4
2422,13
2423,13
2424,0
2425,11
2426,2
2427,2
2428,9
2429,11
2430,6
2431,12
2432,0
2433,11
2434,9
2435,12
2436,8
2437,6
2438,10
2439,1
2440,1
2441,2
2442,7
2443,11
2444,10
2445,8
2446,3
2447,0
2448,1
2449,8
2450,10
2451,1
2452,1
2453,7
2454,8
2455,2
2456,3
2457,1
2458,9
2459,12
2460,8
2461,11
2462,12
2463,9
2464,0
2465,12
2466,4
2467,2
2468,2
2469,0
2470,1
2471,1
2472,2
2473,11
2474,2
2475,12
2476,12
2477,7
2478,7
2479,12
2480,9
2481,5
2482,13
2483,12
2484,4
2485,0
2486,7
2487,9
2488,13
2489,3
2490,2
2491,11
2492,13
2493,13
2494,2
2495,0
2496,4
2497,5
2498,7
2499,6
2500,2
2501,6
2502,13
2503,8
2504,2
2505,1
2506,11
2507,0
2508,2
2509,0
2510,8
2511,4
2512,10
2513,10
2514,4
2515,4
2516,8
2517,2
2518,0
2519,4
2520,8
2521,13
2522,10
2523,0
2524,12
2525,10
2526,12
2527,8
2528,11
2529,2
2530,11
2531,7
2532,8
2533,7
2534,6
2535,2
2536,1
2537,8
2538,12
2539,2
2540,7
2541,3
2542,10
2543,4
2544,11
2545,5
2546,10
2547,4
2548,10
2549,4
2550,1
2551,2
2552,8
2553,7
2554,4
2555,12
2556,3
2557,0
2558,1
2559,1
2560,12
2561,0
2562,2
2563,5
2564,0
2565,4
2566,10
2567,2
2568,2
2569,7
2570,12
2571,7
2572,0
2573,1
2574,3
2575,11
2576,10
2577,10
2578,3
2579,8
2580,6
2581,2
2582,2
2583,7
2584,1
2585,0
2586,12
2587,2
2588,1
2589,7
2590,13
2591,2
2592,6
2593,11
2594,4
2595,12
2596,2
2597,1
2598,1
2599,12
2600,12
2601,12
2602,7
2603,1
2604,7
2605,12
2606,9
2607,11
2608,0
2609,10
2610,13
2611,4
2612,8
2613,0
2614,11
2615,11
2616,11
2617,9
2618,6
2619,12
2620,2
2621,9
2622,11
2623,2
2624,0
2625,1
2626,11
2627,8
2628,11
2629,7
2630,9
2631,3
2632,7
2633,11
2634,12
2635,9
2636,7
2637,0
2638,11
2639,12
2640,8
2641,1
2642,7
2643,11
2644,7
2645,6
2646,4
2647,12
2648,5
2649,1
2650,4
2651,3
2652,7
2653,12
2654,2
2655,1
2656,11
2657,1
2658,0
2659,2
2660,7
2661,0
2662,10
2663,2
2664,6
2665,0
2666,7
2667,11
2668,10
2669,6
2670,11
2671,0
2672,12
2673,7
2674,11
2675,10
2676,7
2677,8
2678,10
2679,8
2680,8
2681,4
2682,5
2683,8
2684,1
2685,0
2686,3
2687,10
2688,13
2689,13
2690,2
2691,6
2692,2
2693,8
2694,11
2695,2
2696,1
2697,7
2698,9
2699,13
2700,11
2701,8
2702,10
2703,0
2704,11
2705,0
2706,12
2707,9
2708,0
2709,6
2710,2
2711,0
2712,0
2713,9
2714,11
2715,10
2716,2
2717,2
2718,11
2719,3
2720,13
2721,0
2722,4
2723,0
2724,8
2725,13
2726,4
2727,11
2728,6
2729,8
2730,8
2731,2
2732,11
2733,4
2734,0
2735,9
2736,6
2737,4
2738,6
2739,2
2740,1
2741,1
2742,4
2743,0
2744,5
2745,2
2746,4
2747,2
2748,3
2749,3
2750,7
2751,7
2752,6
2753,7
2754,0
2755,4
2756,11
2757,0
2758,4
2759,6
2760,11
2761,11
2762,11
2763,3
2764,12
2765,6
2766,6
2767,3
2768,11
2769,13
2770,10
2771,5
2772,10
2773,9
2774,2
2775,1
2776,5
2777,0
2778,4
2779,7
2780,5
2781,4
2782,1
2783,0
2784,1
2785,7
2786,0
2787,2
2788,1
2789,0
2790,12
2791,11
2792,11
2793,4
2794,0
2795,11
2796,6
2797,4
2798,1
2799,9
2800,0
2801,2
2802,11
2803,4
2804,0
2805,3
2806,8
2807,3
2808,1
2809,4
2810,6
2811,1
2812,7
2813,12
2814,12
2815,8
2816,6
2817,11
2818,1
2819,2
2820,3
2821,6
2822,7
2823,11
2824,6
2825,11
2826,6
2827,2
2828,2
2829,7
2830,9
2831,2
2832,2
2833,11
2834,4
2835,13
2836,4
2837,2
2838,6
2839,8
2840,0
2841,9
2842,11
2843,9
2844,1
2845,7
2846,4
2847,7
2848,11
2849,5
2850,10
2851,6
2852,10
2853,9
2854,8
2855,1
2856,7
2857,7
2858,6
2859,1
2860,11
2861,6
2862,8
2863,8
2864,12
2865,4
2866,10
2867,2
2868,4
2869,10
2870,11
2871,8
2872,0
2873,10
2874,2
2875,6
2876,7
2877,4
2878,3
2879,9
2880,5
2881,7
2882,10
2883,12
2884,5
2885,1
2886,11
2887,2
2888,4
2889,1
2890,12
2891,10
2892,4
2893,10
2894,7
2895,6
2896,11
2897,3
2898,2
2899,0
2900,1
2901,2
2902,10
2903,13
2904,13
2905,13
2906,2
2907,6
2908,4
2909,1
2910,6
2911,6
2912,7
2913,11
2914,12
2915,5
2916,8
2917,11
2918,3
2919,3
2920,8
2921,12
2922,11
2923,6
2924,4
2925,0
2926,10
2927,0
2928,7
2929,10
2930,1
2931,3
2932,1
2933,12
2934,11
2935,6
2936,11
2937,10
2938,0
2939,10
2940,9
2941,0
2942,11
2943,12
2944,4
2945,12
2946,11
2947,11
2948,6
2949,6
2950,0
2951,12
2952,4
2953,3
2954,12
2955,0
2956,0
2957,9
2958,0
2959,0
2960,9
2961,7
2962,9
2963,6
2964,11
2965,13
2966,0
2967,8
2968,0
2969,3
2970,12
2971,3
2972,3
2973,6
2974,11
2975,1
2976,9
2977,13
2978,0
2979,6
2980,2
2981,3
2982,10
2983,12
2984,7
2985,13
2986,6
2987,9
2988,2
2989,1
2990,9
2991,2
2992,6
2993,11
2994,11
2995,10
2996,2
2997,11
2998,2
2999,9
3000,0
3001,8
3002,2
3003,6
3004,13
3005,4
3006,6
3007,8
3008,3
3009,9
3010,11
3011,0
3012,1
3013,4
3014,1
3015,3
3016,1
3017,13
3018,2
3019,8
3020,6
3021,13
3022,2
3023,0
3024,10
3025,11
3026,11
3027,9
3028,11
3029,6
3030,6
3031,12
3032,0
3033,2
3034,4
3035,7
3036,2
3037,1
3038,11
3039,2
3040,8
3041,1
3042,12
3043,10
3044,0
3045,2
3046,1
3047,2
3048,8
3049,11
3050,10
3051,12
3052,9
3053,0
3054,1
3055,11
3056,0
3057,0
3058,11
3059,4
3060,1
3061,8
3062,2
3063,9
3064,2
3065,9
3066,2
3067,1
3068,11
3069,10
3070,8
3071,4
3072,12
3073,2
3074,11
3075,1
3076,6
3077,2
3078,0
3079,0
3080,2
3081,11
3082,2
3083,2
3084,3
3085,2
3086,1
3087,12
3088,12
3089,7
3090,4
3091,7
3092,0
3093,12
3094,12
3095,6
3096,0
3097,3
3098,7
3099,1
3100,7
3101,2
3102,1
3103,0
3104,9
3105,2
3106,4
3107,0
3108,3
3109,8
3110,3
3111,10
3112,0
3113,2
3114,4
3115,12
3116,4
3117,11
3118,1
3119,3
3120,2
3121,1
3122,11
3123,8
3124,2
3125,13
3126,13
3127,1
3128,3
3129,3
3130,7
3131,10
3132,11
3133,1
3134,10
3135,8
3136,6
3137,1
3138,9
3139,11
3140,7
3141,0
3142,11
3143,7
3144,1
3145,13
3146,3
3147,4
3148,2
3149,11
3150,12
3151,10
3152,1
3153,7
3154,5
3155,10
3156,6
3157,11
3158,1
3159,10
3160,13
3161,4
3162,11
3163,10
3164,12
3165,9
3166,12
3167,7
3168,10
3169,0
3170,9
3171,4
3172,11
3173,6
3174,11
3175,5
3176,0
3177,11
3178,6
3179,1
3180,12
3181,0
3182,1
3183,1
3184,1
3185,2
3186,2
3187,13
3188,12
3189,4
3190,2
3191,11
3192,6
3193,1
3194,11
3195,10
3196,12
3197,1
3198,2
3199,2
3200,3
3201,9
3202,2
3203,11
3204,1
3205,11
3206,13
3207,12
3208,0
3209,6
3210,11
3211,6
3212,10
3213,12
3214,6
3215,4
3216,12
3217,8
3218,10
3219,0
3220,2
3221,12
3222,13
3223,3
3224,1
3225,11
3226,11
3227,13
3228,0
3229,11
3230,1
3231,0
3232,9
3233,0
3234,7
3235,6
3236,11
3237,10
3238,2
3239,7
3240,11
3241,13
3242,1
3243,2
3244,12
3245,13
3246,8
3247,8
3248,7
3249,11
3250,0
3251,12
3252,1
3253,2
3254,5
3255,8
3256,11
3257,12
3258,6
3259,6
3260,12
3261,4
3262,8
3263,10
3264,1
3265,11
3266,0
3267,1
3268,11
3269,8
3270,12
3271,10
3272,1
3273,12
3274,7
3275,13
3276,6
3277,8
3278,9
3279,12
3280,13
3281,2
3282,8
3283,4
3284,12
3285,8
3286,1
3287,8
3288,13
3289,7
3290,1
3291,8
3292,0
3293,13
3294,13
3295,7
3296,4
3297,2
3298,3
3299,8
3300,1
3301,1
3302,13
3303,12
3304,8
3305,13
3306,10
3307,12
3308,0
3309,11
3310,4
3311,6
3312,0
3313,0
3314,6
3315,13
3316,8
3317,7
3318,9
3319,7
3320,10
3321,11
3322,11
3323,12
3324,13
3325,3
3326,9
3327,0
3328,0
3329,1
3330,2
3331,4
3332,9
3333,12
3334,1
3335,11
3336,11
3337,9
3338,8
3339,12
3340,0
3341,1
3342,4
3343,11
3344,0
3345,11
3346,4
3347,10
3348,9
3349,2
3350,2
3351,3
3352,6
3353,7
3354,12
3355,7
3356,12
3357,0
3358,1
3359,12
3360,1
3361,13
3362,10
3363,12
3364,3
3365,1
3366,2
3367,6
3368,0
3369,0
3370,13
3371,9
3372,1
3373,7
3374,12
3375,4
3376,4
3377,1
3378,1
3379,1
3380,2
3381,6
3382,11
3383,3
3384,1
3385,1
3386,1
3387,2
3388,11
3389,2
3390,10
3391,2
3392,6
3393,2
3394,10
3395,13
3396,9
3397,11
3398,2
3399,10
3400,2
3401,7
3402,2
3403,3
3404,12
3405,13
3406,8
3407,6
3408,12
3409,0
3410,11
3411,10
3412,2
3413,0
3414,2
3415,7
3416,1
3417,9
3418,11
3419,0
3420,2
3421,0
3422,11
3423,0
3424,11
3425,8
3426,13
3427,3
3428,1
3429,8
3430,11
3431,13
3432,8
3433,12
3434,12
3435,12
3436,11
3437,12
3438,11
3439,1
3440,10
3441,4
3442,11
3443,12
3444,1
3445,1
3446,2
3447,10
3448,2
3449,13
3450,12
3451,8
3452,0
3453,4
3454,8
3455,9
3456,8
3457,1
3458,11
3459,10
3460,0
3461,6
3462,11
3463,13
3464,6
3465,1
3466,10
3467,12
3468,7
3469,8
3470,12
3471,2
3472,12
3473,2
3474,0
3475,12
3476,8
3477,4
3478,11
3479,8
3480,4
3481,9
3482,1
3483,3
3484,12
3485,6
3486,1
3487,11
3488,2
3489,9
3490,11
3491,12
3492,1
3493,8
3494,1
3495,7
3496,11
3497,13
3498,9
3499,2
3500,7
3501,0
3502,13
3503,11
3504,8
3505,6
3506,13
3507,0
3508,2
3509,12
3510,13
3511,2
3512,7
3513,11
3514,0
3515,11
3516,3
3517,11
3518,0
3519,10
3520,12
3521,7
3522,10
3523,3
3524,8
3525,11
3526,1
3527,4
3528,7
3529,13
3530,0
3531,13
3532,6
3533,6
3534,9
3535,8
3536,8
3537,3
3538,7
3539,6
3540,13
3541,3
3542,1
3543,8
3544,8
3545,11
3546,10
3547,11
3548,8
3549,1
3550,8
3551,3
3552,8
3553,11
3554,9
3555,7
3556,13
3557,8
3558,7
3559,2
3560,2
3561,11
3562,1
3563,0
3564,12
3565,0
3566,6
3567,11
3568,4
3569,12
3570,8
3571,4
3572,3
3573,7
3574,1
3575,1
3576,9
3577,1
3578,7
3579,1
3580,3
3581,1
3582,1
3583,11
3584,6
3585,7
3586,8
3587,1
3588,5
3589,7
3590,4
3591,11
3592,12
3593,6
3594,3
3595,3
3596,12
3597,1
3598,0
3599,6
3600,11
3601,11
3602,10
3603,0
3604,8
3605,9
3606,0
3607,6
3608,12
3609,1
3610,0
3611,2
3612,1
3613,13
3614,8
3615,0
3616,5
3617,4
3618,11
3619,2
3620,13
3621,4
3622,8
3623,12
3624,3
3625,1
3626,3
3627,10
3628,10
3629,2
3630,13
3631,2
3632,12
3633,9
3634,1
3635,11
3636,8
3637,2
3638,6
3639,1
3640,10
3641,2
3642,4
3643,13
3644,12
3645,7
3646,7
3647,2
3648,1
3649,11
3650,6
3651,10
3652,0
3653,3
3654,10
3655,12
3656,0
3657,13
3658,12
3659,10
3660,1
3661,9
3662,7
3663,2
3664,4
3665,12
3666,7
3667,4
3668,1
3669,12
3670,8
3671,7
3672,5
3673,2
3674,9
3675,2
3676,11
3677,0
3678,7
3679,8
3680,3
3681,5
3682,2
3683,8
3684,3
3685,7
3686,1
3687,1
3688,8
3689,11
3690,10
3691,11
3692,12
3693,12
3694,3
3695,12
3696,9
3697,12
3698,2
3699,12
3700,12
3701,1
3702,4
3703,8
3704,0
3705,0
3706,9
3707,11
3708,10
3709,7
3710,12
3711,13
3712,2
3713,11
3714,12
3715,7
3716,2
3717,6
3718,1
3719,2
3720,6
3721,9
3722,7
3723,3
3724,1
3725,10
3726,2
3727,1
3728,3
3729,3
3730,0
3731,11
3732,3
3733,4
3734,13
3735,7
3736,9
3737,9
3738,7
3739,4
3740,2
3741,1
3742,0
3743,2
3744,1
3745,4
3746,9
3747,11
3748,6
3749,11
3750,1
3751,6
3752,1
3753,2
3754,12
3755,3
3756,9
3757,0
3758,6
3759,12
3760,1
3761,1
3762,3
3763,12
3764,0
3765,6
3766,0
3767,6
3768,12
3769,10
3770,10
3771,4
3772,2
3773,7
3774,8
3775,6
3776,11
3777,7
3778,10
3779,12
3780,6
3781,2
3782,1
3783,12
3784,12
3785,3
3786,2
3787,0
3788,11
3789,8
3790,6
3791,7
3792,7
3793,10
3794,4
3795,10
3796,4
3797,3
3798,6
3799,3
3800,2
3801,3
3802,2
3803,6
3804,9
3805,1
3806,9
3807,11
3808,2
3809,8
3810,8
3811,0
3812,8
3813,9
3814,1
3815,7
3816,1
3817,8
3818,10
3819,11
3820,9
3821,11
3822,9
3823,3
3824,11
3825,1
3826,11
3827,2
3828,13
3829,13
3830,8
3831,11
3832,9
3833,8
3834,6
3835,12
3836,10
3837,6
3838,7
3839,3
3840,1
3841,4
3842,1
3843,7
3844,3
3845,0
3846,10
3847,11
3848,10
3849,2
3850,7
3851,2
3852,12
3853,10
3854,1
3855,5
3856,7
3857,11
3858,12
3859,0
3860,11
3861,1
3862,6
3863,12
3864,3
3865,3
3866,8
3867,2
3868,6
3869,0
3870,11
3871,10
3872,13
3873,2
3874,12
3875,13
3876,13
3877,11
3878,7
3879,11
3880,12
3881,0
3882,11
3883,3
3884,9
3885,10
3886,4
3887,3
3888,13
3889,2
3890,10
3891,2
3892,10
3893,8
3894,9
3895,10
3896,10
3897,11
3898,6
3899,1
3900,2
3901,6
3902,0
3903,2
3904,12
3905,10
3906,10
3907,3
3908,9
3909,11
3910,6
3911,2
3912,6
3913,7
3914,1
3915,8
3916,7
3917,4
3918,0
3919,2
3920,4
3921,9
3922,8
3923,6
3924,1
3925,8
3926,10
3927,8
3928,7
3929,9
3930,12
3931,12
3932,2
3933,8
3934,12
3935,7
3936,4
3937,13
3938,2
3939,2
3940,0
3941,2
3942,13
3943,4
3944,10
3945,2
3946,10
3947,2
3948,0
3949,0
3950,12
3951,8
3952,4
3953,10
3954,12
3955,13
3956,9
3957,6
3958,1
3959,7
3960,12
3961,8
3962,1
3963,6
3964,3
3965,6
3966,13
3967,2
3968,1
3969,13
3970,4
3971,0
3972,11
3973,0
3974,2
3975,2
3976,2
3977,6
3978,4
3979,8
3980,8
3981,6
3982,10
3983,13
3984,2
3985,10
3986,10
3987,4
3988,10
3989,1
3990,10
3991,0
3992,11
3993,9
3994,13
3995,12
3996,2
3997,13
3998,12
3999,3
4000,6
4001,0
4002,8
4003,10
4004,1
4005,6
4006,6
4007,0
4008,10
4009,3
4010,0
4011,11
4012,6
4013,2
4014,6
4015,10
4016,13
4017,11
4018,13
4019,9
4020,6
4021,8
4022,13
4023,11
4024,2
4025,6
4026,7
4027,0
4028,3
4029,11
4030,1
4031,1
4032,0
4033,6
4034,6
4035,4
4036,0
4037,3
4038,0
4039,8
4040,6
4041,8
4042,4
4043,13
4044,7
4045,8
4046,7
4047,9
4048,1
4049,11
4050,3
4051,8
4052,6
4053,8
4054,10
4055,4
4056,11
4057,11
4058,11
4059,2
4060,0
4061,8
4062,1
4063,13
4064,0
4065,4
4066,6
4067,12
4068,8
4069,12
4070,2
4071,8
4072,0
4073,6
4074,8
4075,8
4076,8
4077,2
4078,7
4079,0
4080,11
4081,2
4082,8
4083,10
4084,4
4085,11
4086,8
4087,3
4088,6
4089,0
4090,11
4091,6
4092,9
4093,11
4094,8
4095,11
4096,1
4097,3
4098,11
4099,3
4100,10
4101,7
4102,11
4103,11
4104,13
4105,2
4106,2
4107,5
4108,5
4109,7
4110,13
4111,13
4112,7
4113,8
4114,7
4115,1
4116,1
4117,11
4118,6
4119,2
4120,1
4121,1
4122,2
4123,12
4124,0
4125,5
4126,2
4127,1
4128,2
4129,12
4130,1
4131,10
4132,1
4133,7
4134,10
4135,3
4136,2
4137,1
4138,7
4139,6
4140,8
4141,0
4142,1
4143,3
4144,12
4145,2
4146,1
4147,4
4148,2
4149,5
4150,10
4151,2
4152,2
4153,1
4154,2
4155,13
4156,9
4157,8
4158,0
4159,6
4160,7
4161,11
4162,3
4163,0
4164,8
4165,1
4166,13
4167,5
4168,6
4169,3
4170,1
4171,5
4172,2
4173,11
4174,7
4175,7
4176,7
4177,2
4178,6
4179,11
4180,4
4181,1
4182,13
4183,12
4184,2
4185,13
4186,8
4187,1
4188,2
4189,6
4190,7
4191,12
4192,6
4193,1
4194,1
4195,3
4196,9
4197,1
4198,0
4199,11
4200,4
4201,4
4202,7
4203,12
4204,11
4205,2
4206,1
4207,2
4208,12
4209,4
4210,8
4211,12
4212,11
4213,0
4214,11
4215,0
4216,1
4217,9
4218,12
4219,0
4220,9
4221,5
4222,0
4223,4
4224,3
4225,11
4226,9
4227,4
4228,0
4229,6
4230,6
4231,6
4232,7
4233,4
4234,1
4235,4
4236,2
4237,12
4238,13
4239,11
4240,13
4241,6
4242,10
4243,12
4244,8
4245,8
4246,9
4247,2
4248,1
4249,1
4250,12
4251,10
4252,3
4253,2
4254,12
4255,3
4256,11
4257,0
4258,0
4259,3
4260,1
4261,8
4262,11
4263,6
4264,12
4265,12
4266,11
4267,3
4268,11
4269,11
4270,9
4271,13
4272,8
4273,2
4274,3
4275,1
4276,7
4277,2
4278,2
4279,0
4280,4
4281,12
4282,6
4283,6
4284,1
4285,12
4286,12
4287,12
4288,11
4289,0
4290,1
4291,2
4292,12
4293,11
4294,11
4295,4
4296,12
4297,7
4298,8
4299,4
4300,11
4301,3
4302,8
4303,8
4304,6
4305,1
4306,3
4307,11
4308,1
4309,9
4310,1
4311,13
4312,12
4313,13
4314,3
4315,12
4316,1
4317,3
4318,2
4319,10
4320,6
4321,11
4322,1
4323,11
4324,11
4325,11
4326,13
4327,11
4328,12
4329,13
4330,6
4331,2
4332,0
4333,12
4334,9
4335,5
4336,13
4337,2
4338,3
4339,7
4340,4
4341,10
4342,10
4343,6
4344,11
4345,6
4346,12
4347,6
4348,4
4349,1
4350,12
4351,13
4352,0
4353,12
4354,9
4355,3
4356,10
4357,11
4358,0
4359,10
4360,7
4361,4
4362,5
4363,1
4364,0
4365,2
4366,6
4367,1
4368,10
4369,11
4370,4
4371,9
4372,13
4373,4
4374,11
4375,12
4376,12
4377,8
4378,4
4379,8
4380,8
4381,13
4382,2
4383,1
4384,2
4385,6
4386,0
4387,8
4388,3
4389,3
4390,3
4391,3
4392,2
4393,8
4394,13
4395,4
4396,1
4397,10
4398,9
4399,6
4400,1
4401,13
4402,1
4403,6
4404,1
4405,0
4406,11
4407,11
4408,4
4409,1
4410,6
4411,2
4412,2
4413,13
4414,3
4415,11
4416,0
4417,1
4418,11
4419,2
4420,3
4421,6
4422,1
4423,6
4424,8
4425,10
4426,2
4427,8
4428,8
4429,13
4430,11
4431,10
4432,11
4433,0
4434,1
4435,12
4436,12
4437,11
4438,12
4439,13
4440,7
4441,2
4442,11
4443,1
4444,11
4445,10
4446,5
4447,3
4448,11
4449,8
4450,8
4451,3
4452,11
4453,13
4454,3
4455,3
4456,0
4457,0
4458,2
4459,12
4460,8
4461,7
4462,11
4463,12
4464,9
4465,6
4466,11
4467,2
4468,2
4469,12
4470,12
4471,10
4472,12
4473,2
4474,11
4475,2
4476,6
4477,11
4478,8
4479,0
4480,2
4481,11
4482,1
4483,8
4484,7
4485,7
4486,1
4487,12
4488,0
4489,9
4490,4
4491,0
4492,0
4493,8
4494,8
4495,5
4496,10
4497,2
4498,10
4499,10
4500,0
4501,13
4502,3
4503,4
4504,0
4505,13
4506,5
4507,2
4508,3
4509,7
4510,6
4511,10
4512,7
4513,12
4514,12
4515,0
4516,3
4517,1
4518,11
4519,0
4520,1
4521,7
4522,11
4523,11
4524,10
4525,6
4526,1
4527,1
4528,4
4529,0
4530,1
4531,3
4532,10
4533,13
4534,7
4535,12
4536,12
4537,8
4538,3
4539,7
4540,1
4541,11
4542,10
4543,4
4544,2
4545,8
4546,10
4547,11
4548,2
4549,7
4550,1
4551,5
4552,12
4553,0
4554,2
4555,2
4556,6
4557,7
4558,3
4559,8
4560,4
4561,3
4562,2
4563,3
4564,11
4565,12
4566,8
4567,13
4568,11
4569,7
4570,9
4571,7
4572,1
4573,1
4574,1
4575,2
4576,9
4577,3
4578,1
4579,11
4580,11
4581,2
4582,7
4583,12
4584,5
4585,13
4586,8
4587,2
4588,7
4589,7
4590,3
4591,0
4592,7
4593,3
4594,11
4595,2
4596,1
4597,4
4598,7
4599,11
4600,1
4601,9
4602,7
4603,10
4604,8
4605,11
4606,0
4607,0
4608,11
4609,11
4610,8
4611,12
4612,13
4613,3
4614,1
4615,7
4616,7
4617,4
4618,11
4619,3
4620,10
4621,11
4622,7
4623,12
4624,6
4625,13
4626,2
4627,10
4628,8
4629,6
4630,4
4631,1
4632,2
4633,10
4634,13
4635,13
4636,3
4637,13
4638,12
4639,11
4640,6
4641,6
4642,4
4643,11
4644,4
4645,1
4646,7
4647,10
4648,11
4649,3
4650,0
4651,13
4652,12
4653,2
4654,11
4655,2
4656,12
4657,12
4658,6
4659,6
4660,11
4661,12
4662,0
4663,8
4664,4
4665,12
4666,1
4667,12
4668,2
4669,9
4670,13
4671,13
4672,7
4673,11
4674,0
4675,11
4676,12
4677,1
4678,1
4679,3
4680,13
4681,8
4682,2
4683,3
4684,10
4685,6
4686,6
4687,3
4688,7
4689,12
4690,8
4691,1
4692,8
4693,10
4694,3
4695,3
4696,4
4697,1
4698,4
4699,13
4700,11
4701,2
4702,11
4703,7
4704,1
4705,2
4706,4
4707,13
4708,1
4709,10
4710,6
4711,10
4712,2
4713,10
4714,1
4715,10
4716,12
4717,11
4718,9
4719,0
4720,0
4721,6
4722,12
4723,2
4724,9
4725,1
4726,6
4727,2
4728,0
4729,1
4730,9
4731,10
4732,11
4733,4
4734,3
4735,1
4736,8
4737,9
4738,8
4739,1
4740,9
4741,8
4742,0
4743,4
4744,7
4745,1
4746,6
4747,8
4748,8
4749,12
4750,1
4751,4
4752,13
4753,6
4754,6
4755,6
4756,3
4757,7
4758,0
4759,12
4760,1
4761,9
4762,7
4763,8
4764,12
4765,3
4766,1
4767,3
4768,1
4769,4
4770,7
4771,1
4772,7
4773,1
4774,4
4775,0
4776,3
4777,13
4778,4
4779,1
4780,4
4781,8
4782,5
4783,12
4784,11
4785,0
4786,13
4787,11
4788,10
4789,11
4790,3
4791,11
4792,2
4793,13
4794,7
4795,2
4796,11
4797,4
4798,4
4799,1
4800,2
4801,1
4802,6
4803,11
4804,4
4805,0
4806,9
4807,8
4808,4
4809,0
4810,6
4811,11
4812,0
4813,0
4814,4
4815,12
4816,3
4817,0
4818,0
4819,8
4820,3
4821,4
4822,11
4823,2
4824,2
4825,12
4826,2
4827,7
4828,10
4829,11
4830,1
4831,0
4832,8
4833,1
4834,6
4835,12
4836,4
4837,11
4838,0
4839,2
4840,12
4841,2
4842,12
4843,12
4844,3
4845,4
4846,12
4847,10
4848,11
4849,7
4850,3
4851,13
4852,4
4853,7
4854,12
4855,3
4856,8
4857,0
4858,1
4859,9
4860,7
4861,6
4862,9
4863,4
4864,12
4865,1
4866,6
4867,6
4868,1
4869,1
4870,4
4871,8
4872,8
4873,8
4874,4
4875,6
4876,8
4877,1
4878,6
4879,11
4880,11
4881,1
4882,9
4883,1
4884,7
4885,6
4886,2
4887,3
4888,3
4889,1
4890,11
4891,6
4892,12
4893,13
4894,6
4895,13
4896,11
4897,9
4898,9
4899,13
4900,1
4901,3
4902,1
4903,0
4904,12
4905,6
4906,8
4907,1
4908,9
4909,3
4910,3
4911,12
4912,4
4913,2
4914,3
4915,9
4916,13
4917,12
4918,6
4919,10
4920,3
4921,11
4922,7
4923,0
4924,1
4925,10
4926,11
4927,4
4928,2
4929,1
4930,9
4931,8
4932,7
4933,2
4934,10
4935,0
4936,1
4937,3
4938,6
4939,11
4940,1
4941,12
4942,8
4943,12
4944,1
4945,5
4946,1
4947,6
4948,10
4949,2
4950,0
4951,8
4952,6
4953,8
4954,7
4955,2
4956,9
4957,7
4958,2
4959,4
4960,3
4961,8
4962,7
4963,10
4964,2
4965,11
4966,9
4967,8
4968,12
4969,7
4970,10
4971,2
4972,12
4973,1
4974,11
4975,2
4976,4
4977,10
4978,11
4979,4
4980,2
4981,6
4982,1
4983,8
4984,0
4985,6
4986,1
4987,2
4988,8
4989,10
4990,11
4991,11
4992,5
4993,4
4994,6
4995,3
4996,4
4997,3
4998,11
4999,4
5000,8
5001,0
5002,13
5003,2
5004,7
5005,6
5006,8
5007,10
5008,6
5009,12
5010,10
5011,12
5012,7
5013,8
5014,6
5015,10
5016,1
5017,11
5018,9
5019,12
5020,2
5021,4
5022,2
5023,0
5024,10
5025,10
5026,0
5027,1
5028,11
5029,2
5030,1
5031,2
5032,2
5033,4
5034,9
5035,1
5036,0
5037,1
5038,0
5039,8
5040,6
5041,10
5042,1
5043,13
5044,13
5045,4
5046,2
5047,13
5048,6
5049,13
5050,0
5051,0
5052,2
5053,0
5054,2
5055,11
5056,11
5057,3
5058,1
5059,3
5060,9
5061,6
5062,11
5063,6
5064,8
5065,13
5066,11
5067,0
5068,12
5069,12
5070,1
5071,7
5072,13
5073,7
5074,2
5075,3
5076,2
5077,0
5078,5
5079,10
5080,0
5081,7
5082,7
5083,10
5084,5
5085,12
5086,7
5087,2
5088,10
5089,1
5090,2
5091,6
5092,10
5093,9
5094,9
5095,1
5096,13
5097,1
5098,2
5099,13
5100,7
5101,6
5102,6
5103,13
5104,11
5105,6
5106,6
5107,11
5108,12
5109,1
5110,12
5111,4
5112,9
5113,11
5114,2
5115,1
5116,6
5117,12
5118,0
5119,8
5120,11
5121,6
5122,7
5123,0
5124,3
5125,7
5126,12
5127,0
5128,8
5129,11
5130,0
5131,7
5132,10
5133,13
5134,2
5135,0
5136,1
5137,9
5138,3
5139,6
5140,11
5141,3
5142,12
5143,1
5144,6
5145,13
5146,6
5147,4
5148,3
5149,7
5150,7
5151,8
5152,7
5153,6
5154,11
5155,2
5156,13
5157,8
5158,6
5159,11
5160,3
5161,12
5162,7
5163,8
5164,1
5165,11
5166,2
5167,13
5168,10
5169,1
5170,10
5171,10
5172,2
5173,10
5174,6
5175,13
5176,10
5177,2
5178,3
5179,0
5180,2
5181,10
5182,12
5183,9
5184,1
5185,9
5186,0
5187,1
5188,9
5189,3
5190,1
5191,0
5192,6
5193,1
5194,0
5195,1
5196,10
5197,8
5198,8
5199,3
5200,6
5201,1
5202,2
5203,6
5204,13
5205,9
5206,11
5207,10
5208,10
5209,1
5210,12
5211,11
5212,2
5213,1
5214,2
5215,3
5216,9
5217,6
5218,0
5219,7
5220,5
5221,13
5222,3
5223,10
5224,11
5225,4
5226,2
5227,8
5228,2
5229,13
5230,0
5231,11
5232,9
5233,11
5234,4
5235,6
5236,2
5237,3
5238,11
5239,4
5240,11
5241,10
5242,11
5243,11
5244,4
5245,0
5246,10
5247,4
5248,10
5249,4
5250,7
5251,3
5252,4
5253,3
5254,8
5255,2
5256,2
5257,10
5258,10
5259,2
5260,5
5261,9
5262,8
5263,11
5264,2
5265,7
5266,0
5267,11
5268,7
5269,10
5270,10
5271,2
5272,8
5273,4
5274,3
5275,2
5276,13
5277,6
5278,4
5279,12
5280,2
5281,13
5282,2
5283,2
5284,10
5285,0
5286,9
5287,12
5288,2
5289,2
5290,11
5291,1
5292,1
5293,2
5294,11
5295,9
5296,2
5297,1
5298,6
5299,7
5300,12
5301,13
5302,2
5303,4
5304,1
5305,11
5306,9
5307,8
5308,3
5309,11
5310,2
5311,6
5312,3
5313,1
5314,2
5315,10
5316,9
5317,0
5318,10
5319,11
5320,4
5321,2
5322,1
5323,0
5324,8
5325,7
5326,2
5327,8
5328,10
5329,6
5330,1
5331,11
5332,10
5333,12
5334,4
5335,13
5336,10
5337,1
5338,13
5339,10
5340,8
5341,4
5342,1
5343,7
5344,9
5345,10
5346,11
5347,8
5348,4
5349,10
5350,6
5351,10
5352,1
5353,3
5354,8
5355,2
5356,12
5357,12
5358,9
5359,2
5360,6
5361,7
5362,3
5363,4
5364,4
5365,6
5366,6
5367,2
5368,0
5369,6
5370,7
5371,2
5372,7
5373,11
5374,2
5375,0
5376,7
5377,11
5378,2
5379,11
5380,3
5381,7
5382,12
5383,4
5384,13
5385,13
5386,4
5387,11
5388,4
5389,8
5390,12
5391,6
5392,2
5393,10
5394,11
5395,8
5396,8
5397,10
5398,1
5399,1
5400,12
5401,7
5402,1
5403,0
5404,2
5405,6
5406,2
5407,13
5408,3
5409,10
5410,6
5411,8
5412,7
5413,12
5414,7
5415,1
5416,7
5417,8
5418,11
5419,10
5420,7
5421,9
5422,13
5423,1
5424,7
5425,10
5426,4
5427,9
5428,7
5429,1
5430,12
5431,2
5432,1
5433,6
5434,11
5435,11
5436,1
5437,1
5438,0
5439,13
5440,12
5441,11
5442,3
5443,10
5444,11
5445,13
5446,9
5447,1
5448,4
5449,11
5450,11
5451,8
5452,6
5453,9
5454,7
5455,7
5456,1
5457,6
5458,8
5459,8
5460,12
5461,12
5462,10
5463,2
5464,1
5465,4
5466,13
5467,3
5468,4
5469,4
5470,5
5471,11
5472,2
5473,11
5474,1
5475,4
5476,4
5477,1
5478,9
5479,9
5480,0
5481,7
5482,1
5483,1
5484,12
5485,11
5486,11
5487,12
5488,11
5489,1
5490,5
5491,7
5492,8
5493,5
5494,6
5495,6
5496,2
5497,0
5498,7
5499,11
5500,1
5501,12
5502,11
5503,13
5504,10
5505,2
5506,8
5507,10
5508,4
5509,3
5510,1
5511,0
5512,2
5513,12
5514,12
5515,1
5516,11
5517,11
5518,6
5519,1
5520,9
5521,2
5522,9
5523,11
5524,8
5525,1
5526,2
5527,6
5528,12
5529,7
5530,8
5531,8
5532,6
5533,10
5534,8
5535,6
5536,1
5537,13
5538,11
5539,9
5540,8
5541,11
5542,4
5543,13
5544,2
5545,2
5546,10
5547,13
5548,3
5549,13
5550,10
5551,3
5552,9
5553,6
5554,2
5555,2
5556,2
5557,10
5558,8
5559,2
5560,11
5561,9
5562,1
5563,9
5564,7
5565,3
5566,3
5567,0
5568,10
5569,6
5570,10
5571,0
5572,3
5573,6
5574,3
5575,2
5576,6
5577,11
5578,0
5579,7
5580,6
5581,9
5582,7
5583,1
5584,12
5585,11
5586,4
5587,9
5588,11
5589,12
5590,6
5591,11
5592,0
5593,10
5594,2
5595,6
5596,13
5597,9
5598,12
5599,6
5600,4
5601,11
5602,2
5603,13
5604,1
5605,7
5606,7
5607,13
5608,8
5609,1
5610,1
5611,12
5612,0
5613,2
5614,4
5615,1
5616,10
5617,11
5618,9
5619,3
5620,11
5621,0
5622,0
5623,10
5624,2
5625,8
5626,3
5627,12
5628,2
5629,1
5630,13
5631,11
5632,0
5633,7
5634,2
5635,2
5636,6
5637,0
5638,1
5639,7
5640,10
5641,6
5642,3
5643,3
5644,6
5645,4
5646,0
5647,10
5648,4
5649,0
5650,8
5651,3
5652,3
5653,8
5654,0
5655,6
5656,3
5657,0
5658,6
5659,0
5660,7
5661,6
5662,1
5663,8
5664,8
5665,0
5666,2
5667,2
5668,10
5669,2
5670,7
5671,10
5672,11
5673,8
5674,1
5675,4
5676,11
5677,1
5678,4
5679,8
5680,10
5681,12
5682,3
5683,9
5684,4
5685,7
5686,1
5687,1
5688,3
5689,13
5690,1
5691,8
5692,13
5693,7
5694,11
5695,2
5696,4
5697,4
5698,4
5699,7
5700,8
5701,4
5702,3
5703,1
5704,6
5705,0
5706,4
5707,11
5708,6
5709,11
5710,6
5711,3
5712,12
5713,4
5714,6
5715,6
5716,0
5717,2
5718,12
5719,11
5720,4
5721,0
5722,2
5723,11
5724,6
5725,1
5726,11
5727,11
5728,0
5729,9
5730,3
5731,0
5732,9
5733,6
5734,0
5735,13
5736,11
5737,11
5738,11
5739,4
5740,8
5741,5
5742,6
5743,0
5744,11
5745,2
5746,2
5747,1
5748,2
5749,5
5750,2
5751,0
5752,6
5753,11
5754,12
5755,2
5756,1
5757,7
5758,12
5759,7
5760,1
5761,8
5762,1
5763,10
5764,2
5765,13
5766,12
5767,10
5768,3
5769,4
5770,4
5771,1
5772,2
5773,0
5774,11
5775,0
5776,6
5777,6
5778,12
5779,11
5780,1
5781,11
5782,10
5783,0
5784,7
5785,10
5786,11
5787,11
5788,12
5789,10
5790,2
5791,0
5792,8
5793,0
5794,12
5795,10
5796,3
5797,11
5798,2
5799,1
5800,2
5801,8
5802,11
5803,0
5804,6
5805,7
5806,3
5807,0
5808,0
5809,0
5810,9
5811,11
5812,2
5813,9
5814,11
5815,7
5816,10
5817,11
5818,11
5819,6
5820,2
5821,11
5822,10
5823,12
5824,3
5825,9
5826,1
5827,12
5828,6
5829,13
5830,0
5831,2
5832,12
5833,0
5834,0
5835,11
5836,10
5837,7
5838,0
5839,0
5840,0
5841,13
5842,2
5843,3
5844,7
5845,11
5846,7
5847,8
5848,9
5849,3
5850,9
5851,10
5852,11
5853,8
5854,1
5855,11
5856,8
5857,11
5858,0
5859,13
5860,2
5861,3
5862,6
5863,7
5864,1
5865,11
5866,13
5867,13
5868,11
5869,8
5870,1
5871,0
5872,2
5873,7
5874,10
5875,8
5876,6
5877,8
5878,9
5879,6
5880,0
5881,3
5882,4
5883,2
5884,3
5885,11
5886,0
5887,10
5888,6
5889,2
5890,10
5891,13
5892,4
5893,1
5894,11
5895,6
5896,4
5897,1
5898,12
5899,6
5900,2
5901,11
5902,1
5903,3
5904,7
5905,6
5906,10
5907,13
5908,11
5909,2
5910,0
5911,12
5912,1
5913,2
5914,1
5915,7
5916,2
5917,11
5918,9
5919,12
5920,8
5921,7
5922,8
5923,1
5924,0
5925,8
5926,8
5927,5
5928,1
5929,0
5930,12
5931,10
5932,7
5933,0
5934,1
5935,4
5936,2
5937,8
5938,0
5939,8
5940,11
5941,0
5942,2
5943,1
5944,13
5945,9
5946,10
5947,8
5948,13
5949,0
5950,13
5951,2
5952,8
5953,2
5954,6
5955,6
5956,4
5957,7
5958,10
5959,5
5960,12
5961,13
5962,1
5963,3
5964,0
5965,1
5966,8
5967,2
5968,5
5969,7
5970,11
5971,0
5972,3
5973,8
5974,2
5975,2
5976,2
5977,10
5978,10
5979,2
5980,10
5981,8
5982,13
5983,8
5984,13
5985,2
5986,8
5987,12
5988,4
5989,4
5990,2
5991,8
5992,12
5993,11
5994,4
5995,13
5996,7
5997,2
5998,12
5999,11
6000,3
6001,7
6002,8
6003,3
6004,12
6005,11
6006,12
6007,12
6008,0
6009,9
6010,11
6011,8
6012,2
6013,1
6014,10
6015,12
6016,13
6017,12
6018,10
6019,13
6020,7
6021,7
6022,7
6023,6
6024,2
6025,3
6026,12
6027,3
6028,13
6029,4
6030,7
6031,7
6032,2
6033,6
6034,6
6035,2
6036,10
6037,10
6038,1
6039,4
6040,0
6041,11
6042,7
6043,9
6044,1
6045,0
6046,11
6047,1
6048,0
6049,9
6050,12
6051,12
6052,11
6053,5
6054,2
6055,0
6056,9
6057,3
6058,10
6059,11
6060,1
6061,10
6062,3
6063,4
6064,3
6065,1
6066,0
6067,7
6068,4
6069,0
6070,0
6071,3
6072,0
6073,8
6074,0
6075,11
6076,3
6077,0
6078,0
6079,3
6080,9
6081,7
6082,9
6083,11
6084,7
6085,13
6086,0
6087,2
6088,10
6089,11
6090,0
6091,3
6092,7
6093,2
6094,8
6095,10
6096,5
6097,13
6098,4
6099,13
6100,0
6101,13
6102,8
6103,7
6104,12
6105,11
6106,9
6107,3
6108,8
6109,6
6110,12
6111,10
6112,11
6113,9
6114,4
6115,11
6116,4
6117,3
6118,0
6119,4
6120,1
6121,3
6122,12
6123,11
6124,2
6125,11
6126,12
6127,7
6128,1
6129,11
6130,4
6131,11
6132,13
6133,7
6134,0
6135,7
6136,7
6137,12
6138,0
6139,12
6140,6
6141,4
6142,6
6143,4
6144,13
6145,0
6146,13
6147,7
6148,7
6149,7
6150,0
6151,8
6152,7
6153,7
6154,2
6155,7
6156,1
6157,13
6158,12
6159,11
6160,11
6161,11
6162,11
6163,11
6164,6
6165,0
6166,8
6167,11
6168,1
6169,7
6170,7
6171,8
6172,2
6173,8
6174,8
6175,4
6176,4
6177,9
6178,13
6179,9
6180,10
6181,7
6182,4
6183,1
6184,0
6185,2
6186,0
6187,0
6188,9
6189,7
6190,3
6191,13
6192,0
6193,8
6194,1
6195,8
6196,9
6197,12
6198,2
6199,4
6200,1
6201,8
6202,12
6203,2
6204,2
6205,0
6206,3
6207,12
6208,0
6209,10
6210,7
6211,13
6212,0
6213,13
6214,11
6215,12
6216,10
6217,12
6218,0
6219,2
6220,8
6221,12
6222,4
6223,12
6224,7
6225,6
6226,7
6227,9
6228,9
6229,4
6230,7
6231,11
6232,0
6233,2
6234,0
6235,2
6236,6
6237,8
6238,4
6239,4
6240,1
6241,2
6242,12
6243,9
6244,0
6245,8
6246,2
6247,3
6248,3
6249,9
6250,0
6251,12
6252,3
6253,11
6254,6
6255,2
6256,9
6257,10
6258,7
6259,7
6260,12
6261,8
6262,10
6263,1
6264,13
6265,4
6266,2
6267,10
6268,6
6269,8
6270,7
6271,2
6272,0
6273,12
6274,1
6275,3
6276,8
6277,11
6278,7
6279,0
6280,7
6281,9
6282,10
6283,2
6284,13
6285,9
6286,1
6287,6
6288,3
6289,9
6290,7
6291,2
6292,12
6293,11
6294,0
6295,2
6296,11
6297,2
6298,12
6299,0
6300,4
6301,12
6302,13
6303,0
6304,0
6305,12
6306,2
6307,8
6308,1
6309,1
6310,9
6311,13
6312,10
6313,7
6314,3
6315,12
6316,9
6317,3
6318,5
6319,10
6320,6
6321,13
6322,10
6323,7
6324,2
6325,8
6326,3
6327,0
6328,2
6329,4
6330,7
6331,11
6332,8
6333,12
6334,2
6335,0
6336,6
6337,11
6338,1
6339,0
6340,7
6341,2
6342,4
6343,2
6344,4
6345,1
6346,13
6347,0
6348,0
6349,7
6350,2
6351,2
6352,4
6353,13
6354,12
6355,0
6356,6
6357,11
6358,11
6359,3
6360,11
6361,0
6362,1
6363,2
6364,2
6365,11
6366,1
6367,10
6368,9
6369,7
6370,12
6371,0
6372,6
6373,3
6374,4
6375,10
6376,1
6377,4
6378,8
6379,10
6380,6
6381,7
6382,0
6383,13
6384,1
6385,12
6386,2
6387,8
6388,8
6389,0
6390,12
6391,2
6392,8
6393,3
6394,0
6395,1
6396,3
6397,13
6398,0
6399,6
6400,7
6401,7
6402,7
6403,4
6404,11
6405,2
6406,9
6407,3
6408,2
6409,2
6410,3
6411,8
6412,9
6413,11
6414,1
6415,6
6416,4
6417,7
6418,1
6419,3
6420,11
6421,7
6422,6
6423,6
6424,13
6425,10
6426,4
6427,12
6428,2
6429,11
6430,6
6431,7
6432,8
6433,6
6434,2
6435,2
6436,1
6437,11
6438,12
6439,0
6440,6
6441,10
6442,7
6443,1
6444,9
6445,11
6446,2
6447,0
6448,10
6449,7
6450,11
6451,0
6452,6
6453,1
6454,5
6455,6
6456,8
6457,4
6458,9
6459,11
6460,7
6461,1
6462,11
6463,12
6464,9
6465,1
6466,7
6467,8
6468,13
6469,0
6470,1
6471,3
6472,10
6473,0
6474,12
6475,6
6476,3
6477,0
6478,4
6479,4
6480,12
6481,5
6482,6
6483,1
6484,12
6485,4
6486,1
6487,4
6488,2
6489,1
6490,11
6491,12
6492,0
6493,11
6494,7
6495,0
6496,8
6497,11
6498,7
6499,10
6500,7
6501,6
6502,10
6503,8
6504,1
6505,2
6506,3
6507,8
6508,2
6509,8
6510,3
6511,13
6512,1
6513,9
6514,1
6515,2
6516,8
6517,5
6518,11
6519,8
6520,2
6521,3
6522,0
6523,4
6524,6
6525,13
6526,11
6527,11
6528,9
6529,1
6530,1
6531,10
6532,5
6533,6
6534,1
6535,12
6536,4
6537,10
6538,11
6539,10
6540,12
6541,8
6542,1
6543,0
6544,1
6545,13
6546,1
6547,1
6548,4
6549,10
6550,1
6551,0
6552,2
6553,9
6554,2
6555,10
6556,2
6557,11
6558,0
6559,6
6560,8
6561,8
6562,12
6563,2
6564,13
6565,0
6566,10
6567,11
6568,7
6569,6
6570,2
6571,0
6572,8
6573,2
6574,3
6575,6
6576,9
6577,4
6578,13
6579,7
6580,4
6581,4
6582,2
6583,12
6584,5
6585,10
6586,0
6587,2
6588,2
6589,8
6590,6
6591,4
6592,1
6593,13
6594,11
6595,7
6596,12
6597,11
6598,8
6599,8
6600,0
6601,1
6602,0
6603,1
6604,9
6605,12
6606,2
6607,3
6608,9
6609,10
6610,9
6611,12
6612,2
6613,7
6614,3
6615,11
6616,7
6617,11
6618,8
6619,6
6620,11
6621,12
6622,7
6623,2
6624,3
6625,10
6626,10
6627,1
6628,0
6629,8
6630,7
6631,7
6632,1
6633,9
6634,1
6635,4
6636,1
6637,11
6638,1
6639,8
6640,10
6641,4
6642,0
6643,4
6644,6
6645,9
6646,0
6647,9
6648,3
6649,8
6650,9
6651,9
6652,11
6653,6
6654,9
6655,6
6656,4
6657,8
6658,4
6659,12
6660,1
6661,10
6662,11
6663,3
6664,4
6665,7
6666,1
6667,11
6668,7
6669,6
6670,7
6671,8
6672,4
6673,2
6674,11
6675,11
6676,3
6677,1
6678,1
6679,9
6680,11
6681,1
6682,8
6683,4
6684,4
6685,4
6686,13
6687,4
6688,5
6689,0
6690,3
6691,10
6692,4
6693,12
6694,10
6695,11
6696,4
6697,10
6698,9
6699,3
6700,11
6701,9
6702,0
6703,1
6704,5
6705,11
6706,7
6707,12
6708,3
6709,3
6710,12
6711,4
6712,8
6713,8
6714,12
6715,11
6716,11
6717,3
6718,12
6719,6
6720,5
6721,7
6722,4
6723,11
6724,11
6725,3
6726,8
6727,12
6728,1
6729,1
6730,6
6731,4
6732,10
6733,4
6734,1
6735,8
6736,7
6737,11
6738,12
6739,0
6740,7
6741,8
6742,8
6743,1
6744,3
6745,0
6746,10
6747,0
6748,8
6749,9
6750,11
6751,7
6752,12
6753,8
6754,1
6755,12
6756,0
6757,4
6758,3
6759,10
6760,4
6761,10
6762,9
6763,4
6764,7
6765,12
6766,8
6767,1
6768,12
6769,3
6770,10
6771,3
6772,2
6773,7
6774,0
6775,11
6776,12
6777,7
6778,6
6779,4
6780,0
6781,1
6782,2
6783,2
6784,6
6785,12
6786,3
6787,6
6788,4
6789,1
6790,11
6791,2
6792,4
6793,11
6794,8
6795,7
6796,2
6797,8
6798,11
6799,0
6800,5
6801,4
6802,6
6803,11
6804,8
6805,0
6806,10
6807,7
6808,1
6809,7
6810,4
6811,11
6812,3
6813,2
6814,1
6815,1
6816,0
6817,1
6818,9
6819,1
6820,3
6821,13
6822,3
6823,2
6824,0
6825,6
6826,12
6827,0
6828,2
6829,2
6830,5
6831,1
6832,0
6833,0
6834,3
6835,8
6836,0
6837,12
6838,0
6839,1
6840,6
6841,8
6842,1
6843,9
6844,13
6845,0
6846,1
6847,2
6848,12
6849,6
6850,13
6851,8
6852,8
6853,2
6854,2
6855,10
6856,2
6857,12
6858,12
6859,1
6860,2
6861,11
6862,12
6863,2
6864,0
6865,1
6866,13
6867,7
6868,4
6869,4
6870,13
6871,2
6872,8
6873,2
6874,2
6875,3
6876,3
6877,1
6878,13
6879,6
6880,0
6881,2
6882,6
6883,3
6884,10
6885,10
6886,7
6887,4
6888,11
6889,2
6890,2
6891,6
6892,6
6893,2
6894,13
6895,13
6896,2
6897,7
6898,2
6899,4
6900,9
6901,1
6902,13
6903,10
6904,2
6905,2
6906,2
6907,8
6908,2
6909,7
6910,1
6911,0
6912,2
6913,10
6914,11
6915,2
6916,10
6917,4
6918,12
6919,12
6920,3
6921,1
6922,10
6923,1
6924,11
6925,3
6926,1
6927,0
6928,10
6929,1
6930,0
6931,10
6932,9
6933,13
6934,9
6935,3
6936,11
6937,8
6938,4
6939,11
6940,8
6941,0
6942,2
6943,2
6944,3
6945,8
6946,3
6947,5
6948,1
6949,8
6950,0
6951,2
6952,0
6953,3
6954,3
6955,12
6956,1
6957,0
6958,0
6959,11
6960,7
6961,0
6962,8
6963,2
6964,9
6965,4
6966,13
6967,13
6968,0
6969,3
6970,2
6971,2
6972,6
6973,13
6974,11
6975,12
6976,2
6977,2
6978,11
6979,1
6980,0
6981,12
6982,4
6983,13
6984,11
6985,6
6986,0
6987,4
6988,7
6989,4
6990,7
6991,12
6992,0
6993,7
6994,6
6995,9
6996,10
6997,10
6998,2
6999,2
7000,13
7001,0
7002,8
7003,6
7004,6
7005,4
7006,2
7007,6
7008,2
7009,10
7010,5
7011,6
7012,12
7013,4
7014,7
7015,11
7016,9
7017,5
7018,0
7019,12
7020,13
7021,11
7022,3
7023,6
7024,13
7025,12
7026,8
7027,10
7028,8
7029,1
7030,10
7031,12
7032,12
7033,1
7034,0
7035,0
7036,6
7037,6
7038,6
7039,4
7040,0
7041,11
7042,2
7043,3
7044,1
7045,6
7046,10
7047,5
7048,8
7049,3
7050,12
7051,1
7052,3
7053,12
7054,0
7055,13
7056,1
7057,7
7058,8
7059,13
7060,1
7061,7
7062,2
7063,9
7064,6
7065,3
7066,2
7067,3
7068,10
7069,8
7070,0
7071,8
7072,9
7073,10
7074,11
7075,12
7076,0
7077,0
7078,7
7079,2
7080,11
7081,12
7082,11
7083,0
7084,12
7085,2
7086,10
7087,1
7088,12
7089,8
7090,1
7091,9
7092,10
7093,1
7094,0
7095,0
7096,0
7097,7
7098,0
7099,0
7100,7
7101,12
7102,11
7103,4
7104,2
7105,10
7106,1
7107,0
7108,4
7109,12
7110,9
7111,12
7112,4
7113,7
7114,10
7115,13
7116,2
7117,9
7118,9
7119,1
7120,8
7121,3
7122,3
7123,10
7124,7
7125,3
7126,1
7127,10
7128,7
7129,2
7130,11
7131,1
7132,1
7133,10
7134,8
7135,7
7136,0
7137,9
7138,4
7139,12
7140,2
7141,1
7142,10
7143,9
7144,2
7145,12
7146,1
7147,6
7148,0
7149,4
7150,13
7151,6
7152,6
7153,12
7154,13
7155,0
7156,12
7157,11
7158,1
7159,12
7160,12
7161,6
7162,6
7163,8
7164,7
7165,8
7166,10
7167,0
7168,7
7169,12
7170,12
7171,12
7172,2
7173,4
7174,11
7175,10
7176,13
7177,11
7178,8
7179,2
7180,3
7181,3
7182,3
7183,9
7184,2
7185,12
7186,0
7187,11
7188,0
7189,11
7190,0
7191,5
7192,11
7193,8
7194,12
7195,11
7196,12
7197,6
7198,4
7199,6
7200,4
7201,6
7202,7
7203,4
7204,11
7205,7
7206,4
7207,0
7208,0
7209,0
7210,13
7211,4
7212,10
7213,2
7214,4
7215,3
7216,6
7217,12
7218,5
7219,1
7220,11
7221,6
7222,7
7223,13
7224,1
7225,0
7226,11
7227,2
7228,0
7229,9
7230,11
7231,10
7232,9
7233,0
7234,8
7235,3
7236,11
7237,1
7238,11
7239,2
7240,13
7241,1
7242,8
7243,2
7244,12
7245,12
7246,2
7247,11
7248,11
7249,12
7250,8
7251,6
7252,13
7253,2
7254,10
7255,8
7256,4
7257,8
7258,1
7259,10
7260,11
7261,0
7262,0
7263,4
7264,2
7265,8
7266,1
7267,10
7268,9
7269,11
7270,1
7271,10
7272,7
7273,9
7274,10
7275,11
7276,2
7277,10
7278,11
7279,3
7280,4
7281,1
7282,13
7283,12
7284,11
7285,10
7286,11
7287,1
7288,11
7289,11
7290,11
7291,6
7292,7
7293,1
7294,11
7295,2
7296,4
7297,6
7298,4
7299,7
7300,4
7301,13
7302,8
7303,1
7304,7
7305,13
7306,10
7307,6
7308,7
7309,1
7310,2
7311,12
7312,8
7313,3
7314,9
7315,1
7316,2
7317,8
7318,2
7319,12
7320,5
7321,1
7322,11
7323,1
7324,5
7325,1
7326,11
7327,12
7328,11
7329,8
7330,1
7331,4
7332,10
7333,8
7334,13
7335,8
7336,6
7337,7
7338,12
7339,5
7340,6
7341,13
7342,1
7343,1
7344,1
7345,6
7346,11
7347,11
7348,10
7349,1
7350,12
7351,2
7352,8
7353,4
7354,7
7355,8
7356,8
7357,12
7358,7
7359,1
7360,2
7361,0
7362,9
7363,1
7364,2
7365,12
7366,0
7367,2
7368,9
7369,10
7370,13
7371,8
7372,8
7373,7
7374,3
7375,2
7376,13
7377,1
7378,6
7379,2
7380,0
7381,12
7382,1
7383,13
7384,8
7385,2
7386,8
7387,10
7388,2
7389,1
7390,12
7391,6
7392,9
7393,8
7394,4
7395,13
7396,10
7397,0
7398,8
7399,11
7400,6
7401,8
7402,0
7403,7
7404,1
7405,0
7406,4
7407,4
7408,11
7409,8
7410,12
7411,7
7412,8
7413,0
7414,12
7415,4
7416,2
7417,6
7418,10
7419,1
7420,7
7421,4
7422,11
7423,9
7424,13
7425,0
7426,8
7427,2
7428,7
7429,2
7430,12
7431,5
7432,12
7433,11
7434,1
7435,3
7436,6
7437,3
7438,10
7439,4
7440,10
7441,2
7442,11
7443,0
7444,10
7445,13
7446,6
7447,2
7448,4
7449,8
7450,1
7451,10
7452,4
7453,13
7454,3
7455,13
7456,1
7457,3
7458,0
7459,11
7460,11
7461,8
7462,2
7463,6
7464,6
7465,12
7466,11
7467,2
7468,11
7469,8
7470,3
7471,1
7472,1
7473,11
7474,11
7475,2
7476,5
7477,1
7478,10
7479,6
7480,6
7481,0
7482,8
7483,8
7484,4
7485,3
7486,2
7487,6
7488,6
7489,2
7490,3
7491,12
7492,11
7493,0
7494,10
7495,4
7496,2
7497,9
7498,10
7499,9
7500,10
7501,6
7502,7
7503,2
7504,4
7505,0
7506,4
7507,3
7508,1
7509,4
7510,0
7511,11
7512,2
7513,10
7514,1
7515,6
7516,5
7517,2
7518,12
7519,12
7520,4
7521,13
7522,8
7523,1
7524,10
7525,8
7526,3
7527,0
7528,3
7529,6
7530,6
7531,8
7532,6
7533,2
7534,2
7535,4
7536,0
7537,2
7538,11
7539,13
7540,7
7541,2
7542,2
7543,10
7544,8
7545,5
7546,0
7547,3
7548,7
7549,8
7550,6
7551,12
7552,8
7553,7
7554,7
7555,8
7556,11
7557,1
7558,4
7559,11
7560,3
7561,9
7562,6
7563,0
7564,2
7565,6
7566,3
7567,0
7568,6
7569,12
7570,1
7571,2
7572,10
7573,7
7574,8
7575,12
7576,4
7577,7
7578,1
7579,0
7580,11
7581,3
7582,12
7583,1
7584,12
7585,3
7586,10
7587,11
7588,1
7589,4
7590,8
7591,7
7592,13
7593,0
7594,4
7595,10
7596,1
7597,10
7598,5
7599,1
7600,11
7601,4
7602,11
7603,10
7604,2
7605,6
7606,2
7607,3
7608,6
7609,7
7610,3
7611,4
7612,13
7613,13
7614,2
7615,4
7616,2
7617,1
7618,2
7619,0
7620,11
7621,5
7622,1
7623,11
7624,1
7625,4
7626,7
7627,7
7628,7
7629,1
7630,6
7631,0
7632,2
7633,9
7634,4
7635,12
7636,8
7637,11
7638,10
7639,10
7640,7
7641,6
7642,4
7643,7
7644,6
7645,0
7646,8
7647,8
7648,9
7649,3
7650,13
7651,1
7652,1
7653,10
7654,13
7655,3
7656,11
7657,11
7658,13
7659,0
7660,1
7661,0
7662,6
7663,11
7664,1
7665,10
7666,1
7667,12
7668,1
7669,6
7670,0
7671,6
7672,13
7673,4
7674,4
7675,6
7676,1
7677,10
7678,10
7679,0
7680,11
7681,6
7682,1
7683,1
7684,11
7685,11
7686,9
7687,2
7688,0
7689,13
7690,13
7691,2
7692,1
7693,2
7694,2
7695,6
7696,2
7697,13
7698,7
7699,11
7700,7
7701,8
7702,11
7703,6
7704,2
7705,0
7706,8
7707,1
7708,11
7709,8
7710,6
7711,12
7712,11
7713,8
7714,8
7715,11
7716,2
7717,6
7718,11
7719,11
7720,1
7721,11
7722,0
7723,3
7724,11
7725,10
7726,0
7727,8
7728,11
7729,2
7730,1
7731,13
7732,5
7733,0
7734,6
7735,4
7736,3
7737,6
7738,10
7739,10
7740,1
7741,5
7742,0
7743,1
7744,11
7745,12
7746,1
7747,0
7748,4
7749,12
7750,12
7751,2
7752,9
7753,5
7754,3
7755,9
7756,12
7757,6
7758,4
7759,0
7760,11
7761,3
7762,12
7763,11
7764,11
7765,2
7766,0
7767,12
7768,8
7769,0
7770,11
7771,2
7772,8
7773,2
7774,8
7775,0
7776,1
7777,8
7778,8
7779,12
7780,11
7781,0
7782,3
7783,0
7784,10
7785,11
7786,3
7787,7
7788,13
7789,1
7790,2
7791,12
7792,7
7793,0
7794,11
7795,12
7796,11
7797,2
7798,8
7799,0
7800,7
7801,2
7802,6
7803,1
7804,0
7805,2
7806,2
7807,7
7808,5
7809,13
7810,7
7811,13
7812,0
7813,8
7814,10
7815,0
7816,4
7817,8
7818,0
7819,7
7820,8
7821,7
7822,6
7823,11
7824,3
7825,11
7826,7
7827,4
7828,10
7829,2
7830,8
7831,0
7832,6
7833,9
7834,1
7835,11
7836,11
7837,13
7838,2
7839,11
7840,12
7841,1
7842,2
7843,0
7844,11
7845,4
7846,11
7847,6
7848,9
7849,6
7850,7
7851,12
7852,2
7853,10
7854,6
7855,12
7856,0
7857,8
7858,10
7859,6
7860,7
7861,1
7862,1
7863,2
7864,0
7865,7
7866,11
7867,1
7868,2
7869,8
7870,11
7871,2
7872,8
7873,12
7874,8
7875,2
7876,10
7877,2
7878,7
7879,10
7880,3
7881,1
7882,6
7883,1
7884,1
7885,8
7886,1
7887,11
7888,11
7889,11
7890,6
7891,3
7892,12
7893,6
7894,11
7895,9
7896,11
7897,11
7898,6
7899,12
7900,10
7901,2
7902,7
7903,11
7904,2
7905,3
7906,11
7907,2
7908,5
7909,2
7910,1
7911,2
7912,2
7913,7
7914,1
7915,13
7916,9
7917,1
7918,1
7919,6
7920,6
7921,7
7922,7
7923,8
7924,11
7925,0
7926,7
7927,2
7928,11
7929,8
7930,0
7931,11
7932,8
7933,7
7934,2
7935,11
7936,5
7937,7
7938,2
7939,6
7940,2
7941,2
7942,6
7943,12
7944,1
7945,0
7946,6
7947,7
7948,8
7949,0
7950,12
7951,0
7952,7
7953,8
7954,0
7955,7
7956,4
7957,0
7958,11
7959,11
7960,0
7961,0
7962,8
7963,2
7964,11
7965,12
7966,9
7967,0
7968,7
7969,7
7970,2
7971,12
7972,9
7973,7
7974,10
7975,3
7976,7
7977,11
7978,3
7979,10
7980,5
7981,13
7982,1
7983,11
7984,4
7985,12
7986,8
7987,8
7988,11
7989,8
7990,6
7991,0
7992,6
7993,12
7994,11
7995,11
7996,11
7997,0
7998,13
7999,12
8000,2
8001,3
8002,0
8003,11
8004,8
8005,9
8006,6
8007,8
8008,1
8009,11
8010,7
8011,9
8012,13
8013,6
8014,11
8015,5
8016,12
8017,4
8018,4
8019,4
8020,4
8021,1
8022,3
8023,11
8024,0
8025,0
8026,10
8027,4
8028,1
8029,13
8030,13
8031,10
8032,12
8033,6
8034,13
8035,12
8036,8
8037,8
8038,8
8039,0
8040,2
8041,11
8042,1
8043,11
8044,11
8045,3
8046,1
8047,8
8048,3
8049,11
8050,1
8051,12
8052,0
8053,9
8054,8
8055,11
8056,11
8057,11
8058,11
8059,0
8060,1
8061,12
8062,10
8063,3
8064,4
8065,4
8066,10
8067,12
8068,10
8069,12
8070,9
8071,7
8072,1
8073,2
8074,0
8075,6
8076,12
8077,3
8078,0
8079,7
8080,0
8081,0
8082,0
8083,1
8084,0
8085,7
8086,1
8087,6
8088,12
8089,10
8090,10
8091,2
8092,1
8093,7
8094,1
8095,7
8096,10
8097,1
8098,7
8099,5
8100,0
8101,1
8102,0
8103,5
8104,11
8105,7
8106,1
8107,6
8108,12
8109,10
8110,8
8111,11
8112,8
8113,1
8114,11
8115,8
8116,9
8117,13
8118,0
8119,5
8120,1
8121,9
8122,1
8123,7
8124,10
8125,1
8126,4
8127,11
8128,8
8129,11
8130,7
8131,1
8132,7
8133,11
8134,13
8135,6
8136,9
8137,13
8138,10
8139,4
8140,6
8141,4
8142,11
8143,2
8144,7
8145,1
8146,7
8147,3
8148,8
8149,3
8150,13
8151,4
8152,6
8153,8
8154,6
8155,1
8156,6
8157,0
8158,12
8159,10
8160,10
8161,9
8162,2
8163,0
8164,8
8165,6
8166,8
8167,13
8168,0
8169,4
8170,2
8171,8
8172,11
8173,10
8174,0
8175,11
8176,9
8177,13
8178,7
8179,1
8180,8
8181,4
8182,2
8183,3
8184,2
8185,12
8186,11
8187,12
8188,4
8189,7
8190,9
8191,7
8192,13
8193,6
8194,2
8195,1
8196,10
8197,13
8198,1
8199,11
8200,10
8201,12
8202,8
8203,13
8204,8
8205,11
8206,0
8207,6
8208,2
8209,12
8210,0
8211,4
8212,8
8213,1
8214,0
8215,11
8216,7
8217,9
8218,2
8219,6
8220,2
8221,0
8222,11
8223,13
8224,3
8225,8
8226,1
8227,1
8228,3
8229,0
8230,2
8231,0
8232,4
8233,11
8234,0
8235,13
8236,7
8237,8
8238,1
8239,12
8240,0
8241,4
8242,2
8243,3
8244,2
8245,1
8246,2
8247,2
8248,2
8249,0
8250,5
8251,3
8252,0
8253,12
8254,11
8255,11
8256,4
8257,11
8258,2
8259,2
8260,8
8261,7
8262,12
8263,9
8264,0
8265,12
8266,13
8267,3
8268,7
8269,12
8270,2
8271,2
8272,12
8273,6
8274,12
8275,2
8276,7
8277,0
8278,1
8279,2
8280,3
8281,0
8282,0
8283,2
8284,6
8285,2
8286,12
8287,1
8288,1
8289,11
8290,4
8291,8
8292,10
8293,13
8294,9
8295,10
8296,11
8297,7
8298,11
8299,12
8300,0
8301,10
8302,6
8303,5
8304,8
8305,6
8306,8
8307,1
8308,3
8309,4
8310,1
8311,0
8312,1
8313,4
8314,12
8315,11
8316,11
8317,3
8318,2
8319,0
8320,4
8321,0
8322,11
8323,1
8324,4
8325,10
8326,12
8327,0
8328,1
8329,12
8330,6
8331,2
8332,8
8333,8
8334,1
8335,8
8336,10
8337,7
8338,6
8339,6
8340,8
8341,1
8342,1
8343,2
8344,7
8345,2
8346,9
8347,12
8348,13
8349,7
8350,11
8351,10
8352,9
8353,0
8354,12
8355,2
8356,0
8357,3
8358,7
8359,0
8360,2
8361,8
8362,7
8363,10
8364,8
8365,6
8366,11
8367,5
8368,11
8369,2
8370,12
8371,11
8372,1
8373,8
8374,10
8375,3
8376,1
8377,11
8378,1
8379,0
8380,11
8381,3
8382,11
8383,6
8384,1
8385,9
8386,6
8387,6
8388,8
8389,2
8390,2
8391,7
8392,2
8393,7
8394,1
8395,2
8396,8
8397,9
8398,9
8399,4
8400,2
8401,5
8402,6
8403,7
8404,5
8405,6
8406,1
8407,7
8408,8
8409,12
8410,1
8411,4
8412,2
8413,1
8414,0
8415,4
8416,7
8417,11
8418,0
8419,0
8420,0
8421,1
8422,10
8423,11
8424,11
8425,1
8426,12
8427,6
8428,12
8429,9
8430,6
8431,2
8432,12
8433,12
8434,8
8435,11
8436,11
8437,1
8438,0
8439,12
8440,11
8441,8
8442,0
8443,13
8444,11
8445,0
8446,9
8447,1
8448,11
8449,1
8450,1
8451,8
8452,2
8453,0
8454,12
8455,1
8456,4
8457,7
8458,1
8459,11
8460,4
8461,11
8462,13
8463,0
8464,9
8465,3
8466,12
8467,9
8468,3
8469,8
8470,10
8471,0
8472,8
8473,0
8474,8
8475,7
8476,3
8477,9
8478,9
8479,6
8480,7
8481,1
8482,12
8483,10
8484,1
8485,12
8486,1
8487,6
8488,13
8489,4
8490,4
8491,0
8492,11
8493,13
8494,1
8495,2
8496,12
8497,13
8498,1
8499,6
8500,4
8501,11
8502,12
8503,1
8504,0
8505,5
8506,0
8507,12
8508,8
8509,9
8510,0
8511,9
8512,11
8513,0
8514,7
8515,1
8516,10
8517,7
8518,11
8519,3
8520,11
8521,13
8522,8
8523,10
8524,1
8525,2
8526,5
8527,8
8528,6
8529,10
8530,4
8531,1
8532,12
8533,4
8534,12
8535,12
8536,4
8537,2
8538,1
8539,2
8540,13
8541,10
8542,7
8543,3
8544,6
8545,11
8546,9
8547,2
8548,0
8549,2
8550,12
8551,11
8552,8
8553,7
8554,6
8555,13
8556,5
8557,13
8558,2
8559,12
8560,2
8561,6
8562,12
8563,12
8564,10
8565,1
8566,2
8567,11
8568,11
8569,11
8570,9
8571,4
8572,11
8573,1
8574,2
8575,10
8576,1
8577,9
8578,0
8579,1
8580,7
8581,0
8582,2
8583,4
8584,8
8585,4
8586,11
8587,12
8588,3
8589,5
8590,2
8591,6
8592,1
8593,12
8594,0
8595,11
8596,9
8597,11
8598,7
8599,1
8600,1
8601,0
8602,10
8603,12
8604,0
8605,11
8606,4
8607,2
8608,6
8609,12
8610,11
8611,1
8612,11
8613,8
8614,1
8615,13
8616,7
8617,1
8618,6
8619,5
8620,13
8621,6
8622,11
8623,1
8624,8
8625,4
8626,0
8627,6
8628,4
8629,6
8630,2
8631,7
8632,2
8633,2
8634,0
8635,6
8636,4
8637,11
8638,3
8639,2
8640,11
8641,11
8642,12
8643,11
8644,2
8645,4
8646,9
8647,7
8648,0
8649,7
8650,2
8651,1
8652,1
8653,11
8654,10
8655,1
8656,4
8657,9
8658,11
8659,9
8660,0
8661,8
8662,0
8663,11
8664,0
8665,11
8666,9
8667,2
8668,7
8669,9
8670,0
8671,2
8672,1
8673,10
8674,6
8675,3
8676,8
8677,12
8678,1
8679,7
8680,10
8681,11
8682,2
8683,11
8684,6
8685,11
8686,2
8687,13
8688,12
8689,6
8690,11
8691,2
8692,1
8693,12
8694,6
8695,9
8696,0
8697,10
8698,1
8699,13
8700,7
8701,12
8702,7
8703,12
8704,3
8705,2
8706,9
8707,13
8708,12
8709,12
8710,7
8711,1
8712,4
8713,0
8714,5
8715,8
8716,4
8717,2
8718,4
8719,3
8720,1
8721,0
8722,12
8723,3
8724,1
8725,2
8726,5
8727,11
8728,10
8729,6
8730,2
8731,2
8732,5
8733,4
8734,4
8735,12
8736,2
8737,1
8738,7
8739,2
8740,0
8741,9
8742,0
8743,11
8744,13
8745,0
8746,12
8747,12
8748,4
8749,13
8750,4
8751,12
8752,8
8753,8
8754,8
8755,2
8756,0
8757,8
8758,6
8759,0
8760,9
8761,5
8762,4
8763,12
8764,12
8765,4
8766,0
8767,2
8768,0
8769,9
8770,6
8771,8
8772,6
8773,12
8774,0
8775,7
8776,13
8777,12
8778,10
8779,6
8780,10
8781,8
8782,6
8783,6
8784,11
8785,2
8786,12
8787,6
8788,2
8789,6
8790,2
8791,7
8792,8
8793,6
8794,1
8795,4
8796,1
8797,10
8798,8
8799,13
8800,7
8801,6
8802,0
8803,2
8804,12
8805,0
8806,2
8807,3
8808,8
8809,1
8810,2
8811,2
8812,8
8813,1
8814,4
8815,4
8816,11
8817,10
8818,12
8819,4
8820,13
8821,12
8822,3
8823,1
8824,11
8825,2
8826,13
8827,8
8828,8
8829,3
8830,12
8831,2
8832,5
8833,2
8834,7
8835,0
8836,1
8837,9
8838,10
8839,3
8840,2
8841,1
8842,6
8843,10
8844,11
8845,7
8846,11
8847,7
8848,8
8849,12
8850,10
8851,3
8852,0
8853,7
8854,2
8855,4
8856,4
8857,0
8858,12
8859,2
8860,2
8861,0
8862,2
8863,6
8864,8
8865,2
8866,4
8867,9
8868,4
8869,11
8870,12
8871,2
8872,13
8873,12
8874,11
8875,2
8876,13
8877,11
8878,0
8879,11
8880,4
8881,8
8882,11
8883,5
8884,9
8885,9
8886,12
8887,0
8888,6
8889,7
8890,4
8891,2
8892,13
8893,11
8894,11
8895,7
8896,2
8897,1
8898,0
8899,11
8900,2
8901,11
8902,1
8903,11
8904,11
8905,5
8906,9
8907,0
8908,8
8909,13
8910,1
8911,3
8912,10
8913,6
8914,13
8915,12
8916,12
8917,11
8918,7
8919,2
8920,1
8921,10
8922,6
8923,0
8924,6
8925,5
8926,5
8927,11
8928,0
8929,8
8930,11
8931,9
8932,1
8933,0
8934,4
8935,4
8936,11
8937,1
8938,3
8939,13
8940,2
8941,12
8942,12
8943,1
8944,1
8945,0
8946,1
8947,7
8948,2
8949,11
8950,13
8951,13
8952,13
8953,12
8954,5
8955,12
8956,9
8957,11
8958,4
8959,4
8960,2
8961,3
8962,13
8963,0
8964,2
8965,12
8966,2
8967,1
8968,3
8969,1
8970,12
8971,9
8972,6
8973,3
8974,4
8975,4
8976,11
8977,3
8978,11
8979,11
8980,4
8981,2
8982,2
8983,8
8984,8
8985,0
8986,0
8987,6
8988,11
8989,10
8990,12
8991,0
8992,11
8993,1
8994,10
8995,11
8996,7
8997,11
8998,2
8999,7
9000,10
9001,10
9002,12
9003,2
9004,12
9005,2
9006,4
9007,9
9008,10
9009,8
9010,2
9011,9
9012,4
9013,13
9014,12
9015,4
9016,9
9017,7
9018,11
9019,11
9020,8
9021,8
9022,11
9023,6
9024,12
9025,2
9026,6
9027,11
9028,6
9029,7
9030,10
9031,2
9032,0
9033,11
9034,3
9035,0
9036,7
9037,10
9038,0
9039,3
9040,6
9041,12
9042,7
9043,10
9044,4
9045,12
9046,12
9047,4
9048,11
9049,8
9050,3
9051,7
9052,0
9053,2
9054,11
9055,1
9056,6
9057,2
9058,6
9059,7
9060,13
9061,13
9062,6
9063,11
9064,7
9065,13
9066,12
9067,2
9068,2
9069,4
9070,4
9071,2
9072,11
9073,11
9074,0
9075,2
9076,1
9077,3
9078,0
9079,13
9080,1
9081,0
9082,11
9083,12
9084,7
9085,0
9086,4
9087,1
9088,9
9089,7
9090,3
9091,1
9092,5
9093,3
9094,11
9095,9
9096,11
9097,12
9098,11
9099,6
9100,2
9101,9
9102,13
9103,7
9104,2
9105,10
9106,11
9107,2
9108,8
9109,1
9110,9
9111,10
9112,2
9113,1
9114,11
9115,12
9116,1
9117,4
9118,2
9119,0
9120,12
9121,12
9122,2
9123,0
9124,12
9125,4
9126,0
9127,5
9128,6
9129,4
9130,8
9131,1
9132,6
9133,6
9134,12
9135,2
9136,8
9137,7
9138,1
9139,10
9140,1
9141,0
9142,12
9143,9
9144,12
9145,3
9146,0
9147,1
9148,13
9149,2
9150,10
9151,6
9152,4
9153,9
9154,11
9155,9
9156,12
9157,13
9158,1
9159,9
9160,4
9161,9
9162,9
9163,12
9164,10
9165,12
9166,10
9167,10
9168,0
9169,1
9170,11
9171,10
9172,0
9173,11
9174,8
9175,12
9176,2
9177,6
9178,1
9179,9
9180,13
9181,2
9182,0
9183,2
9184,11
9185,8
9186,10
9187,1
9188,3
9189,3
9190,2
9191,11
9192,3
9193,7
9194,6
9195,1
9196,4
9197,1
9198,11
9199,11
9200,10
9201,3
9202,6
9203,2
9204,9
9205,12
9206,1
9207,6
9208,12
9209,2
9210,6
9211,2
9212,9
9213,8
9214,7
9215,1
9216,0
9217,12
9218,6
9219,11
9220,3
9221,6
9222,11
9223,13
9224,1
9225,11
9226,1
9227,1
9228,6
9229,1
9230,11
9231,6
9232,13
9233,12
9234,13
9235,12
9236,9
9237,12
9238,12
9239,4
9240,7
9241,7
9242,2
9243,0
9244,4
9245,0
9246,0
9247,12
9248,13
9249,12
9250,6
9251,12
9252,6
9253,13
9254,7
9255,6
9256,11
9257,4
9258,4
9259,11
9260,8
9261,1
9262,1
9263,8
9264,7
9265,4
9266,0
9267,8
9268,2
9269,8
9270,8
9271,0
9272,4
9273,10
9274,11
9275,13
9276,6
9277,11
9278,11
9279,13
9280,7
9281,1
9282,2
9283,6
9284,1
9285,6
9286,8
9287,6
9288,10
9289,2
9290,7
9291,11
9292,2
9293,1
9294,1
9295,2
9296,4
9297,11
9298,3
9299,5
9300,10
9301,4
9302,13
9303,7
9304,6
9305,11
9306,6
9307,0
9308,2
9309,1
9310,4
9311,2
9312,12
9313,13
9314,4
9315,2
9316,11
9317,5
9318,12
9319,2
9320,8
9321,4
9322,6
9323,6
9324,11
9325,4
9326,8
9327,2
9328,7
9329,4
9330,10
9331,3
9332,6
9333,4
9334,11
9335,1
9336,11
9337,11
9338,12
9339,0
9340,12
9341,2
9342,0
9343,4
9344,11
9345,11
9346,8
9347,1
9348,11
9349,0
9350,4
9351,13
9352,9
9353,6
9354,0
9355,2
9356,0
9357,1
9358,12
9359,12
9360,12
9361,11
9362,2
9363,12
9364,9
9365,13
9366,1
9367,2
9368,12
9369,4
9370,10
9371,7
9372,5
9373,1
9374,1
9375,13
9376,1
9377,2
9378,2
9379,3
9380,0
9381,2
9382,2
9383,0
9384,2
9385,1
9386,0
9387,2
9388,2
9389,7
9390,12
9391,13
9392,12
9393,12
9394,12
9395,2
9396,4
9397,8
9398,9
9399,7
9400,9
9401,6
9402,13
9403,13
9404,11
9405,1
9406,6
9407,10
9408,0
9409,3
9410,12
9411,1
9412,12
9413,12
9414,6
9415,13
9416,6
9417,13
9418,10
9419,2
9420,4
9421,2
9422,3
9423,1
9424,9
9425,1
9426,4
9427,10
9428,4
9429,2
9430,2
9431,12
9432,6
9433,12
9434,7
9435,4
9436,12
9437,6
9438,10
9439,6
9440,3
9441,4
9442,11
9443,9
9444,6
9445,11
9446,7
9447,0
9448,6
9449,12
9450,1
9451,13
9452,1
9453,1
9454,4
9455,11
9456,0
9457,1
9458,8
9459,2
9460,0
9461,3
9462,2
9463,3
9464,2
9465,7
9466,2
9467,11
9468,10
9469,0
9470,2
9471,13
9472,2
9473,3
9474,1
9475,9
9476,0
9477,4
9478,0
9479,11
9480,8
9481,10
9482,7
9483,11
9484,8
9485,11
9486,7
9487,12
9488,11
9489,6
9490,11
9491,4
9492,6
9493,12
9494,0
9495,12
9496,0
9497,9
9498,7
9499,6
9500,10
9501,12
9502,3
9503,6
9504,7
9505,0
9506,2
9507,7
9508,1
9509,1
9510,2
9511,4
9512,8
9513,11
9514,0
9515,4
9516,0
9517,13
9518,0
9519,6
9520,12
9521,0
9522,6
9523,2
9524,2
9525,6
9526,6
9527,2
9528,10
9529,11
9530,0
9531,6
9532,4
9533,10
9534,10
9535,7
9536,13
9537,6
9538,11
9539,8
9540,11
9541,0
9542,7
9543,4
9544,12
9545,3
9546,8
9547,7
9548,2
9549,0
9550,13
9551,0
9552,0
9553,4
9554,10
9555,1
9556,0
9557,0
9558,0
9559,8
9560,4
9561,11
9562,12
9563,8
9564,2
9565,12
9566,1
9567,3
9568,4
9569,3
9570,5
9571,3
9572,4
9573,10
9574,12
9575,3
9576,2
9577,13
9578,9
9579,1
9580,12
9581,4
9582,12
9583,6
9584,10
9585,4
9586,1
9587,9
9588,7
9589,2
9590,6
9591,10
9592,10
9593,12
9594,8
9595,12
9596,12
9597,13
9598,6
9599,2
9600,0
9601,3
9602,10
9603,9
9604,1
9605,12
9606,10
9607,12
9608,2
9609,1
9610,13
9611,1
9612,3
9613,0
9614,11
9615,10
9616,3
9617,13
9618,13
9619,1
9620,1
9621,3
9622,11
9623,8
9624,0
9625,9
9626,2
9627,1
9628,4
9629,6
9630,8
9631,8
9632,10
9633,9
9634,10
9635,10
9636,8
9637,1
9638,1
9639,12
9640,6
9641,8
9642,13
9643,2
9644,1
9645,0
9646,7
9647,9
9648,1
9649,13
9650,0
9651,12
9652,4
9653,12
9654,0
9655,4
9656,9
9657,6
9658,13
9659,1
9660,3
9661,0
9662,12
9663,12
9664,7
9665,11
9666,12
9667,2
9668,1
9669,4
9670,2
9671,7
9672,7
9673,7
9674,1
9675,6
9676,11
9677,11
9678,2
9679,10
9680,7
9681,4
9682,6
9683,8
9684,12
9685,2
9686,4
9687,4
9688,9
9689,4
9690,1
9691,7
9692,6
9693,0
9694,7
9695,0
9696,12
9697,5
9698,3
9699,6
9700,0
9701,4
9702,8
9703,7
9704,12
9705,0
9706,0
9707,12
9708,2
9709,1
9710,11
9711,2
9712,8
9713,11
9714,6
9715,11
9716,13
9717,12
9718,2
9719,6
9720,7
9721,7
9722,1
9723,13
9724,9
9725,1
9726,1
9727,6
9728,12
9729,8
9730,9
9731,11
9732,8
9733,6
9734,12
9735,3
9736,2
9737,0
9738,0
9739,12
9740,6
9741,9
9742,6
9743,11
9744,7
9745,4
9746,11
9747,0
9748,11
9749,0
9750,0
9751,6
9752,0
9753,0
9754,8
9755,7
9756,11
9757,6
9758,10
9759,5
9760,11
9761,0
9762,8
9763,10
9764,3
9765,0
9766,6
9767,0
9768,11
9769,0
9770,10
9771,11
9772,0
9773,12
9774,1
9775,10
9776,9
9777,1
9778,10
9779,1
9780,9
9781,11
9782,2
9783,6
9784,11
9785,1
9786,1
9787,13
9788,11
9789,9
9790,0
9791,6
9792,11
9793,4
9794,4
9795,9
9796,4
9797,2
9798,1
9799,2
9800,7
9801,1
9802,8
9803,8
9804,8
9805,2
9806,2
9807,11
9808,10
9809,11
9810,1
9811,0
9812,5
9813,1
9814,1
9815,1
9816,4
9817,1
9818,8
9819,4
9820,11
9821,2
9822,10
9823,6
9824,8
9825,8
9826,0
9827,12
9828,2
9829,10
9830,3
9831,9
9832,2
9833,7
9834,4
9835,0
9836,0
9837,0
9838,1
9839,6
9840,10
9841,2
9842,12
9843,0
9844,3
9845,3
9846,12
9847,11
9848,2
9849,9
9850,12
9851,6
9852,2
9853,3
9854,9
9855,7
9856,12
9857,4
9858,3
9859,0
9860,8
9861,3
9862,6
9863,6
9864,11
9865,0
9866,10
9867,9
9868,11
9869,4
9870,0
9871,0
9872,1
9873,7
9874,1
9875,11
9876,4
9877,6
9878,7
9879,9
9880,10
9881,8
9882,6
9883,12
9884,0
9885,8
9886,4
9887,4
9888,12
9889,10
9890,12
9891,0
9892,12
9893,10
9894,7
9895,9
9896,6
9897,7
9898,6
9899,12
9900,0
9901,10
9902,3
9903,10
9904,6
9905,8
9906,0
9907,7
9908,8
9909,3
9910,12
9911,4
9912,2
9913,0
9914,0
9915,3
9916,2
9917,4
9918,8
9919,7
9920,10
9921,8
9922,2
9923,10
9924,4
9925,9
9926,5
9927,6
9928,10
9929,8
9930,6
9931,8
9932,12
9933,0
9934,13
9935,12
9936,0
9937,8
9938,11
9939,7
9940,7
9941,7
9942,10
9943,1
9944,4
9945,0
9946,13
9947,12
9948,13
9949,11
9950,7
9951,0
9952,10
9953,9
9954,0
9955,4
9956,12
9957,11
9958,13
9959,2
9960,12
9961,13
9962,11
9963,0
9964,8
9965,6
9966,6
9967,8
9968,2
9969,6
9970,12
9971,0
9972,13
9973,13
9974,1
9975,10
9976,6
9977,1
9978,2
9979,12
9980,0
9981,13
9982,9
9983,10
9984,10
9985,6
9986,7
9987,1
9988,2
9989,0
9990,7
9991,8
9992,1
9993,2
9994,2
9995,1
9996,8
9997,6
9998,1
9999,1
10000,1
10001,4
10002,6
10003,2
10004,7
10005,2
10006,1
10007,9
10008,13
10009,9
10010,7
10011,2
10012,1
10013,8
10014,13
10015,12
10016,1
10017,6
10018,8
10019,12
10020,1
10021,1
10022,13
10023,12
10024,11
10025,13
10026,7
10027,11
10028,1
10029,3
10030,6
10031,0
10032,11
10033,6
10034,1
10035,3
10036,4
10037,0
10038,13
10039,3
10040,6
10041,9
10042,0
10043,11
10044,0
10045,7
10046,4
10047,11
10048,2
10049,2
10050,4
10051,3
10052,1
10053,1
10054,7
10055,0
10056,1
10057,4
10058,6
10059,6
10060,11
10061,13
10062,0
10063,0
10064,2
10065,0
10066,3
10067,13
10068,3
10069,12
10070,8
10071,8
10072,3
10073,1
10074,8
10075,6
10076,12
10077,3
10078,4
10079,9
10080,1
10081,7
10082,12
10083,11
10084,7
10085,5
10086,0
10087,7
10088,4
10089,2
10090,6
10091,0
10092,13
10093,2
10094,10
10095,3
10096,0
10097,7
10098,9
10099,12
10100,2
10101,7
10102,11
10103,4
10104,6
10105,8
10106,8
10107,8
10108,6
10109,7
10110,13
10111,0
10112,13
10113,11
10114,13
10115,8
10116,1
10117,12
10118,3
10119,0
10120,13
10121,12
10122,2
10123,3
10124,4
10125,8
10126,13
10127,12
10128,1
10129,10
10130,6
10131,12
10132,13
10133,12
10134,6
10135,9
10136,1
10137,6
10138,1
10139,7
10140,8
10141,11
10142,3
10143,11
10144,9
10145,11
10146,4
10147,3
10148,11
10149,6
10150,10
10151,11
10152,13
10153,4
10154,6
10155,2
10156,12
10157,12
10158,12
10159,13
10160,0
10161,3
10162,6
10163,11
10164,1
10165,3
10166,4
10167,1
10168,2
10169,1
10170,7
10171,7
10172,2
10173,0
10174,11
10175,2
10176,13
10177,11
10178,6
10179,10
10180,12
10181,4
10182,8
10183,7
10184,8
10185,4
10186,1
10187,12
10188,9
10189,9
10190,0
10191,13
10192,6
10193,11
10194,1
10195,8
10196,1
10197,0
10198,9
10199,3
10200,9
10201,0
10202,11
10203,1
10204,8
10205,2
10206,3
10207,8
10208,7
10209,11
10210,8
10211,13
10212,11
10213,9
10214,10
10215,9
10216,1
10217,3
10218,0
10219,0
10220,6
10221,6
10222,11
10223,0
10224,11
10225,0
10226,11
10227,1
10228,4
10229,4
10230,3
10231,8
10232,2
10233,4
10234,0
10235,7
10236,0
10237,12
10238,0
10239,2
10240,0
10241,4
10242,4
10243,0
10244,4
10245,2
10246,0
10247,8
10248,6
10249,7
10250,0
10251,1
10252,1
10253,1
10254,10
10255,8
10256,1
10257,0
10258,1
10259,3
10260,11
10261,6
10262,11
10263,11
10264,6
10265,12
10266,10
10267,12
10268,10
10269,7
10270,3
10271,3
10272,8
10273,11
10274,11
10275,12
10276,6
10277,0
10278,4
10279,4
10280,4
10281,11
10282,6
10283,1
10284,8
10285,11
10286,0
10287,7
10288,6
10289,13
10290,1
10291,13
10292,11
10293,0
10294,12
10295,10
10296,11
10297,3
10298,8
10299,7
10300,7
10301,10
10302,11
10303,0
10304,0
10305,1
10306,6
10307,9
10308,0
10309,2
10310,11
10311,4
10312,4
10313,6
10314,0
10315,10
10316,0
10317,11
10318,12
10319,7
10320,0
10321,1
10322,4
10323,13
10324,13
10325,11
10326,12
10327,12
10328,2
10329,11
10330,8
10331,8
10332,2
10333,7
10334,1
10335,6
10336,7
10337,12
10338,4
10339,0
10340,6
10341,7
10342,8
10343,6
10344,1
10345,0
10346,10
10347,4
10348,6
10349,1
10350,11
10351,1
10352,0
10353,0
10354,12
10355,4
10356,3
10357,9
10358,6
10359,9
10360,2
10361,11
10362,9
10363,8
10364,0
10365,0
10366,1
10367,10
10368,7
10369,2
10370,1
10371,9
10372,12
10373,12
10374,11
10375,13
10376,10
10377,1
10378,10
10379,4
10380,13
10381,6
10382,4
10383,4
10384,3
10385,10
10386,13
10387,2
10388,12
10389,0
10390,12
10391,13
10392,4
10393,0
10394,4
10395,6
10396,0
10397,1
10398,11
10399,11
10400,12
10401,2
10402,8
10403,2
10404,8
10405,9
10406,6
10407,13
10408,12
10409,0
10410,11
10411,6
10412,1
10413,3
10414,0
10415,1
10416,11
10417,8
10418,6
10419,11
10420,7
10421,1
10422,6
10423,13
10424,1
10425,10
10426,10
10427,3
10428,13
10429,1
10430,1
10431,8
10432,11
10433,7
10434,11
10435,9
10436,7
10437,6
10438,0
10439,10
10440,1
10441,12
10442,10
10443,4
10444,9
10445,1
10446,12
10447,9
10448,11
10449,2
10450,10
10451,2
10452,8
10453,1
10454,12
10455,10
10456,2
10457,4
10458,4
10459,2
10460,7
10461,1
10462,4
10463,9
10464,11
10465,13
10466,3
10467,10
10468,5
10469,9
10470,4
10471,6
10472,7
10473,2
10474,12
10475,12
10476,3
10477,8
10478,11
10479,11
10480,6
10481,10
10482,10
10483,1
10484,2
10485,8
10486,7
10487,12
10488,0
10489,12
10490,1
10491,13
10492,0
10493,11
10494,11
10495,4
10496,8
10497,0
10498,10
10499,8
10500,12
10501,0
10502,6
10503,0
10504,0
10505,11
10506,8
10507,2
10508,1
10509,7
10510,11
10511,1
10512,11
10513,11
10514,5
10515,5
10516,7
10517,4
10518,12
10519,12
10520,13
10521,2
10522,11
10523,5
10524,8
10525,9
10526,2
10527,11
10528,10
10529,5
10530,9
10531,6
10532,1
10533,2
10534,0
10535,13
10536,8
10537,0
10538,11
10539,12
10540,7
10541,4
10542,7
10543,2
10544,2
10545,4
10546,1
10547,12
10548,0
10549,6
10550,7
10551,7
10552,11
10553,0
10554,4
10555,13
10556,6
10557,4
10558,11
10559,7
10560,3
10561,1
10562,13
10563,2
10564,4
10565,4
10566,3
10567,8
10568,6
10569,11
10570,1
10571,0
10572,11
10573,0
10574,2
10575,13
10576,11
10577,4
10578,4
10579,2
10580,6
10581,7
10582,0
10583,6
10584,6
10585,0
10586,11
10587,11
10588,0
10589,12
10590,4
10591,0
10592,9
10593,12
10594,9
10595,10
10596,5
10597,10
10598,2
10599,1
10600,7
10601,0
10602,6
10603,3
10604,9
10605,7
10606,13
10607,0
10608,4
10609,8
10610,6
10611,10
10612,8
10613,2
10614,3
10615,11
10616,11
10617,8
10618,3
10619,2
10620,0
10621,12
10622,1
10623,2
10624,3
10625,11
10626,3
10627,7
10628,12
10629,3
10630,12
10631,2
10632,13
10633,5
10634,9
10635,1
10636,2
10637,2
10638,10
10639,2
10640,4
10641,1
10642,6
10643,2
10644,6
10645,4
10646,2
10647,7
10648,0
10649,2
10650,10
10651,2
10652,6
10653,9
10654,7
10655,12
10656,3
10657,1
10658,2
10659,8
10660,11
10661,9
10662,11
10663,6
10664,1
10665,2
10666,7
10667,0
10668,10
10669,2
10670,8
10671,7
10672,6
10673,7
10674,12
10675,11
10676,8
10677,10
10678,13
10679,0
10680,11
10681,11
10682,2
10683,11
10684,5
10685,8
10686,12
10687,9
10688,0
10689,2
10690,4
10691,10
10692,11
10693,11
10694,3
10695,0
10696,4
10697,6
10698,12
10699,12
10700,7
10701,9
10702,1
10703,1
10704,6
10705,1
10706,1
10707,6
10708,11
10709,2
10710,9
10711,3
10712,9
10713,6
10714,8
10715,4
10716,2
10717,6
10718,9
10719,0
10720,2
10721,11
10722,1
10723,2
10724,4
10725,0
10726,5
10727,10
10728,7
10729,2
10730,11
10731,0
10732,12
10733,6
10734,8
10735,6
10736,7
10737,6
10738,4
10739,1
10740,3
10741,6
10742,12
10743,9
10744,4
10745,2
10746,4
10747,12
10748,11
10749,8
10750,11
10751,13
10752,7
10753,1
10754,4
10755,6
10756,0
10757,2
10758,2
10759,8
10760,0
10761,7
10762,1
10763,1
10764,3
10765,0
10766,1
10767,11
10768,13
10769,9
10770,1
10771,13
10772,8
10773,9
10774,2
10775,5
10776,0
10777,9
10778,11
10779,4
10780,0
10781,0
10782,5
10783,4
10784,11
10785,0
10786,10
10787,4
10788,12
10789,12
10790,7
10791,5
10792,1
10793,1
10794,12
10795,7
10796,6
10797,6
10798,2
10799,3
10800,8
10801,2
10802,1
10803,1
10804,5
10805,2
10806,4
10807,3
10808,9
10809,0
10810,6
10811,1
10812,1
10813,12
10814,2
10815,7
10816,2
10817,1
10818,6
10819,12
10820,6
10821,12
10822,0
10823,2
10824,4
10825,4
10826,9
10827,3
10828,10
10829,7
10830,7
10831,6
10832,12
10833,0
10834,1
10835,12
10836,6
10837,1
10838,12
10839,9
10840,10
10841,2
10842,2
10843,6
10844,9
10845,5
10846,11
10847,1
10848,11
10849,8
10850,11
10851,11
10852,2
10853,11
10854,11
10855,13
10856,0
10857,8
10858,10
10859,3
10860,1
10861,2
10862,4
10863,13
10864,4
10865,13
10866,6
10867,12
10868,2
10869,0
10870,8
10871,3
10872,0
10873,4
10874,3
10875,0
10876,8
10877,6
10878,13
10879,11
10880,11
10881,6
10882,6
10883,8
10884,0
10885,11
10886,10
10887,12
10888,8
10889,11
10890,4
10891,11
10892,12
10893,6
10894,4
10895,12
10896,6
10897,8
10898,9
10899,11
10900,6
10901,12
10902,0
10903,8
10904,13
10905,12
10906,12
10907,1
10908,10
10909,1
10910,11
10911,10
10912,12
10913,8
10914,10
10915,7
10916,11
10917,11
10918,11
10919,10
10920,13
10921,9
10922,1
10923,4
10924,12
10925,1
10926,1
10927,5
10928,0
10929,1
10930,3
10931,9
10932,1
10933,4
10934,7
10935,12
10936,11
10937,2
10938,1
10939,0
10940,4
10941,2
10942,7
10943,9
10944,0
10945,12
10946,2
10947,2
10948,4
10949,12
10950,11
10951,6
10952,3
10953,2
10954,7
10955,2
10956,1
10957,4
10958,7
10959,13
10960,3
10961,13
10962,0
10963,11
10964,8
10965,0
10966,4
10967,11
10968,11
10969,1
10970,12
10971,7
10972,6
10973,0
10974,0
10975,6
10976,4
10977,7
10978,2
10979,0
10980,10
10981,8
10982,9
10983,11
10984,13
10985,3
10986,0
10987,5
10988,1
10989,12
10990,4
10991,12
10992,0
10993,8
10994,6
10995,11
10996,1
10997,0
10998,7
10999,13
11000,11
11001,13
11002,1
11003,12
11004,2
11005,11
11006,11
11007,6
11008,2
11009,10
11010,2
11011,0
11012,9
11013,4
11014,3
11015,7
11016,10
11017,11
11018,10
11019,6
11020,9
11021,1
11022,7
11023,7
11024,6
11025,8
11026,2
11027,10
11028,7
11029,0
11030,1
11031,7
11032,0
11033,10
11034,0
11035,8
11036,11
11037,8
11038,12
11039,11
11040,10
11041,11
11042,4
11043,8
11044,2
11045,12
11046,10
11047,1
11048,6
11049,7
11050,7
11051,10
11052,7
11053,2
11054,9
11055,11
11056,13
11057,9
11058,1
11059,11
11060,4
11061,9
11062,2
11063,0
11064,4
11065,10
11066,11
11067,2
11068,10
11069,7
11070,0
11071,8
11072,4
11073,4
11074,12
11075,5
11076,2
11077,3
11078,6
11079,9
11080,7
11081,6
11082,11
11083,2
11084,12
11085,3
11086,7
11087,4
11088,11
11089,9
11090,12
11091,7
11092,9
11093,8
11094,11
11095,7
11096,6
11097,6
11098,8
11099,10
11100,6
11101,8
11102,0
11103,1
11104,0
11105,2
11106,11
11107,13
11108,2
11109,0
11110,1
11111,12
11112,2
11113,6
11114,12
11115,11
11116,4
11117,13
11118,10
11119,3
11120,4
11121,8
11122,3
11123,0
11124,7
11125,11
11126,11
11127,7
11128,9
11129,7
11130,7
11131,1
11132,0
11133,0
11134,11
11135,12
11136,6
11137,7
11138,7
11139,5
11140,13
11141,12
11142,1
11143,0
11144,2
11145,1
11146,1
11147,7
11148,10
11149,12
11150,2
11151,8
11152,1
11153,7
11154,8
11155,10
11156,4
11157,11
11158,10
11159,3
11160,4
11161,3
11162,10
11163,9
11164,11
11165,12
11166,4
11167,0
11168,7
11169,8
11170,3
11171,0
11172,4
11173,1
11174,4
11175,7
11176,0
11177,9
11178,12
11179,4
11180,11
11181,4
11182,1
11183,7
11184,5
11185,0
11186,8
11187,0
11188,9
11189,11
11190,2
11191,1
11192,12
11193,2
11194,11
11195,2
11196,0
11197,8
11198,11
11199,6
11200,0
11201,1
11202,2
11203,0
11204,0
11205,6
11206,1
11207,7
11208,1
11209,10
11210,7
11211,12
11212,12
11213,11
11214,11
11215,11
11216,7
11217,10
11218,1
11219,12
11220,0
11221,1
11222,5
11223,7
11224,3
11225,4
11226,2
11227,5
11228,11
11229,12
11230,0
11231,0
11232,7
11233,7
11234,7
11235,8
11236,11
11237,0
11238,3
11239,6
11240,6
11241,0
11242,11
11243,3
11244,11
11245,11
11246,8
11247,1
11248,2
11249,11
11250,1
11251,12
11252,13
11253,0
11254,13
11255,0
11256,11
11257,9
11258,11
11259,12
11260,1
11261,13
11262,0
11263,2
11264,1
11265,13
11266,10
11267,11
11268,13
11269,8
11270,7
11271,11
11272,10
11273,11
11274,4
11275,4
11276,1
11277,1
11278,8
11279,7
11280,12
11281,1
11282,6
11283,4
11284,0
11285,6
11286,7
11287,0
11288,4
11289,11
11290,9
11291,11
11292,8
11293,1
11294,8
11295,13
11296,10
11297,3
11298,2
11299,2
11300,13
11301,6
11302,2
11303,2
11304,11
11305,1
11306,13
11307,10
11308,11
11309,2
11310,11
11311,8
11312,1
11313,1
11314,0
11315,7
11316,8
11317,9
11318,11
11319,11
11320,6
11321,1
11322,12
11323,4
11324,3
11325,8
11326,8
11327,2
11328,0
11329,11
11330,10
11331,1
11332,2
11333,11
11334,11
11335,12
11336,9
11337,2
11338,4
11339,11
11340,6
11341,6
11342,6
11343,6
11344,4
11345,2
11346,0
11347,11
11348,0
11349,1
11350,8
11351,4
11352,3
11353,0
11354,1
11355,12
11356,6
11357,1
11358,6
11359,12
11360,12
11361,7
11362,9
11363,1
11364,2
11365,0
11366,6
11367,11
11368,2
11369,0
11370,7
11371,10
11372,2
11373,7
11374,4
11375,13
11376,9
11377,11
11378,12
11379,4
11380,1
11381,3
11382,0
11383,0
11384,12
11385,6
11386,10
11387,2
11388,11
11389,6
11390,1
11391,1
11392,8
11393,5
11394,1
11395,6
11396,7
11397,11
11398,2
11399,4
11400,1
11401,0
11402,2
11403,8
11404,7
11405,0
11406,10
11407,9
11408,6
11409,0
11410,7
11411,7
11412,9
11413,11
11414,13
11415,5
11416,2
11417,0
11418,1
11419,11
11420,2
11421,9
11422,2
11423,11
11424,13
11425,8
11426,9
11427,0
11428,8
11429,1
11430,8
11431,0
11432,2
11433,11
11434,7
11435,7
11436,0
11437,8
11438,4
11439,11
11440,6
11441,1
11442,11
11443,11
11444,7
11445,6
11446,4
11447,12
11448,6
11449,2
11450,2
11451,6
11452,3
11453,7
11454,2
11455,11
11456,11
11457,8
11458,0
11459,11
11460,8
11461,12
11462,0
11463,3
11464,4
11465,2
11466,2
11467,11
11468,10
11469,1
11470,11
11471,8
11472,0
11473,0
11474,4
11475,1
11476,0
11477,0
11478,9
11479,11
11480,2
11481,10
11482,12
11483,2
11484,11
11485,9
11486,8
11487,2
11488,2
11489,12
11490,8
11491,9
11492,6
11493,13
11494,8
11495,7
11496,12
11497,11
11498,4
11499,10
11500,2
11501,8
11502,7
11503,8
11504,13
11505,12
11506,12
11507,12
11508,4
11509,4
11510,7
11511,10
11512,0
11513,8
11514,7
11515,8
11516,0
11517,12
11518,1
11519,10
11520,8
11521,0
11522,11
11523,7
11524,2
11525,12
11526,12
11527,2
11528,2
11529,13
11530,6
11531,2
11532,10
11533,13
11534,0
11535,0
11536,2
11537,12
11538,0
11539,11
11540,1
11541,1
11542,5
11543,3
11544,2
11545,3
11546,2
11547,1
11548,7
11549,8
11550,1
11551,2
11552,7
11553,6
11554,10
11555,8
11556,2
11557,1
11558,0
11559,3
11560,10
11561,13
11562,8
11563,10
11564,11
11565,6
11566,3
11567,13
11568,11
11569,4
11570,4
11571,4
11572,13
11573,4
11574,2
11575,11
11576,10
11577,11
11578,1
11579,6
11580,11
11581,12
11582,10
11583,13
11584,6
11585,12
11586,13
11587,12
11588,0
11589,8
11590,6
11591,0
11592,8
11593,7
11594,4
11595,12
11596,12
11597,1
11598,1
11599,9
11600,6
11601,10
11602,0
11603,0
11604,9
11605,8
11606,4
11607,1
11608,3
11609,1
11610,11
11611,13
11612,10
11613,2
11614,9
11615,0
11616,0
11617,1
11618,9
11619,10
11620,2
11621,3
11622,2
11623,10
11624,7
11625,11
11626,6
11627,9
11628,12
11629,6
11630,11
11631,13
11632,11
11633,1
11634,13
11635,11
11636,1
11637,0
11638,6
11639,3
11640,7
11641,4
11642,11
11643,8
11644,11
11645,7
11646,4
11647,1
11648,11
11649,6
11650,0
11651,3
11652,12
11653,7
11654,12
11655,2
11656,0
11657,1
11658,2
11659,12
11660,2
11661,12
11662,1
11663,7
11664,1
11665,6
11666,2
11667,2
11668,2
11669,7
11670,6
11671,12
11672,6
11673,9
11674,2
11675,6
11676,11
11677,12
11678,2
11679,13
11680,6
11681,7
11682,7
11683,0
11684,11
11685,1
11686,6
11687,1
11688,10
11689,0
11690,11
11691,11
11692,10
11693,4
11694,9
11695,1
11696,8
11697,0
11698,3
11699,0
11700,1
11701,7
11702,11
11703,6
11704,4
11705,6
11706,11
11707,1
11708,7
11709,6
11710,4
11711,12
11712,3
11713,4
11714,12
11715,1
11716,4
11717,6
11718,1
11719,4
11720,13
11721,13
11722,12
11723,8
11724,2
11725,11
11726,9
11727,9
11728,7
11729,8
11730,8
11731,1
11732,6
11733,1
11734,10
11735,3
11736,13
11737,6
11738,11
11739,1
11740,6
11741,12
11742,1
11743,3
11744,6
11745,12
11746,10
11747,1
11748,1
11749,2
11750,4
11751,12
11752,0
11753,12
11754,0
11755,11
11756,11
11757,10
11758,3
11759,3
11760,13
11761,11
11762,1
11763,0
11764,2
11765,4
11766,12
11767,3
11768,9
11769,2
11770,9
11771,13
11772,4
11773,12
11774,7
11775,2
11776,1
11777,13
11778,12
11779,3
11780,4
11781,0
11782,8
11783,2
11784,8
11785,11
11786,10
11787,7
11788,7
11789,11
11790,1
11791,2
11792,8
11793,3
11794,6
11795,6
11796,3
11797,6
11798,4
11799,12
11800,12
11801,6
11802,2
11803,11
11804,2
11805,1
11806,4
11807,11
11808,1
11809,10
11810,7
11811,2
11812,0
11813,6
11814,1
11815,0
11816,2
11817,2
11818,8
11819,1
11820,11
11821,2
11822,0
11823,1
11824,11
11825,0
11826,13
11827,6
11828,8
11829,3
11830,10
11831,11
11832,1
11833,10
11834,4
11835,2
11836,2
11837,9
11838,6
11839,12
11840,4
11841,11
11842,9
11843,2
11844,11
11845,2
11846,10
11847,11
11848,7
11849,6
11850,7
11851,8
11852,0
11853,11
11854,12
11855,0
11856,11
11857,13
11858,8
11859,10
11860,6
11861,7
11862,13
11863,11
11864,10
11865,0
11866,11
11867,12
11868,3
11869,12
11870,0
11871,10
11872,11
11873,4
11874,12
11875,12
11876,8
11877,3
11878,10
11879,7
11880,4
11881,2
11882,2
11883,9
11884,8
11885,3
11886,8
11887,4
11888,8
11889,6
11890,2
11891,9
11892,1
11893,0
11894,7
11895,13
11896,9
11897,1
11898,11
11899,7
11900,1
11901,7
11902,4
11903,1
11904,9
11905,2
11906,1
11907,10
11908,1
11909,6
11910,3
11911,8
11912,3
11913,9
11914,8
11915,2
11916,4
11917,7
11918,6
11919,2
11920,9
11921,11
11922,4
11923,12
11924,8
11925,5
11926,12
11927,2
11928,2
11929,7
11930,0
11931,7
11932,2
11933,1
11934,2
11935,11
11936,4
11937,2
11938,11
11939,11
11940,11
11941,13
11942,6
11943,10
11944,0
11945,6
11946,12
11947,10
11948,5
11949,12
11950,0
11951,3
11952,12
11953,1
11954,0
11955,12
11956,13
11957,4
11958,13
11959,10
11960,2
11961,12
11962,1
11963,7
11964,10
11965,6
11966,7
11967,2
11968,4
11969,10
11970,1
11971,1
11972,3
11973,1
11974,1
11975,2
11976,9
11977,10
11978,2
11979,0
11980,6
11981,0
11982,6
11983,7
11984,4
11985,8
11986,7
11987,1
11988,2
11989,9
11990,13
11991,2
11992,11
11993,6
11994,10
11995,0
11996,1
11997,8
11998,1
11999,2
12000,0
12001,6
12002,0
12003,2
12004,0
12005,8
12006,7
12007,7
12008,4
12009,6
12010,2
12011,9
12012,8
12013,6
12014,13
12015,5
12016,4
12017,1
12018,12
12019,0
12020,8
12021,11
12022,7
12023,9
12024,9
12025,4
12026,8
12027,4
12028,1
12029,10
12030,13
12031,9
12032,11
12033,11
12034,12
12035,1
12036,8
12037,4
12038,0
12039,2
12040,8
12041,0
12042,7
12043,9
12044,1
12045,1
12046,12
12047,2
12048,8
12049,11
12050,10
12051,2
12052,8
12053,8
12054,6
12055,9
12056,7
12057,7
12058,10
12059,7
12060,0
12061,4
12062,4
12063,6
12064,11
12065,4
12066,9
12067,1
12068,11
12069,10
12070,9
12071,2
12072,12
12073,6
12074,9
12075,7
12076,12
12077,2
12078,10
12079,2
12080,2
12081,6
12082,13
12083,8
12084,8
12085,10
12086,1
12087,11
12088,12
12089,4
12090,3
12091,9
12092,11
12093,12
12094,10
12095,6
12096,8
12097,12
12098,1
12099,10
12100,11
12101,1
12102,11
12103,3
12104,1
12105,2
12106,5
12107,12
12108,12
12109,7
12110,8
12111,11
12112,12
12113,13
12114,10
12115,2
12116,6
12117,9
12118,6
12119,12
12120,0
12121,2
12122,3
12123,10
12124,4
12125,2
12126,6
12127,11
12128,8
12129,9
12130,2
12131,3
12132,1
12133,3
12134,7
12135,8
12136,4
12137,0
12138,4
12139,8
12140,3
12141,12
12142,2
12143,2
12144,2
12145,2
12146,13
12147,3
12148,11
12149,3
12150,12
12151,2
12152,5
12153,0
12154,7
12155,12
12156,8
12157,2
12158,0
12159,11
12160,7
12161,6
12162,11
12163,3
12164,11
12165,10
12166,8
12167,12
12168,4
12169,6
12170,11
12171,1
12172,6
12173,13
12174,1
12175,2
12176,13
12177,11
12178,2
12179,12
12180,2
12181,12
12182,11
12183,0
12184,8
12185,1
12186,8
12187,7
12188,1
12189,9
12190,4
12191,2
12192,2
12193,8
12194,3
12195,11
12196,11
12197,13
12198,0
12199,11
12200,0
12201,2
12202,2
12203,10
12204,12
12205,2
12206,6
12207,11
12208,12
12209,4
12210,1
12211,0
12212,2
12213,1
12214,9
12215,13
12216,11
12217,11
12218,11
12219,9
12220,8
12221,1
12222,3
12223,1
12224,1
12225,7
12226,7
12227,11
12228,8
12229,11
12230,0
12231,0
12232,7
12233,7
12234,1
12235,1
12236,7
12237,9
12238,9
12239,1
12240,0
12241,8
12242,0
12243,10
12244,2
12245,0
12246,8
12247,8
12248,4
12249,13
12250,6
12251,13
12252,4
12253,3
12254,6
12255,0
12256,12
12257,11
12258,2
12259,10
12260,2
12261,8
12262,8
12263,4
12264,4
12265,7
12266,0
12267,2
12268,6
12269,11
12270,4
12271,10
12272,2
12273,2
12274,6
12275,1
12276,11
12277,0
12278,0
12279,2
12280,13
12281,1
12282,11
12283,0
12284,6
12285,5
12286,2
12287,7
12288,11
12289,7
12290,12
12291,0
12292,4
12293,11
12294,11
12295,11
12296,2
12297,6
12298,2
12299,11
12300,0
12301,0
12302,10
12303,0
12304,12
12305,7
12306,7
12307,0
12308,7
12309,9
12310,13
12311,7
12312,1
12313,2
12314,6
12315,0
12316,11
12317,12
12318,7
12319,10
12320,8
12321,8
12322,6
12323,7
12324,1
12325,10
12326,7
12327,1
12328,2
12329,8
12330,0
12331,6
12332,7
12333,0
12334,12
12335,12
12336,4
12337,7
12338,6
12339,8
12340,0
12341,0
12342,0
12343,4
12344,9
12345,10
12346,2
12347,9
12348,7
12349,1
12350,12
12351,8
12352,4
12353,11
12354,8
12355,6
12356,10
12357,3
12358,10
12359,2
12360,1
12361,13
12362,2
12363,9
12364,6
12365,10
12366,8
12367,1
12368,2
12369,8
12370,8
12371,2
12372,7
12373,0
12374,11
12375,6
12376,4
12377,7
12378,8
12379,1
12380,2
12381,3
12382,1
12383,11
12384,12
12385,0
12386,2
12387,12
12388,8
12389,2
12390,11
12391,2
12392,12
12393,2
12394,7
12395,1
12396,2
12397,2
12398,1
12399,13
12400,13
12401,7
12402,0
12403,6
12404,7
12405,3
12406,10
12407,6
12408,0
12409,8
12410,1
12411,4
12412,0
12413,11
12414,3
12415,9
12416,9
12417,13
12418,13
12419,0
12420,1
12421,9
12422,6
12423,2
12424,12
12425,7
12426,2
12427,12
12428,10
12429,1
12430,2
12431,0
12432,12
12433,6
12434,9
12435,1
12436,4
12437,7
12438,12
12439,2
12440,7
12441,1
12442,12
12443,11
12444,7
12445,1
12446,11
12447,11
12448,0
12449,6
12450,12
12451,2
12452,0
12453,11
12454,4
12455,4
12456,6
12457,2
12458,7
12459,6
12460,7
12461,13
12462,11
12463,0
12464,4
12465,9
12466,0
12467,1
12468,3
12469,12
12470,1
12471,5
12472,4
12473,2
12474,11
12475,3
12476,0
12477,7
12478,6
12479,2
12480,10
12481,8
12482,12
12483,12
12484,0
12485,6
12486,0
12487,6
12488,9
12489,0
12490,8
12491,12
12492,8
12493,2
12494,7
12495,6
12496,7
12497,3
12498,0
12499,2
12500,3
12501,2
12502,9
12503,8
12504,11
12505,0
12506,10
12507,12
12508,3
12509,2
12510,1
12511,10
12512,1
12513,12
12514,8
12515,9
12516,11
12517,8
12518,2
12519,7
12520,0
12521,3
12522,3
12523,2
12524,10
12525,4
12526,10
12527,13
12528,6
12529,13
12530,2
12531,8
12532,2
12533,2
12534,11
12535,6
12536,2
12537,2
12538,3
12539,12
12540,7
12541,9
12542,4
12543,11
12544,0
12545,11
12546,7
12547,2
12548,12
12549,1
12550,4
12551,11
12552,5
12553,3
12554,7
12555,1
12556,1
12557,12
12558,8
12559,11
12560,0
12561,7
12562,3
12563,7
12564,10
12565,4
12566,1
12567,11
12568,0
12569,9
12570,12
12571,3
12572,9
12573,6
12574,1
12575,11
12576,1
12577,4
12578,12
12579,8
12580,9
12581,12
12582,3
12583,11
12584,8
12585,11
12586,13
12587,6
12588,11
12589,4
12590,2
12591,2
12592,12
12593,3
12594,2
12595,9
12596,11
12597,11
12598,11
12599,2
12600,12
12601,13
12602,11
12603,13
12604,8
12605,9
12606,12
12607,6
12608,1
12609,12
12610,4
12611,1
12612,1
12613,0
12614,5
12615,7
12616,12
12617,0
12618,1
12619,10
12620,1
12621,2
12622,12
12623,13
12624,4
12625,12
12626,6
12627,11
12628,0
12629,11
12630,9
12631,12
12632,12
12633,4
12634,11
12635,11
12636,6
12637,11
12638,7
12639,10
12640,11
12641,11
12642,3
12643,3
12644,1
12645,3
12646,12
12647,13
12648,8
12649,1
12650,5
12651,7
12652,7
12653,0
12654,4
12655,6
12656,8
12657,1
12658,0
12659,13
12660,11
12661,3
12662,11
12663,4
12664,2
12665,4
12666,4
12667,10
12668,7
12669,0
12670,0
12671,2
12672,11
12673,10
12674,5
12675,12
12676,1
12677,4
12678,10
12679,12
12680,10
12681,4
12682,4
12683,11
12684,11
12685,12
12686,4
12687,4
12688,2
12689,8
12690,6
12691,11
12692,2
12693,0
12694,11
12695,2
12696,11
12697,11
12698,0
12699,6
12700,3
12701,4
12702,5
12703,10
12704,6
12705,0
12706,1
12707,11
12708,11
12709,3
12710,2
12711,13
12712,0
12713,2
12714,4
12715,11
12716,8
12717,3
12718,1
12719,6
12720,0
12721,10
12722,3
12723,0
12724,10
12725,13
12726,3
12727,1
12728,11
12729,1
12730,5
12731,13
12732,9
12733,2
12734,12
12735,10
12736,2
12737,13
12738,4
12739,10
12740,13
12741,5
12742,5
12743,0
12744,8
12745,4
12746,11
12747,0
12748,4
12749,7
12750,2
12751,6
12752,6
12753,7
12754,3
12755,8
12756,1
12757,2
12758,8
12759,13
12760,9
12761,2
12762,13
12763,6
12764,10
12765,12
12766,2
12767,13
12768,11
12769,10
12770,12
12771,11
12772,12
12773,2
12774,0
12775,8
12776,11
12777,4
12778,8
12779,4
12780,0
12781,0
12782,1
12783,1
12784,7
12785,11
12786,4
12787,1
12788,4
12789,6
12790,0
12791,7
12792,6
12793,6
12794,7
12795,0
12796,10
12797,2
12798,0
12799,8
12800,1
12801,10
12802,13
12803,7
12804,2
12805,2
12806,1
12807,4
12808,10
12809,5
12810,11
12811,7
12812,11
12813,11
12814,2
12815,7
12816,4
12817,3
12818,3
12819,1
12820,6
12821,8
12822,8
12823,11
12824,12
12825,2
12826,3
12827,2
12828,1
12829,2
12830,2
12831,9
12832,0
12833,1
12834,4
12835,10
12836,6
12837,11
12838,2
12839,12
12840,1
12841,2
12842,9
12843,1
12844,11
12845,8
12846,6
12847,7
12848,7
12849,7
12850,10
12851,2
12852,7
12853,1
12854,6
12855,8
12856,1
12857,11
12858,5
12859,1
12860,3
12861,7
12862,7
12863,4
12864,4
12865,2
12866,8
12867,11
12868,4
12869,0
12870,6
12871,9
12872,11
12873,9
12874,3
12875,1
12876,12
12877,0
12878,11
12879,2
12880,1
12881,13
12882,4
12883,2
12884,2
12885,6
12886,1
12887,9
12888,13
12889,7
12890,2
12891,6
12892,2
12893,11
12894,13
12895,11
12896,7
12897,11
12898,8
12899,6
12900,7
12901,0
12902,10
12903,4
12904,8
12905,10
12906,8
12907,6
12908,1
12909,11
12910,13
12911,0
12912,4
12913,2
12914,6
12915,6
12916,2
12917,5
12918,8
12919,5
12920,8
12921,0
12922,0
12923,4
12924,0
12925,12
12926,0
12927,8
12928,11
12929,8
12930,1
12931,4
12932,1
12933,8
12934,9
12935,1
12936,8
12937,4
12938,11
12939,3
12940,11
12941,0
12942,6
12943,0
12944,10
12945,8
12946,0
12947,7
12948,10
12949,1
12950,12
12951,6
12952,7
12953,5
12954,10
12955,2
12956,12
12957,3
12958,10
12959,10
12960,7
12961,12
12962,11
12963,10
12964,4
12965,1
12966,12
12967,1
12968,1
12969,1
12970,11
12971,9
12972,3
12973,6
12974,1
12975,1
12976,7
12977,9
12978,0
12979,4
12980,2
12981,6
12982,2
12983,0
12984,6
12985,4
12986,6
12987,0
12988,8
12989,2
12990,3
12991,12
12992,8
12993,11
12994,11
12995,6
12996,13
12997,1
12998,8
12999,1
13000,12
13001,8
13002,4
13003,12
13004,11
13005,6
13006,10
13007,1
13008,0
13009,0
13010,13
13011,12
13012,12
13013,8
13014,6
13015,9
13016,2
13017,11
13018,10
13019,11
13020,13
13021,0
13022,1
13023,1
13024,0
13025,6
13026,7
13027,10
13028,0
13029,9
13030,1
13031,2
13032,13
13033,10
13034,12
13035,2
13036,0
13037,8
13038,12
13039,0
13040,12
13041,8
13042,2
13043,11
13044,6
13045,10
13046,11
13047,11
13048,8
13049,12
13050,0
13051,6
13052,0
13053,1
13054,11
13055,1
13056,7
13057,8
13058,8
13059,5
13060,6
13061,1
13062,11
13063,2
13064,8
13065,1
13066,9
13067,4
13068,12
13069,0
13070,6
13071,9
13072,10
13073,0
13074,9
13075,6
13076,0
13077,2
13078,13
13079,12
13080,1
13081,12
13082,12
13083,6
13084,12
13085,0
13086,9
13087,2
13088,12
13089,11
13090,4
13091,10
13092,8
13093,1
13094,8
13095,4
13096,2
13097,2
13098,7
13099,8
13100,13
13101,6
13102,0
13103,13
13104,9
13105,11
13106,1
13107,1
13108,0
13109,7
13110,12
13111,6
13112,7
13113,6
13114,1
13115,1
13116,1
13117,6
13118,2
13119,5
13120,0
13121,12
13122,11
13123,3
13124,1
13125,13
13126,1
13127,10
13128,5
13129,2
13130,7
13131,6
13132,3
13133,3
13134,7
13135,3
13136,9
13137,11
13138,0
13139,0
13140,0
13141,2
13142,5
13143,4
13144,9
13145,12
13146,3
13147,8
13148,4
13149,3
13150,10
13151,1
13152,11
13153,11
13154,8
13155,7
13156,13
13157,8
13158,1
13159,1
13160,12
13161,2
13162,0
13163,12
13164,13
13165,4
13166,6
13167,2
13168,3
13169,0
13170,13
13171,11
13172,2
13173,0
13174,12
13175,1
13176,6
13177,2
13178,10
13179,0
13180,13
13181,6
13182,0
13183,1
13184,7
13185,9
13186,5
13187,3
13188,10
13189,7
13190,6
13191,8
13192,1
13193,13
13194,8
13195,8
13196,11
13197,8
13198,13
13199,0
13200,6
13201,11
13202,4
13203,4
13204,3
13205,2
13206,11
13207,11
13208,4
13209,7
13210,3
13211,12
13212,0
13213,7
13214,2
13215,0
13216,8
13217,1
13218,10
13219,11
13220,12
13221,2
13222,2
13223,1
13224,7
13225,9
13226,10
13227,2
13228,0
13229,11
13230,0
13231,7
13232,1
13233,7
13234,1
13235,2
13236,4
13237,12
13238,12
13239,9
13240,0
13241,6
13242,2
13243,4
13244,8
13245,2
13246,8
13247,6
13248,1
13249,13
13250,8
13251,10
13252,1
13253,6
13254,2
13255,1
13256,4
13257,0
13258,11
13259,11
13260,10
13261,6
13262,11
13263,1
13264,7
13265,7
13266,8
13267,0
13268,7
13269,4
13270,5
13271,6
13272,6
13273,11
13274,1
13275,2
13276,0
13277,13
13278,11
13279,1
13280,7
13281,3
13282,3
13283,4
13284,3
13285,4
13286,1
13287,13
13288,1
13289,4
13290,3
13291,0
13292,8
13293,13
13294,11
13295,8
13296,1
13297,12
13298,6
13299,6
13300,4
13301,2
13302,13
13303,1
13304,2
13305,1
13306,1
13307,2
13308,1
13309,1
13310,11
13311,1
13312,1
13313,4
13314,0
13315,0
13316,11
13317,7
13318,3
13319,3
13320,0
13321,13
13322,8
13323,6
13324,8
13325,1
13326,0
13327,7
13328,3
13329,6
13330,7
13331,6
13332,6
13333,8
13334,2
13335,0
13336,1
13337,4
13338,7
13339,12
13340,3
13341,11
13342,1
13343,6
13344,4
13345,9
13346,0
13347,9
13348,2
13349,9
13350,13
13351,11
13352,0
13353,0
13354,7
13355,11
13356,6
13357,7
13358,12
13359,12
13360,9
13361,11
13362,4
13363,2
13364,1
13365,10
13366,6
13367,13
13368,7
13369,1
13370,12
13371,1
13372,3
13373,0
13374,1
13375,11
13376,0
13377,7
13378,0
13379,1
13380,0
13381,0
13382,11
13383,2
13384,12
13385,6
13386,8
13387,8
13388,6
13389,3
13390,4
13391,7
13392,2
13393,0
13394,6
13395,2
13396,1
13397,6
13398,11
13399,3
13400,4
13401,12
13402,4
13403,11
13404,12
13405,7
13406,7
13407,9
13408,9
13409,13
13410,13
13411,8
13412,3
13413,11
13414,8
13415,10
13416,6
13417,9
13418,0
13419,13
13420,2
13421,10
13422,12
13423,7
13424,8
13425,2
13426,3
13427,13
13428,1
13429,4
13430,1
13431,4
13432,6
13433,11
13434,4
13435,6
13436,12
13437,0
13438,2
13439,4
13440,1
13441,12
13442,8
13443,4
13444,12
13445,13
13446,13
13447,9
13448,11
13449,1
13450,3
13451,8
13452,10
13453,8
13454,2
13455,13
13456,4
13457,13
13458,2
13459,12
13460,0
13461,4
13462,8
13463,11
13464,13
13465,1
13466,1
13467,11
13468,0
13469,1
13470,2
13471,1
13472,1
13473,11
13474,12
13475,2
13476,8
13477,9
13478,11
13479,0
13480,8
13481,4
13482,1
13483,10
13484,1
13485,3
13486,3
13487,4
13488,4
13489,11
13490,6
13491,6
13492,11
13493,2
13494,1
13495,2
13496,4
13497,2
13498,1
13499,2
13500,6
13501,9
13502,8
13503,2
13504,6
13505,7
13506,12
13507,6
13508,13
13509,12
13510,4
13511,13
13512,4
13513,4
13514,0
13515,12
13516,7
13517,3
13518,3
13519,7
13520,0
13521,2
13522,6
13523,2
13524,6
13525,8
13526,3
13527,4
13528,8
13529,9
13530,1
13531,0
13532,13
13533,12
13534,11
13535,9
13536,6
13537,11
13538,2
13539,7
13540,2
13541,8
13542,10
13543,7
13544,6
13545,7
13546,3
13547,11
13548,1
13549,7
13550,8
13551,7
13552,2
13553,6
13554,4
13555,0
13556,7
13557,1
13558,8
13559,6
13560,1
13561,1
13562,11
13563,4
13564,1
13565,0
13566,2
13567,7
13568,3
13569,13
13570,2
13571,13
13572,13
13573,12
13574,8
13575,11
13576,2
13577,12
13578,11
13579,4
13580,7
13581,2
13582,13
13583,2
13584,0
13585,10
13586,3
13587,6
13588,0
13589,1
13590,2
13591,7
13592,2
13593,10
13594,13
13595,12
13596,12
13597,11
13598,11
13599,0
13600,2
13601,6
13602,6
13603,10
13604,12
13605,9
13606,3
13607,11
13608,7
13609,6
13610,8
13611,1
13612,10
13613,11
13614,11
13615,3
13616,7
13617,0
13618,1
13619,12
13620,1
13621,2
13622,0
13623,4
13624,6
13625,1
13626,6
13627,2
13628,2
13629,2
13630,11
13631,6
13632,11
13633,13
13634,10
13635,0
13636,1
13637,4
13638,0
13639,6
13640,13
13641,10
13642,4
13643,9
13644,11
13645,7
13646,8
13647,13
13648,6
13649,3
13650,12
13651,0
13652,0
13653,1
13654,3
13655,6
13656,3
13657,1
13658,2
13659,11
13660,11
13661,7
13662,0
13663,0
13664,7
13665,2
13666,2
13667,12
13668,6
13669,0
13670,0
13671,8
13672,1
13673,1
13674,0
13675,6
13676,2
13677,2
13678,6
13679,12
13680,0
13681,12
13682,8
13683,10
13684,1
13685,11
13686,7
13687,11
13688,11
13689,1
13690,13
13691,2
13692,12
13693,6
13694,9
13695,1
13696,11
13697,2
13698,8
13699,2
13700,0
13701,0
13702,1
13703,0
13704,2
13705,1
13706,8
13707,6
13708,9
13709,6
13710,8
13711,5
13712,2
13713,13
13714,3
13715,9
13716,6
13717,3
13718,0
13719,11
13720,2
13721,2
13722,6
13723,9
13724,10
13725,13
13726,13
13727,8
13728,11
13729,11
13730,2
13731,7
13732,12
13733,6
13734,13
13735,6
13736,4
13737,8
13738,0
13739,7
13740,12
13741,8
13742,1
13743,11
13744,2
13745,8
13746,0
13747,6
13748,1
13749,9
13750,11
13751,2
13752,6
13753,7
13754,11
13755,12
13756,10
13757,11
13758,2
13759,2
13760,7
13761,8
13762,12
13763,0
13764,0
13765,9
13766,2
13767,9
13768,1
13769,0
13770,11
13771,8
13772,0
13773,8
13774,0
13775,7
13776,1
13777,0
13778,9
13779,12
13780,3
13781,5
13782,6
13783,3
13784,10
13785,2
13786,2
13787,8
13788,12
13789,7
13790,0
13791,8
13792,5
13793,3
13794,6
13795,7
13796,11
13797,11
13798,0
13799,8
13800,13
13801,9
13802,0
13803,8
13804,4
13805,8
13806,8
13807,7
13808,3
13809,1
13810,3
13811,8
13812,11
13813,13
13814,11
13815,0
13816,10
13817,4
13818,5
13819,13
13820,0
13821,12
13822,1
13823,8
13824,12
13825,0
13826,4
13827,12
13828,3
13829,11
13830,2
13831,2
13832,13
13833,2
13834,8
13835,4
13836,2
13837,2
13838,4
13839,1
13840,8
13841,11
13842,10
13843,0
13844,12
13845,11
13846,4
13847,2
13848,10
13849,8
13850,7
13851,2
13852,7
13853,1
13854,9
13855,8
13856,4
13857,8
13858,3
13859,0
13860,3
13861,10
13862,1
13863,12
13864,3
13865,2
13866,9
13867,4
13868,8
13869,8
13870,13
13871,4
13872,11
13873,4
13874,4
13875,11
13876,6
13877,10
13878,1
13879,3
13880,7
13881,8
13882,2
13883,12
13884,3
13885,13
13886,0
13887,11
13888,0
13889,10
13890,11
13891,8
13892,9
13893,12
13894,6
13895,11
13896,0
13897,4
13898,3
13899,0
13900,7
13901,4
13902,8
13903,11
13904,2
13905,3
13906,2
13907,2
13908,8
13909,13
13910,1
13911,11
13912,11
13913,8
13914,8
13915,3
13916,13
13917,0
13918,4
13919,10
13920,2
13921,10
13922,1
13923,0
13924,1
13925,7
13926,12
13927,13
13928,13
13929,12
13930,10
13931,8
13932,8
13933,1
13934,0
13935,1
13936,2
13937,9
13938,1
13939,8
13940,2
13941,4
13942,1
13943,9
13944,8
13945,11
13946,12
13947,2
13948,13
13949,9
13950,7
13951,2
13952,1
13953,6
13954,8
13955,2
13956,7
13957,0
13958,4
13959,11
13960,10
13961,13
13962,6
13963,11
13964,13
13965,7
13966,8
13967,9
13968,11
13969,0
13970,6
13971,12
13972,4
13973,8
13974,9
13975,6
13976,7
13977,0
13978,0
13979,0
13980,0
13981,8
13982,2
13983,13
13984,0
13985,6
13986,2
13987,11
13988,7
13989,7
13990,0
13991,9
13992,12
13993,0
13994,8
13995,12
13996,8
13997,1
13998,0
13999,1
14000,7
14001,13
14002,9
14003,12
14004,10
14005,9
14006,8
14007,5
14008,1
14009,1
14010,0
14011,8
14012,12
14013,2
14014,11
14015,12
14016,4
14017,9
14018,1
14019,3
14020,2
14021,13
14022,0
14023,10
14024,1
14025,10
14026,12
14027,11
14028,3
14029,8
14030,4
14031,1
14032,2
14033,11
14034,4
14035,13
14036,6
14037,9
14038,0
14039,2
14040,0
14041,1
14042,11
14043,0
14044,13
14045,10
14046,4
14047,3
14048,4
14049,7
14050,0
14051,7
14052,4
14053,10
14054,7
14055,4
14056,9
14057,12
14058,1
14059,0
14060,5
14061,10
14062,2
14063,11
14064,13
14065,6
14066,8
14067,4
14068,11
14069,1
14070,4
14071,7
14072,5
14073,13
14074,7
14075,4
14076,12
14077,2
14078,6
14079,0
14080,6
14081,9
14082,3
14083,7
14084,2
14085,8
14086,11
14087,11
14088,0
14089,2
14090,8
14091,1
14092,4
14093,11
14094,12
14095,4
14096,1
14097,8
14098,7
14099,11
14100,13
14101,8
14102,8
14103,4
14104,10
14105,8
14106,11
14107,3
14108,13
14109,13
14110,10
14111,4
14112,2
14113,4
14114,10
14115,7
14116,10
14117,0
14118,2
14119,5
14120,13
14121,1
14122,9
14123,11
14124,1
14125,3
14126,1
14127,9
14128,2
14129,12
14130,4
14131,3
14132,12
14133,8
14134,1
14135,0
14136,1
14137,5
14138,2
14139,6
14140,3
14141,4
14142,0
14143,6
14144,6
14145,0
14146,1
14147,7
14148,6
14149,6
14150,11
14151,6
14152,12
14153,1
14154,0
14155,8
14156,7
14157,7
14158,6
14159,7
14160,12
14161,2
14162,10
14163,0
14164,13
14165,2
14166,12
14167,8
14168,8
14169,6
14170,4
14171,0
14172,0
14173,2
14174,1
14175,1
14176,1
14177,11
14178,10
14179,0
14180,12
14181,11
14182,12
14183,3
14184,1
14185,11
14186,1
14187,3
14188,10
14189,13
14190,1
14191,9
14192,1
14193,0
14194,7
14195,8
14196,2
14197,6
14198,10
14199,2
14200,6
14201,13
14202,11
14203,1
14204,1
14205,13
14206,11
14207,8
14208,7
14209,1
14210,3
14211,5
14212,1
14213,7
14214,1
14215,3
14216,13
14217,0
14218,9
14219,4
14220,1
14221,4
14222,2
14223,10
14224,5
14225,8
14226,11
14227,11
14228,11
14229,4
14230,7
14231,10
14232,2
14233,7
14234,4
14235,2
14236,0
14237,10
14238,8
14239,7
14240,0
14241,2
14242,12
14243,1
14244,7
14245,10
14246,6
14247,1
14248,10
14249,7
14250,4
14251,1
14252,0
14253,12
14254,5
14255,10
14256,4
14257,4
14258,0
14259,1
14260,11
14261,1
14262,1
14263,12
14264,11
14265,12
14266,11
14267,7
14268,0
14269,13
14270,2
14271,13
14272,10
14273,0
14274,0
14275,13
14276,4
14277,13
14278,12
14279,0
14280,4
14281,9
14282,8
14283,2
14284,12
14285,6
14286,10
14287,0
14288,10
14289,10
14290,7
14291,8
14292,7
14293,4
14294,2
14295,1
14296,0
14297,0
14298,11
14299,9
14300,2
14301,11
14302,1
14303,4
14304,13
14305,8
14306,1
14307,7
14308,11
14309,3
14310,2
14311,4
14312,6
14313,2
14314,11
14315,12
14316,0
14317,8
14318,4
14319,10
14320,13
14321,12
14322,1
14323,3
14324,1
14325,7
14326,12
14327,9
14328,0
14329,2
14330,2
14331,3
14332,11
14333,2
14334,5
14335,7
14336,9
14337,3
14338,0
14339,3
14340,2
14341,10
14342,12
14343,11
14344,7
14345,13
14346,2
14347,13
14348,3
14349,11
14350,8
14351,6
14352,10
14353,7
14354,8
14355,1
14356,11
14357,4
14358,10
14359,2
14360,13
14361,13
14362,6
14363,8
14364,7
14365,6
14366,8
14367,10
14368,8
14369,12
14370,11
14371,0
14372,4
14373,0
14374,7
14375,6
14376,0
14377,0
14378,9
14379,6
14380,7
14381,7
14382,2
14383,7
14384,11
14385,0
14386,12
14387,1
14388,7
14389,3
14390,12
14391,10
14392,7
14393,7
14394,6
14395,13
14396,9
14397,12
14398,11
14399,12
14400,8
14401,7
14402,11
14403,6
14404,6
14405,12
14406,1
14407,4
14408,0
14409,6
14410,7
14411,7
14412,13
14413,10
14414,3
14415,11
14416,0
14417,10
14418,8
14419,2
14420,7
14421,8
14422,9
14423,4
14424,6
14425,2
14426,12
14427,9
14428,9
14429,9
14430,1
14431,8
14432,2
14433,7
14434,7
14435,6
14436,7
14437,3
14438,2
14439,2
14440,11
14441,1
14442,6
14443,0
14444,3
14445,1
14446,1
14447,0
14448,0
14449,6
14450,0
14451,7
14452,3
14453,2
14454,0
14455,7
14456,12
14457,1
14458,11
14459,11
14460,1
14461,12
14462,4
14463,0
14464,0
14465,11
14466,10
14467,9
14468,6
14469,6
14470,2
14471,8
14472,2
14473,8
14474,10
14475,11
14476,3
14477,2
14478,3
14479,10
14480,0
14481,11
14482,12
14483,0
14484,13
14485,6
14486,9
14487,4
14488,12
14489,7
14490,6
14491,7
14492,7
14493,1
14494,2
14495,2
14496,11
14497,11
14498,12
14499,2
14500,11
14501,11
14502,1
14503,11
14504,2
14505,11
14506,0
14507,1
14508,0
14509,6
14510,0
14511,10
14512,11
14513,2
14514,1
14515,7
14516,9
14517,11
14518,2
14519,10
14520,2
14521,10
14522,7
14523,9
14524,10
14525,12
14526,7
14527,1
14528,12
14529,6
14530,10
14531,12
14532,8
14533,10
14534,8
14535,12
14536,2
14537,0
14538,8
14539,13
14540,8
14541,7
14542,4
14543,5
14544,13
14545,4
14546,4
14547,9
14548,4
14549,11
14550,11
14551,7
14552,4
14553,12
14554,2
14555,6
14556,1
14557,0
14558,0
14559,0
14560,12
14561,8
14562,2
14563,11
14564,0
14565,3
14566,3
14567,6
14568,11
14569,4
14570,8
14571,0
14572,7
14573,4
14574,12
14575,0
14576,1
14577,3
14578,2
14579,12
14580,3
14581,2
14582,3
14583,0
14584,12
14585,1
14586,12
14587,11
14588,8
14589,13
14590,6
14591,11
14592,3
14593,9
14594,12
14595,10
14596,2
14597,10
14598,8
14599,4
14600,3
14601,8
14602,1
14603,0
14604,3
14605,2
14606,8
14607,11
14608,10
14609,13
14610,8
14611,12
14612,1
14613,11
14614,6
14615,4
14616,1
14617,11
14618,0
14619,12
14620,1
14621,4
14622,1
14623,7
14624,12
14625,6
14626,6
14627,6
14628,9
14629,8
14630,11
14631,11
14632,11
14633,7
14634,9
14635,7
14636,12
14637,7
14638,8
14639,13
14640,13
14641,3
14642,4
14643,9
14644,6
14645,5
14646,0
14647,11
14648,7
14649,11
14650,0
14651,11
14652,10
14653,2
14654,1
14655,8
14656,6
14657,3
14658,13
14659,2
14660,0
14661,0
14662,9
14663,13
14664,6
14665,9
14666,4
14667,0
14668,6
14669,3
14670,1
14671,8
14672,3
14673,1
14674,4
14675,0
14676,4
14677,11
14678,0
14679,3
14680,1
14681,7
14682,2
14683,10
14684,1
14685,11
14686,7
14687,6
14688,1
14689,10
14690,13
14691,9
14692,12
14693,3
14694,4
14695,5
14696,3
14697,4
14698,12
14699,6
14700,1
14701,1
14702,12
14703,4
14704,4
14705,2
14706,1
14707,0
14708,3
14709,13
14710,11
14711,1
14712,1
14713,0
14714,8
14715,11
14716,13
14717,1
14718,1
14719,12
14720,2
14721,2
14722,6
14723,5
14724,11
14725,0
14726,2
14727,10
14728,11
14729,9
14730,12
14731,1
14732,3
14733,8
14734,12
14735,11
14736,0
14737,8
14738,13
14739,2
14740,7
14741,6
14742,6
14743,7
14744,9
14745,1
14746,13
14747,9
14748,10
14749,0
14750,10
14751,0
14752,11
14753,2
14754,2
14755,1
14756,6
14757,0
14758,3
14759,1
14760,11
14761,1
14762,6
14763,1
14764,1
14765,0
14766,0
14767,4
14768,13
14769,2
14770,7
14771,0
14772,5
14773,2
14774,0
14775,12
14776,12
14777,11
14778,10
14779,7
14780,8
14781,0
14782,2
14783,2
14784,11
14785,3
14786,1
14787,6
14788,2
14789,11
14790,0
14791,4
14792,0
14793,2
14794,2
14795,10
14796,8
14797,11
14798,0
14799,2
14800,7
14801,1
14802,11
14803,1
14804,13
14805,0
14806,1
14807,1
14808,13
14809,6
14810,10
14811,0
14812,10
14813,13
14814,11
14815,6
14816,11
14817,12
14818,3
14819,8
14820,4
14821,8
14822,10
14823,2
14824,1
14825,5
14826,2
14827,0
14828,7
14829,7
14830,3
14831,8
14832,8
14833,13
14834,7
14835,8
14836,13
14837,2
14838,10
14839,1
14840,11
14841,0
14842,7
14843,13
14844,10
14845,0
14846,9
14847,1
14848,2
14849,8
14850,1
14851,1
14852,1
14853,11
14854,0
14855,7
14856,0
14857,6
14858,4
14859,6
14860,5
14861,3
14862,3
14863,0
14864,0
14865,6
14866,8
14867,7
14868,8
14869,0
14870,7
14871,12
14872,5
14873,0
14874,11
14875,3
14876,6
14877,10
14878,12
14879,6
14880,7
14881,12
14882,2
14883,2
14884,3
14885,3
14886,4
14887,1
14888,4
14889,1
14890,0
14891,0
14892,3
14893,3
14894,2
14895,1
14896,1
14897,10
14898,3
14899,10
14900,11
14901,8
14902,10
14903,12
14904,8
14905,0
14906,4
14907,11
14908,13
14909,11
14910,1
14911,6
14912,12
14913,7
14914,13
14915,11
14916,1
14917,0
14918,2
14919,11
14920,3
14921,6
14922,0
14923,9
14924,11
14925,3
14926,6
14927,10
14928,3
14929,11
14930,8
14931,11
14932,1
14933,11
14934,3
14935,11
14936,4
14937,1
14938,8
14939,2
14940,10
14941,9
14942,12
14943,0
14944,11
14945,4
14946,7
14947,1
14948,2
14949,4
14950,11
14951,12
14952,2
14953,10
14954,10
14955,11
14956,10
14957,8
14958,1
14959,8
14960,7
14961,11
14962,8
14963,12
14964,3
14965,11
14966,1
14967,2
14968,1
14969,1
14970,12
14971,3
14972,6
14973,0
14974,13
14975,4
14976,9
14977,6
14978,13
14979,10
14980,1
14981,10
14982,2
14983,2
14984,6
14985,12
14986,4
14987,11
14988,11
14989,7
14990,9
14991,11
14992,2
14993,5
14994,2
14995,7
14996,5
14997,2
14998,13
14999,0
15000,7
15001,9
15002,8
15003,0
15004,6
15005,8
15006,2
15007,11
15008,6
15009,8
15010,0
15011,13
15012,3
15013,2
15014,6
15015,5
15016,10
15017,2
15018,6
15019,13
15020,11
15021,11
15022,10
15023,2
15024,12
15025,0
15026,11
15027,2
15028,12
15029,6
15030,2
15031,1
15032,7
15033,9
15034,6
15035,12
15036,3
15037,8
15038,2
15039,2
15040,3
15041,7
15042,2
15043,7
15044,4
15045,8
15046,7
15047,7
15048,13
15049,2
15050,0
15051,6
15052,8
15053,2
15054,2
15055,10
15056,8
15057,3
15058,8
15059,1
15060,1
15061,12
15062,6
15063,11
15064,8
15065,13
15066,1
15067,3
15068,10
15069,6
15070,0
15071,9
15072,2
15073,4
15074,4
15075,6
15076,10
15077,6
15078,11
15079,5
15080,11
15081,4
15082,3
15083,11
15084,4
15085,8
15086,7
15087,13
15088,4
15089,4
15090,11
15091,2
15092,5
15093,2
15094,0
15095,13
15096,12
15097,6
15098,4
15099,6
15100,7
15101,6
15102,11
15103,4
15104,0
15105,2
15106,3
15107,13
15108,10
15109,2
15110,10
15111,1
15112,9
15113,12
15114,0
15115,12
15116,10
15117,12
15118,7
15119,7
15120,7
15121,10
15122,11
15123,11
15124,0
15125,10
15126,12
15127,2
15128,7
15129,1
15130,4
15131,12
15132,4
15133,1
15134,8
15135,10
15136,7
15137,8
15138,13
15139,8
15140,13
15141,3
15142,6
15143,1
15144,10
15145,1
15146,11
15147,2
15148,7
15149,6
15150,7
15151,7
15152,7
15153,7
15154,8
15155,13
15156,6
15157,2
15158,8
15159,2
15160,0
15161,1
15162,7
15163,11
15164,5
15165,4
15166,11
15167,13
15168,1
15169,4
15170,4
15171,4
15172,12
15173,2
15174,3
15175,8
15176,1
15177,12
15178,12
15179,12
15180,8
15181,0
15182,1
15183,2
15184,1
15185,11
15186,6
15187,2
15188,11
15189,5
15190,2
15191,2
15192,0
15193,0
15194,2
15195,13
15196,7
15197,8
15198,7
15199,6
15200,9
15201,6
15202,12
15203,1
15204,3
15205,11
15206,2
15207,0
15208,1
15209,13
15210,3
15211,8
15212,9
15213,2
15214,0
15215,6
15216,9
15217,7
15218,11
15219,13
15220,7
15221,6
15222,12
15223,5
15224,3
15225,12
15226,2
15227,2
15228,6
15229,10
15230,8
15231,0
15232,9
15233,0
15234,2
15235,2
15236,6
15237,2
15238,3
15239,1
15240,6
15241,2
15242,4
15243,0
15244,8
15245,9
15246,4
15247,7
15248,2
15249,12
15250,12
15251,0
15252,2
15253,13
15254,13
15255,2
15256,11
15257,1
15258,10
15259,6
15260,12
15261,11
15262,9
15263,11
15264,7
15265,0
15266,7
15267,9
15268,2
15269,12
15270,7
15271,6
15272,0
15273,9
15274,10
15275,10
15276,2
15277,2
15278,9
15279,3
15280,4
15281,11
15282,10
15283,3
15284,2
15285,2
15286,2
15287,6
15288,12
15289,4
15290,12
15291,3
15292,7
15293,3
15294,1
15295,6
15296,8
15297,8
15298,2
15299,4
15300,2
15301,5
15302,12
15303,0
15304,2
15305,3
15306,2
15307,7
15308,7
15309,7
15310,4
15311,4
15312,1
15313,8
15314,10
15315,10
15316,6
15317,4
15318,11
15319,9
15320,12
15321,0
15322,1
15323,1
15324,7
15325,7
15326,12
15327,6
15328,2
15329,6
15330,7
15331,4
15332,0
15333,10
15334,7
15335,0
15336,8
15337,2
15338,1
15339,12
15340,7
15341,11
15342,4
15343,12
15344,11
15345,7
15346,12
15347,11
15348,7
15349,7
15350,2
15351,10
15352,12
15353,10
15354,6
15355,0
15356,2
15357,6
15358,0
15359,12
15360,11
15361,13
15362,13
15363,10
15364,8
15365,6
15366,10
15367,12
15368,6
15369,12
15370,1
15371,12
15372,1
15373,0
15374,11
15375,11
15376,10
15377,6
15378,1
15379,7
15380,0
15381,0
15382,0
15383,4
15384,0
15385,1
15386,1
15387,2
15388,7
15389,3
15390,9
15391,10
15392,13
15393,10
15394,1
15395,13
15396,12
15397,12
15398,1
15399,3
15400,2
15401,4
15402,2
15403,9
15404,0
15405,4
15406,6
15407,10
15408,13
15409,10
15410,0
15411,1
15412,12
15413,1
15414,9
15415,8
15416,1
15417,12
15418,11
15419,11
15420,12
15421,6
15422,8
15423,9
15424,4
15425,8
15426,8
15427,11
15428,10
15429,12
15430,2
15431,7
15432,7
15433,11
15434,6
15435,1
15436,4
15437,0
15438,0
15439,2
15440,6
15441,8
15442,12
15443,4
15444,12
15445,12
15446,7
15447,6
15448,7
15449,7
15450,8
15451,0
15452,11
15453,13
15454,10
15455,11
15456,11
15457,9
15458,1
15459,12
15460,11
15461,8
15462,6
15463,6
15464,2
15465,9
15466,12
15467,1
15468,3
15469,2
15470,12
15471,2
15472,7
15473,3
15474,12
15475,13
15476,11
15477,9
15478,4
15479,2
15480,4
15481,13
15482,1
15483,1
15484,12
15485,6
15486,1
15487,6
15488,2
15489,6
15490,4
15491,11
15492,11
15493,9
15494,1
15495,12
15496,2
15497,12
15498,4
15499,1
15500,2
15501,4
15502,3
15503,7
15504,0
15505,11
15506,4
15507,7
15508,4
15509,0
15510,8
15511,12
15512,9
15513,11
15514,11
15515,2
15516,13
15517,3
15518,8
15519,0
15520,7
15521,3
15522,2
15523,4
15524,2
15525,11
15526,0
15527,7
15528,4
15529,1
15530,7
15531,11
15532,1
15533,8
15534,0
15535,12
15536,7
15537,13
15538,0
15539,4
15540,11
15541,1
15542,1
15543,13
15544,12
15545,7
15546,4
15547,8
15548,10
15549,2
15550,11
15551,12
15552,4
15553,0
15554,9
15555,8
15556,12
15557,2
15558,1
15559,11
15560,0
15561,13
15562,0
15563,3
15564,8
15565,12
15566,11
15567,10
15568,10
15569,3
15570,3
15571,6
15572,11
15573,8
15574,9
15575,11
15576,2
15577,2
15578,12
15579,10
15580,7
15581,4
15582,12
15583,13
15584,1
15585,4
15586,1
15587,2
15588,12
15589,7
15590,3
15591,12
15592,11
15593,8
15594,3
15595,11
15596,8
15597,1
15598,11
15599,0
15600,2
15601,1
15602,12
15603,1
15604,6
15605,8
15606,2
15607,0
15608,6
15609,6
15610,1
15611,11
15612,12
15613,4
15614,6
15615,11
15616,11
15617,12
15618,7
15619,11
15620,6
15621,11
15622,7
15623,4
15624,11
15625,3
15626,5
15627,12
15628,2
15629,3
15630,7
15631,13
15632,7
15633,12
15634,3
15635,3
15636,1
15637,11
15638,3
15639,0
15640,10
15641,12
15642,10
15643,0
15644,7
15645,1
15646,0
15647,3
15648,1
15649,4
15650,1
15651,6
15652,2
15653,12
15654,8
15655,10
15656,6
15657,1
15658,7
15659,8
15660,13
15661,10
15662,12
15663,2
15664,7
15665,13
15666,13
15667,9
15668,12
15669,4
15670,3
15671,1
15672,2
15673,12
15674,6
15675,10
15676,1
15677,2
15678,8
15679,2
15680,12
15681,5
15682,10
15683,2
15684,7
15685,12
15686,11
15687,1
15688,12
15689,4
15690,2
15691,2
15692,1
15693,9
15694,13
15695,0
15696,13
15697,9
15698,0
15699,11
15700,4
15701,5
15702,1
15703,13
15704,3
15705,1
15706,12
15707,7
15708,13
15709,6
15710,0
15711,1
15712,9
15713,4
15714,6
15715,11
15716,2
15717,10
15718,3
15719,2
15720,2
15721,3
15722,12
15723,9
15724,8
15725,11
15726,13
15727,13
15728,12
15729,1
15730,9
15731,13
15732,3
15733,4
15734,0
15735,8
15736,6
15737,7
15738,0
15739,6
15740,6
15741,0
15742,11
15743,7
15744,6
15745,3
15746,13
15747,11
15748,13
15749,13
15750,1
15751,0
15752,11
15753,12
15754,10
15755,13
15756,11
15757,8
15758,4
15759,13
15760,8
15761,4
15762,12
15763,6
15764,11
15765,11
15766,9
15767,11
15768,12
15769,13
15770,11
15771,4
15772,8
15773,11
15774,1
15775,7
15776,6
15777,2
15778,1
15779,8
15780,11
15781,9
15782,7
15783,4
15784,1
15785,11
15786,0
15787,10
15788,12
15789,9
15790,6
15791,9
15792,6
15793,4
15794,9
15795,10
15796,12
15797,7
15798,4
15799,8
15800,0
15801,11
15802,2
15803,0
15804,3
15805,4
15806,10
15807,11
15808,6
15809,12
15810,11
15811,2
15812,1
15813,0
15814,8
15815,13
15816,1
15817,2
15818,6
15819,2
15820,2
15821,3
15822,12
15823,9
15824,9
15825,12
15826,7
15827,12
15828,1
15829,1
15830,4
15831,13
15832,13
15833,3
15834,7
15835,11
15836,12
15837,0
15838,12
15839,11
15840,12
15841,2
15842,9
15843,6
15844,12
15845,11
15846,4
15847,9
15848,7
15849,11
15850,8
15851,2
15852,7
15853,2
15854,6
15855,13
15856,12
15857,11
15858,10
15859,9
15860,12
15861,1
15862,9
15863,7
15864,6
15865,5
15866,2
15867,2
15868,9
15869,11
15870,6
15871,6
15872,11
15873,4
15874,8
15875,2
15876,12
15877,10
15878,1
15879,9
15880,10
15881,6
15882,6
15883,11
15884,12
15885,6
15886,1
15887,10
15888,1
15889,0
15890,7
15891,6
15892,2
15893,0
15894,11
15895,2
15896,1
15897,0
15898,1
15899,13
15900,2
15901,7
15902,13
15903,12
15904,13
15905,9
15906,7
15907,12
15908,2
15909,0
15910,6
15911,2
15912,8
15913,13
15914,3
15915,4
15916,0
15917,11
15918,3
15919,4
15920,0
15921,12
15922,0
15923,10
15924,8
15925,12
15926,1
15927,5
15928,2
15929,12
15930,6
15931,9
15932,11
15933,7
15934,8
15935,0
15936,9
15937,0
15938,8
15939,2
15940,0
15941,9
15942,4
15943,13
15944,6
15945,1
15946,2
15947,4
15948,13
15949,6
15950,8
15951,13
15952,1
15953,12
15954,4
15955,6
15956,2
15957,8
15958,9
15959,9
15960,2
15961,5
15962,11
15963,13
15964,7
15965,4
15966,10
15967,9
15968,12
15969,7
15970,5
15971,9
15972,4
15973,1
15974,6
15975,4
15976,7
15977,2
15978,7
15979,8
15980,12
15981,2
15982,2
15983,10
15984,1
15985,13
15986,11
15987,1
15988,8
15989,0
15990,1
15991,13
15992,7
15993,11
15994,1
15995,11
15996,6
15997,8
15998,1
15999,3
16000,11
16001,9
16002,9
16003,10
16004,0
16005,3
16006,10
16007,2
16008,11
16009,0
16010,9
16011,6
16012,8
16013,5
16014,1
16015,9
16016,5
16017,8
16018,7
16019,7
16020,2
16021,4
16022,11
16023,6
16024,13
16025,2
16026,0
16027,2
16028,11
16029,9
16030,0
16031,6
16032,1
16033,1
16034,1
16035,12
16036,8
16037,8
16038,8
16039,0
16040,4
16041,8
16042,6
16043,7
16044,6
16045,11
16046,0
16047,2
16048,11
16049,12
16050,2
16051,8
16052,4
16053,13
16054,11
16055,0
16056,6
16057,11
16058,2
16059,2
16060,4
16061,1
16062,0
16063,8
16064,12
16065,4
16066,9
16067,7
16068,10
16069,11
16070,11
16071,2
16072,13
16073,7
16074,0
16075,6
16076,11
16077,4
16078,6
16079,13
16080,12
16081,7
16082,12
16083,11
16084,8
16085,11
16086,11
16087,6
16088,7
16089,8
16090,7
16091,11
16092,6
16093,6
16094,12
16095,2
16096,11
16097,1
16098,9
16099,7
16100,1
16101,7
16102,4
16103,7
16104,13
16105,1
16106,8
16107,8
16108,10
16109,2
16110,7
16111,1
16112,1
16113,4
16114,11
16115,11
16116,8
16117,6
16118,11
16119,2
16120,6
16121,8
16122,12
16123,1
16124,12
16125,12
16126,2
16127,10
16128,6
16129,13
16130,12
16131,10
16132,3
16133,11
16134,8
16135,7
16136,6
16137,12
16138,4
16139,2
16140,11
16141,0
16142,13
16143,4
16144,6
16145,9
16146,0
16147,0
16148,0
16149,5
16150,2
16151,7
16152,5
16153,6
16154,13
16155,12
16156,7
16157,1
16158,6
16159,8
16160,12
16161,4
16162,11
16163,5
16164,2
16165,12
16166,2
16167,2
16168,11
16169,0
16170,3
16171,11
16172,4
16173,12
16174,4
16175,2
16176,6
16177,8
16178,11
16179,8
16180,9
16181,7
16182,4
16183,10
16184,8
16185,3
16186,10
16187,4
16188,0
16189,6
16190,1
16191,7
16192,8
16193,13
16194,13
16195,9
16196,10
16197,9
16198,9
16199,11
16200,10
16201,11
16202,3
16203,1
16204,8
16205,0
16206,8
16207,7
16208,11
16209,11
16210,0
16211,3
16212,8
16213,0
16214,4
16215,12
16216,5
16217,8
16218,2
16219,4
16220,2
16221,0
16222,8
16223,4
16224,11
16225,7
16226,2
16227,11
16228,1
16229,8
16230,7
16231,2
16232,4
16233,4
16234,8
16235,2
16236,6
16237,0
16238,6
16239,0
16240,1
16241,12
16242,10
16243,1
16244,12
16245,13
16246,4
16247,11
16248,12
16249,1
16250,11
16251,2
16252,11
16253,1
16254,0
16255,7
16256,7
16257,7
16258,1
16259,11
16260,9
16261,4
16262,10
16263,4
16264,7
16265,11
16266,12
16267,8
16268,11
16269,2
16270,2
16271,1
16272,11
16273,2
16274,0
16275,2
16276,3
16277,11
16278,0
16279,11
16280,6
16281,2
16282,2
16283,2
16284,1
16285,0
16286,0
16287,8
16288,11
16289,0
16290,11
16291,6
16292,13
16293,7
16294,6
16295,5
16296,3
16297,6
16298,7
16299,11
16300,2
16301,6
16302,9
16303,1
16304,0
16305,9
16306,7
16307,8
16308,12
16309,4
16310,3
16311,7
16312,6
16313,0
16314,4
16315,1
16316,1
16317,3
16318,11
16319,9
16320,0
16321,12
16322,8
16323,4
16324,1
16325,7
16326,8
16327,3
16328,4
16329,11
16330,8
16331,4
16332,0
16333,2
16334,10
16335,9
16336,13
16337,10
16338,2
16339,1
16340,13
16341,9
16342,7
16343,11
16344,2
16345,11
16346,7
16347,12
16348,7
16349,7
16350,7
16351,4
16352,0
16353,11
16354,9
16355,1
16356,1
16357,7
16358,11
16359,7
16360,0
16361,7
16362,9
16363,4
16364,11
16365,13
16366,8
16367,4
16368,0
16369,11
16370,2
16371,11
16372,10
16373,1
16374,0
16375,12
16376,7
16377,1
16378,8
16379,9
16380,10
16381,10
16382,7
16383,11
16384,6
16385,7
16386,12
16387,11
16388,6
16389,1
16390,11
16391,3
16392,11
16393,3
16394,2
16395,2
16396,0
16397,2
16398,3
16399,12
16400,12
16401,8
16402,11
16403,1
16404,4
16405,11
16406,3
16407,2
16408,2
16409,10
16410,11
16411,11
16412,2
16413,7
16414,11
16415,6
16416,0
16417,3
16418,8
16419,1
16420,3
16421,10
16422,8
16423,1
16424,4
16425,11
16426,12
16427,7
16428,10
16429,2
16430,6
16431,1
16432,2
16433,6
16434,2
16435,7
16436,9
16437,6
16438,0
16439,11
16440,10
16441,2
16442,10
16443,10
16444,1
16445,2
16446,10
16447,11
16448,6
16449,4
16450,7
16451,4
16452,11
16453,0
16454,2
16455,7
16456,5
16457,12
16458,1
16459,6
16460,8
16461,4
16462,2
16463,2
16464,12
16465,4
16466,4
16467,6
16468,2
16469,1
16470,2
16471,0
16472,2
16473,1
16474,0
16475,1
16476,12
16477,1
16478,1
16479,12
16480,9
16481,1
16482,0
16483,11
16484,11
16485,2
16486,12
16487,11
16488,4
16489,8
16490,1
16491,6
16492,2
16493,7
16494,11
16495,4
16496,0
16497,1
16498,13
16499,10
16500,3
16501,6
16502,8
16503,7
16504,9
16505,0
16506,0
16507,7
16508,10
16509,12
16510,5
16511,5
16512,9
16513,2
16514,2
16515,7
16516,1
16517,9
16518,12
16519,11
16520,11
16521,4
16522,11
16523,0
16524,4
16525,7
16526,2
16527,2
16528,7
16529,11
16530,12
16531,4
16532,7
16533,1
16534,11
16535,1
16536,10
16537,11
16538,8
16539,10
16540,0
16541,1
16542,3
16543,5
16544,7
16545,4
16546,0
16547,10
16548,2
16549,6
16550,2
16551,0
16552,11
16553,3
16554,8
16555,4
16556,8
16557,10
16558,1
16559,2
16560,10
16561,10
16562,10
16563,11
16564,0
16565,11
16566,10
16567,0
16568,12
16569,6
16570,3
16571,4
16572,12
16573,11
16574,11
16575,0
16576,0
16577,1
16578,0
16579,6
16580,11
16581,12
16582,2
16583,2
16584,11
16585,7
16586,4
16587,7
16588,11
16589,6
16590,3
16591,0
16592,8
16593,5
16594,7
16595,3
16596,3
16597,7
16598,8
16599,0
16600,0
16601,2
16602,3
16603,3
16604,10
16605,7
16606,6
16607,5
16608,10
16609,8
16610,8
16611,7
16612,8
16613,8
16614,12
16615,2
16616,10
16617,8
16618,11
16619,0
16620,7
16621,12
16622,1
16623,2
16624,6
16625,8
16626,0
16627,6
16628,7
16629,9
16630,5
16631,4
16632,0
16633,1
16634,7
16635,11
16636,2
16637,1
16638,2
16639,2
16640,3
16641,13
16642,12
16643,12
16644,10
16645,4
16646,6
16647,4
16648,12
16649,1
16650,6
16651,2
16652,11
16653,0
16654,11
16655,2
16656,11
16657,4
16658,7
16659,12
16660,2
16661,0
16662,0
16663,3
16664,9
16665,8
16666,12
16667,1
16668,9
16669,1
16670,11
16671,9
16672,12
16673,6
16674,0
16675,2
16676,6
16677,11
16678,8
16679,4
16680,10
16681,12
16682,0
16683,11
16684,13
16685,10
16686,3
16687,7
16688,9
16689,1
16690,1
16691,13
16692,11
16693,2
16694,6
16695,4
16696,11
16697,4
16698,0
16699,1
16700,1
16701,2
16702,12
16703,7
16704,9
16705,11
16706,0
16707,7
16708,1
16709,0
16710,8
16711,0
16712,8
16713,8
16714,1
16715,4
16716,11
16717,0
16718,13
16719,7
16720,1
16721,0
16722,6
16723,2
16724,5
16725,2
16726,0
16727,7
16728,6
16729,13
16730,6
16731,2
16732,8
16733,4
16734,13
16735,1
16736,6
16737,10
16738,11
16739,1
16740,9
16741,11
16742,2
16743,8
16744,6
16745,8
16746,10
16747,13
16748,9
16749,3
16750,11
16751,6
16752,8
16753,11
16754,0
16755,13
16756,7
16757,13
16758,2
16759,7
16760,4
16761,3
16762,7
16763,8
16764,9
16765,1
16766,11
16767,12
16768,0
16769,3
16770,3
16771,0
16772,2
16773,13
16774,11
16775,4
16776,3
16777,4
16778,11
16779,3
16780,13
16781,3
16782,7
16783,7
16784,1
16785,0
16786,4
16787,8
16788,2
16789,6
16790,10
16791,6
16792,0
16793,9
16794,12
16795,6
16796,11
16797,4
16798,0
16799,8
16800,12
16801,2
16802,6
16803,8
16804,0
16805,10
16806,0
16807,12
16808,0
16809,3
16810,12
16811,6
16812,0
16813,4
16814,2
16815,6
16816,7
16817,6
16818,11
16819,11
16820,1
16821,11
16822,0
16823,1
16824,1
16825,6
16826,10
16827,2
16828,1
16829,2
16830,1
16831,6
16832,1
16833,11
16834,1
16835,13
16836,10
16837,6
16838,8
16839,2
16840,11
16841,1
16842,12
16843,8
16844,8
16845,6
16846,4
16847,12
16848,10
16849,3
16850,7
16851,9
16852,13
16853,10
16854,0
16855,0
16856,0
16857,3
16858,10
16859,1
16860,11
16861,1
16862,3
16863,6
16864,8
16865,2
16866,12
16867,6
16868,7
16869,6
16870,1
16871,7
16872,11
16873,12
16874,6
16875,12
16876,13
16877,3
16878,12
16879,1
16880,2
16881,12
16882,4
16883,0
16884,6
16885,0
16886,4
16887,1
16888,4
16889,11
16890,1
16891,7
16892,6
16893,13
16894,13
16895,7
16896,4
16897,12
16898,0
16899,1
16900,13
16901,2
16902,6
16903,2
16904,1
16905,7
16906,3
16907,7
16908,12
16909,6
16910,7
16911,8
16912,2
16913,1
16914,10
16915,0
16916,9
16917,3
16918,8
16919,11
16920,13
16921,4
16922,11
16923,8
16924,1
16925,8
16926,2
16927,1
16928,12
16929,12
16930,10
16931,6
16932,2
16933,9
16934,3
16935,12
16936,12
16937,8
16938,2
16939,7
16940,11
16941,7
16942,4
16943,1
16944,1
16945,12
16946,7
16947,7
16948,12
16949,0
16950,3
16951,13
16952,7
16953,13
16954,2
16955,10
16956,2
16957,3
16958,7
16959,8
16960,12
16961,8
16962,8
16963,4
16964,2
16965,2
16966,9
16967,9
16968,2
16969,7
16970,8
16971,10
16972,1
16973,3
16974,11
16975,1
16976,6
16977,8
16978,11
16979,12
16980,11
16981,1
16982,0
16983,0
16984,1
16985,0
16986,2
16987,11
16988,0
16989,3
16990,11
16991,11
16992,11
16993,11
16994,1
16995,9
16996,0
16997,11
16998,8
16999,10
17000,12
17001,11
17002,8
17003,9
17004,2
17005,13
17006,0
17007,8
17008,4
17009,0
17010,12
17011,10
17012,12
17013,10
17014,4
17015,9
17016,5
17017,12
17018,7
17019,0
17020,11
17021,9
17022,8
17023,6
17024,8
17025,13
17026,4
17027,5
17028,11
17029,9
17030,6
17031,11
17032,7
17033,11
17034,6
17035,0
17036,11
17037,2
17038,11
17039,9
17040,8
17041,4
17042,4
17043,12
17044,0
17045,10
17046,13
17047,1
17048,0
17049,4
17050,4
17051,13
17052,0
17053,9
17054,0
17055,5
17056,12
17057,1
17058,1
17059,7
17060,2
17061,9
17062,8
17063,13
17064,11
17065,13
17066,11
17067,0
17068,9
17069,8
17070,9
17071,0
17072,0
17073,9
17074,8
17075,12
17076,13
17077,10
17078,11
17079,7
17080,3
17081,11
17082,8
17083,13
17084,0
17085,9
17086,13
17087,2
17088,2
17089,3
17090,4
17091,1
17092,4
17093,1
17094,1
17095,6
17096,13
17097,10
17098,1
17099,9
17100,11
17101,2
17102,8
17103,1
17104,10
17105,0
17106,8
17107,6
17108,6
17109,4
17110,11
17111,10
17112,9
17113,8
17114,9
17115,6
17116,9
17117,11
17118,0
17119,11
17120,4
17121,13
17122,3
17123,11
17124,0
17125,8
17126,8
17127,13
17128,10
17129,11
17130,11
17131,2
17132,6
17133,3
17134,9
17135,6
17136,2
17137,13
17138,7
17139,7
17140,5
17141,8
17142,6
17143,11
17144,2
17145,9
17146,4
17147,3
17148,13
17149,2
17150,13
17151,7
17152,11
17153,2
17154,11
17155,6
17156,0
17157,9
17158,4
17159,10
17160,6
17161,0
17162,5
17163,2
17164,4
17165,7
17166,11
17167,10
17168,2
17169,11
17170,11
17171,6
17172,8
17173,7
17174,8
17175,0
17176,1
17177,1
17178,8
17179,12
17180,9
17181,8
17182,3
17183,13
17184,8
17185,9
17186,12
17187,12
17188,13
17189,6
17190,0
17191,4
17192,9
17193,3
17194,1
17195,6
17196,6
17197,0
17198,10
17199,13
17200,10
17201,8
17202,1
17203,13
17204,10
17205,5
17206,11
17207,11
17208,2
17209,1
17210,7
17211,4
17212,1
17213,7
17214,2
17215,9
17216,8
17217,1
17218,6
17219,4
17220,3
17221,2
17222,11
17223,12
17224,4
17225,11
17226,9
17227,2
17228,13
17229,11
17230,2
17231,11
17232,11
17233,6
17234,1
17235,4
17236,13
17237,12
17238,12
17239,4
17240,8
17241,0
17242,7
17243,11
17244,13
17245,13
17246,11
17247,9
17248,7
17249,11
17250,7
17251,0
17252,12
17253,12
17254,10
17255,3
17256,11
17257,10
17258,7
17259,7
17260,2
17261,1
17262,12
17263,11
17264,7
17265,11
17266,7
17267,5
17268,0
17269,2
17270,13
17271,0
17272,3
17273,8
17274,8
17275,4
17276,2
17277,10
17278,1
17279,8
17280,9
17281,12
17282,1
17283,1
17284,8
17285,1
17286,3
17287,6
17288,4
17289,2
17290,10
17291,11
17292,10
17293,0
17294,13
17295,12
17296,2
17297,7
17298,7
17299,12
17300,1
17301,11
17302,2
17303,1
17304,1
17305,3
17306,2
17307,4
17308,10
17309,1
17310,11
17311,13
17312,7
17313,11
17314,11
17315,12
17316,0
17317,8
17318,13
17319,0
17320,4
17321,1
17322,4
17323,11
17324,6
17325,12
17326,0
17327,11
17328,6
17329,1
17330,4
17331,7
17332,0
17333,3
17334,6
17335,13
17336,2
17337,12
17338,1
17339,6
17340,13
17341,11
17342,7
17343,8
17344,11
17345,10
17346,0
17347,8
17348,11
17349,3
17350,11
17351,11
17352,6
17353,8
17354,5
17355,11
17356,9
17357,3
17358,11
17359,8
17360,13
17361,10
17362,1
17363,10
17364,7
17365,0
17366,10
17367,7
17368,12
17369,11
17370,8
17371,2
17372,12
17373,8
17374,0
17375,4
17376,11
17377,11
17378,9
17379,11
17380,4
17381,8
17382,5
17383,2
17384,13
17385,11
17386,2
17387,2
17388,0
17389,10
17390,11
17391,0
17392,11
17393,1
17394,10
17395,10
17396,12
17397,1
17398,0
17399,7
17400,1
17401,5
17402,8
17403,6
17404,0
17405,10
17406,11
17407,9
17408,10
17409,8
17410,4
17411,12
17412,12
17413,8
17414,1
17415,4
17416,6
17417,10
17418,0
17419,12
17420,2
17421,4
17422,10
17423,12
17424,0
17425,4
17426,7
17427,11
17428,8
17429,5
17430,8
17431,4
17432,12
17433,2
17434,2
17435,3
17436,2
17437,11
17438,2
17439,8
17440,4
17441,13
17442,10
17443,1
17444,11
17445,2
17446,6
17447,8
17448,13
17449,6
17450,1
17451,12
17452,0
17453,0
17454,11
17455,3
17456,11
17457,11
17458,0
17459,1
17460,6
17461,4
17462,8
17463,8
17464,9
17465,4
17466,8
17467,1
17468,12
17469,11
17470,11
17471,11
17472,10
17473,2
17474,8
17475,11
17476,9
17477,3
17478,7
17479,4
17480,6
17481,9
17482,6
17483,8
17484,7
17485,10
17486,12
17487,6
17488,10
17489,1
17490,2
17491,6
17492,3
17493,0
17494,11
17495,1
17496,11
17497,12
17498,3
17499,0
17500,1
17501,11
17502,9
17503,13
17504,11
17505,11
17506,11
17507,1
17508,11
17509,13
17510,0
17511,6
17512,13
17513,2
17514,12
17515,6
17516,4
17517,12
17518,8
17519,12
17520,0
17521,11
17522,1
17523,10
17524,2
17525,13
17526,12
17527,6
17528,0
17529,2
17530,7
17531,2
17532,13
17533,10
17534,3
17535,3
17536,3
17537,1
17538,12
17539,12
17540,11
17541,3
17542,1
17543,6
17544,2
17545,0
17546,0
17547,7
17548,8
17549,9
17550,10
17551,9
17552,9
17553,12
17554,4
17555,0
17556,3
17557,8
17558,0
17559,3
17560,0
17561,3
17562,6
17563,6
17564,1
17565,11
17566,8
17567,12
17568,10
17569,1
17570,4
17571,8
17572,4
17573,11
17574,3
17575,7
17576,6
17577,12
17578,7
17579,12
17580,1
17581,13
17582,4
17583,12
17584,10
17585,1
17586,3
17587,6
17588,8
17589,0
17590,11
17591,9
17592,7
17593,1
17594,10
17595,4
17596,4
17597,8
17598,3
17599,1
17600,1
17601,8
17602,12
17603,12
17604,9
17605,4
17606,11
17607,8
17608,0
17609,13
17610,4
17611,0
17612,3
17613,10
17614,0
17615,2
17616,12
17617,9
17618,2
17619,10
17620,7
17621,2
17622,12
17623,11
17624,1
17625,11
17626,0
17627,11
17628,1
17629,0
17630,7
17631,8
17632,1
17633,13
17634,6
17635,11
17636,0
17637,0
17638,4
17639,7
17640,11
17641,7
17642,5
17643,0
17644,13
17645,11
17646,10
17647,9
17648,9
17649,2
17650,11
17651,2
17652,10
17653,11
17654,4
17655,4
17656,11
17657,10
17658,2
17659,4
17660,9
17661,8
17662,8
17663,3
17664,7
17665,7
17666,8
17667,2
17668,10
17669,12
17670,6
17671,2
17672,8
17673,6
17674,5
17675,12
17676,0
17677,2
17678,10
17679,11
17680,6
17681,10
17682,11
17683,0
17684,1
17685,11
17686,6
17687,1
17688,4
17689,0
17690,6
17691,7
17692,11
17693,11
17694,1
17695,4
17696,11
17697,3
17698,13
17699,11
17700,12
17701,7
17702,13
17703,2
17704,4
17705,2
17706,1
17707,1
17708,11
17709,6
17710,12
17711,2
17712,6
17713,1
17714,1
17715,5
17716,13
17717,2
17718,0
17719,1
17720,4
17721,13
17722,1
17723,1
17724,11
17725,7
17726,7
17727,7
17728,11
17729,13
17730,2
17731,0
17732,7
17733,6
17734,1
17735,10
17736,10
17737,3
17738,0
17739,2
17740,6
17741,11
17742,2
17743,11
17744,4
17745,1
17746,10
17747,11
17748,11
17749,12
17750,7
17751,1
17752,13
17753,12
17754,3
17755,10
17756,2
17757,0
17758,12
17759,0
17760,10
17761,3
17762,7
17763,1
17764,2
17765,4
17766,11
17767,10
17768,7
17769,1
17770,0
17771,13
17772,13
17773,12
17774,8
17775,2
17776,11
17777,6
17778,8
17779,4
17780,12
17781,9
17782,4
17783,0
17784,10
17785,13
17786,2
17787,7
17788,6
17789,2
17790,2
17791,0
17792,4
17793,1
17794,1
17795,12
17796,8
17797,6
17798,4
17799,11
17800,2
17801,2
17802,1
17803,10
17804,9
17805,4
17806,2
17807,0
17808,3
17809,4
17810,6
17811,11
17812,13
17813,11
17814,2
17815,9
17816,1
17817,2
17818,0
17819,9
17820,7
17821,10
17822,10
17823,0
17824,13
17825,12
17826,11
17827,2
17828,0
17829,4
17830,10
17831,2
17832,9
17833,2
17834,6
17835,10
17836,9
17837,10
17838,8
17839,7
17840,8
17841,0
17842,2
17843,7
17844,2
17845,1
17846,5
17847,2
17848,11
17849,2
17850,7
17851,8
17852,2
17853,1
17854,4
17855,2
17856,6
17857,10
17858,1
17859,2
17860,6
17861,4
17862,2
17863,2
17864,0
17865,0
17866,6
17867,2
17868,7
17869,0
17870,11
17871,3
17872,2
17873,3
17874,6
17875,11
17876,3
17877,2
17878,1
17879,1
17880,11
17881,2
17882,4
17883,6
17884,11
17885,11
17886,1
17887,1
17888,8
17889,11
17890,7
17891,2
17892,7
17893,4
17894,2
17895,9
17896,11
17897,7
17898,9
17899,11
17900,1
17901,4
17902,13
17903,12
17904,2
17905,2
17906,11
17907,6
17908,10
17909,1
17910,4
17911,2
17912,7
17913,3
17914,12
17915,0
17916,11
17917,6
17918,12
17919,0
17920,10
17921,9
17922,12
17923,2
17924,4
17925,7
17926,3
17927,12
17928,11
17929,6
17930,4
17931,4
17932,12
17933,11
17934,1
17935,6
17936,13
17937,7
17938,1
17939,13
17940,2
17941,2
17942,13
17943,1
17944,12
17945,2
17946,4
17947,8
17948,2
17949,11
17950,11
17951,13
17952,10
17953,2
17954,9
17955,7
17956,5
17957,1
17958,1
17959,1
17960,0
17961,12
17962,4
17963,6
17964,10
17965,3
17966,5
17967,11
17968,3
17969,9
17970,12
17971,7
17972,1
17973,6
17974,11
17975,6
17976,8
17977,0
17978,4
17979,10
17980,13
17981,10
17982,6
17983,4
17984,11
17985,8
17986,6
17987,0
17988,11
17989,6
17990,1
17991,2
17992,5
17993,6
17994,2
17995,8
17996,11
17997,10
17998,8
17999,9
18000,10
18001,2
18002,1
18003,2
18004,7
18005,0
18006,10
18007,6
18008,13
18009,0
18010,6
18011,0
18012,4
18013,2
18014,2
18015,1
18016,2
18017,11
18018,3
18019,11
18020,11
18021,9
18022,11
18023,7
18024,0
18025,12
18026,6
18027,10
18028,8
18029,12
18030,12
18031,2
18032,1
18033,0
18034,3
18035,2
18036,4
18037,12
18038,11
18039,0
18040,0
18041,1
18042,3
18043,11
18044,6
18045,10
18046,0
18047,4
18048,7
18049,1
18050,5
18051,6
18052,6
18053,6
18054,3
18055,0
18056,11
18057,1
18058,13
18059,8
18060,0
18061,7
18062,1
18063,0
18064,7
18065,7
18066,7
18067,13
18068,2
18069,12
18070,12
18071,7
18072,9
18073,6
18074,7
18075,9
18076,13
18077,7
18078,9
18079,12
18080,11
18081,12
18082,0
18083,2
18084,4
18085,11
18086,7
18087,3
18088,1
18089,2
18090,10
18091,11
18092,0
18093,11
18094,10
18095,7
18096,6
18097,11
18098,9
18099,2
18100,12
18101,11
18102,0
18103,8
18104,8
18105,11
18106,6
18107,3
18108,11
18109,6
18110,5
18111,6
18112,11
18113,0
18114,1
18115,7
18116,2
18117,6
18118,0
18119,9
18120,1
18121,12
18122,9
18123,3
18124,2
18125,11
18126,0
18127,7
18128,13
18129,1
18130,7
18131,9
18132,2
18133,4
18134,4
18135,2
18136,7
18137,2
18138,0
18139,4
18140,9
18141,12
18142,8
18143,6
18144,12
18145,3
18146,2
18147,13
18148,3
18149,10
18150,9
18151,4
18152,0
18153,3
18154,11
18155,2
18156,1
18157,6
18158,6
18159,9
18160,2
18161,6
18162,2
18163,3
18164,0
18165,1
18166,6
18167,1
18168,7
18169,0
18170,6
18171,3
18172,2
18173,8
18174,3
18175,9
18176,12
18177,10
18178,11
18179,10
18180,2
18181,6
18182,1
18183,1
18184,3
18185,13
18186,13
18187,11
18188,6
18189,0
18190,4
18191,7
18192,2
18193,0
18194,0
18195,11
18196,2
18197,11
18198,0
18199,2
18200,10
18201,0
18202,9
18203,9
18204,10
18205,6
18206,3
18207,12
18208,2
18209,10
18210,7
18211,4
18212,8
18213,1
18214,8
18215,11
18216,2
18217,7
18218,6
18219,13
18220,10
18221,11
18222,3
18223,7
18224,0
18225,9
18226,4
18227,1
18228,9
18229,6
18230,4
18231,6
18232,1
18233,1
18234,4
18235,1
18236,11
18237,6
18238,7
18239,8
18240,8
18241,6
18242,9
18243,4
18244,4
18245,8
18246,13
18247,2
18248,11
18249,4
18250,13
18251,6
18252,1
18253,11
18254,2
18255,3
18256,10
18257,11
18258,1
18259,13
18260,11
18261,1
18262,8
18263,6
18264,11
18265,6
18266,5
18267,0
18268,3
18269,11
18270,10
18271,10
18272,1
18273,1
18274,2
18275,0
18276,6
18277,1
18278,8
18279,7
18280,0
18281,10
18282,0
18283,8
18284,4
18285,10
18286,8
18287,4
18288,11
18289,7
18290,7
18291,10
18292,1
18293,13
18294,9
18295,6
18296,2
18297,3
18298,2
18299,0
18300,8
18301,6
18302,11
18303,0
18304,2
18305,6
18306,11
18307,7
18308,11
18309,11
18310,0
18311,2
18312,6
18313,12
18314,2
18315,12
18316,12
18317,0
18318,9
18319,7
18320,12
18321,9
18322,8
18323,4
18324,3
18325,8
18326,12
18327,13
18328,1
18329,11
18330,13
18331,2
18332,11
18333,2
18334,0
18335,12
18336,7
18337,12
18338,4
18339,6
18340,1
18341,9
18342,6
18343,4
18344,10
18345,1
18346,10
18347,4
18348,4
18349,8
18350,2
18351,1
18352,11
18353,12
18354,11
18355,11
18356,0
18357,2
18358,8
18359,6
18360,11
18361,0
18362,2
18363,8
18364,11
18365,2
18366,8
18367,5
18368,13
18369,0
18370,1
18371,4
18372,6
18373,2
18374,2
18375,8
18376,1
18377,10
18378,0
18379,2
18380,12
18381,13
18382,10
18383,9
18384,12
18385,1
18386,0
18387,11
18388,6
18389,0
18390,3
18391,0
18392,8
18393,2
18394,2
18395,6
18396,2
18397,12
18398,12
18399,7
18400,1
18401,13
18402,9
18403,9
18404,8
18405,7
18406,11
18407,13
18408,8
18409,6
18410,2
18411,11
18412,1
18413,7
18414,8
18415,11
18416,13
18417,6
18418,1
18419,8
18420,6
18421,6
18422,8
18423,11
18424,13
18425,10
18426,10
18427,11
18428,9
18429,11
18430,5
18431,7
18432,6
18433,1
18434,4
18435,12
18436,1
18437,10
18438,1
18439,2
18440,1
18441,1
18442,9
18443,3
18444,0
18445,1
18446,4
18447,3
18448,1
18449,2
18450,4
18451,2
18452,0
18453,11
18454,1
18455,6
18456,12
18457,13
18458,1
18459,2
18460,5
18461,8
18462,2
18463,0
18464,10
18465,11
18466,3
18467,2
18468,2
18469,2
18470,2
18471,1
18472,0
18473,10
18474,6
18475,7
18476,12
18477,4
18478,5
18479,11
18480,7
18481,1
18482,10
18483,1
18484,1
18485,13
18486,1
18487,2
18488,9
18489,7
18490,12
18491,1
18492,11
18493,10
18494,12
18495,7
18496,13
18497,11
18498,1
18499,1
18500,12
18501,4
18502,12
18503,2
18504,7
18505,0
18506,7
18507,3
18508,3
18509,3
18510,2
18511,7
18512,6
18513,4
18514,4
18515,4
18516,6
18517,11
18518,6
18519,13
18520,1
18521,11
18522,4
18523,7
18524,6
18525,12
18526,11
18527,6
18528,13
18529,6
18530,6
18531,7
18532,8
18533,11
18534,13
18535,11
18536,4
18537,13
18538,11
18539,3
18540,2
18541,8
18542,7
18543,6
18544,11
18545,2
18546,13
18547,3
18548,1
18549,8
18550,8
18551,11
18552,6
18553,9
18554,8
18555,6
18556,13
18557,2
18558,12
18559,12
18560,11
18561,4
18562,7
18563,3
18564,0
18565,2
18566,10
18567,0
18568,12
18569,4
18570,7
18571,2
18572,1
18573,12
18574,11
18575,0
18576,1
18577,11
18578,0
18579,1
18580,10
18581,1
18582,5
18583,3
18584,9
18585,3
18586,2
18587,12
18588,4
18589,11
18590,11
18591,12
18592,2
18593,2
18594,1
18595,11
18596,12
18597,7
18598,6
18599,4
18600,6
18601,7
18602,0
18603,4
18604,8
18605,7
18606,2
18607,0
18608,9
18609,3
18610,7
18611,7
18612,4
18613,4
18614,7
18615,4
18616,8
18617,10
18618,13
18619,6
18620,11
18621,2
18622,11
18623,10
18624,4
18625,12
18626,6
18627,1
18628,0
18629,1
18630,3
18631,11
18632,1
18633,2
18634,7
18635,13
18636,7
18637,1
18638,6
18639,1
18640,8
18641,8
18642,11
18643,6
18644,1
18645,11
18646,8
18647,10
18648,2
18649,12
18650,1
18651,1
18652,3
18653,11
18654,6
18655,7
18656,12
18657,11
18658,12
18659,11
18660,11
18661,0
18662,4
18663,4
18664,7
18665,3
18666,13
18667,10
18668,11
18669,8
18670,1
18671,4
18672,9
18673,13
18674,8
18675,4
18676,6
18677,3
18678,7
18679,1
18680,13
18681,7
18682,11
18683,2
18684,11
18685,12
18686,6
18687,9
18688,0
18689,6
18690,12
18691,11
18692,13
18693,2
18694,11
18695,10
18696,6
18697,0
18698,0
18699,13
18700,8
18701,8
18702,12
18703,7
18704,1
18705,11
18706,11
18707,0
18708,11
18709,4
18710,13
18711,8
18712,0
18713,3
18714,4
18715,2
18716,12
18717,7
18718,10
18719,10
18720,12
18721,13
18722,0
18723,3
18724,8
18725,13
18726,8
18727,12
18728,11
18729,13
18730,2
18731,10
18732,2
18733,8
18734,3
18735,5
18736,1
18737,7
18738,4
18739,13
18740,0
18741,0
18742,0
18743,12
18744,6
18745,1
18746,9
18747,3
18748,1
18749,2
18750,9
18751,7
18752,0
18753,13
18754,7
18755,3
18756,1
18757,2
18758,12
18759,9
18760,2
18761,5
18762,8
18763,7
18764,13
18765,8
18766,7
18767,0
18768,1
18769,4
18770,1
18771,7
18772,11
18773,4
18774,2
18775,6
18776,1
18777,8
18778,0
18779,13
18780,3
18781,11
18782,8
18783,6
18784,0
18785,3
18786,8
18787,2
18788,11
18789,13
18790,8
18791,13
18792,1
18793,11
18794,11
18795,0
18796,1
18797,2
18798,9
18799,1
18800,4
18801,10
18802,8
18803,11
18804,12
18805,12
18806,0
18807,9
18808,7
18809,5
18810,4
18811,13
18812,6
18813,13
18814,8
18815,6
18816,0
18817,7
18818,7
18819,13
18820,12
18821,8
18822,0
18823,3
18824,10
18825,12
18826,0
18827,4
18828,1
18829,7
18830,2
18831,7
18832,0
18833,7
18834,0
18835,0
18836,8
18837,9
18838,12
18839,1
18840,2
18841,8
18842,7
18843,7
18844,12
18845,4
18846,0
18847,0
18848,13
18849,6
18850,0
18851,10
18852,6
18853,4
18854,6
18855,7
18856,0
18857,1
18858,1
18859,2
18860,8
18861,9
18862,4
18863,12
18864,0
18865,2
18866,0
18867,12
18868,1
18869,10
18870,2
18871,9
18872,1
18873,1
18874,1
18875,2
18876,8
18877,11
18878,7
18879,11
18880,8
18881,1
18882,7
18883,6
18884,3
18885,12
18886,12
18887,10
18888,10
18889,6
18890,2
18891,9
18892,1
18893,0
18894,1
18895,12
18896,12
18897,11
18898,8
18899,13
18900,7
18901,7
18902,9
18903,1
18904,11
18905,5
18906,1
18907,9
18908,2
18909,7
18910,6
18911,12
18912,4
18913,2
18914,11
18915,2
18916,0
18917,10
18918,2
18919,1
18920,8
18921,6
18922,10
18923,11
18924,13
18925,6
18926,5
18927,0
18928,4
18929,13
18930,11
18931,12
18932,0
18933,1
18934,2
18935,1
18936,2
18937,1
18938,0
18939,1
18940,3
18941,2
18942,2
18943,2
18944,6
18945,10
18946,0
18947,8
18948,7
18949,0
18950,9
18951,8
18952,4
18953,1
18954,11
18955,12
18956,9
18957,2
18958,8
18959,4
18960,13
18961,10
18962,0
18963,3
18964,11
18965,13
18966,4
18967,1
18968,6
18969,6
18970,12
18971,11
18972,11
18973,3
18974,13
18975,2
18976,4
18977,2
18978,4
18979,8
18980,0
18981,12
18982,6
18983,6
18984,3
18985,4
18986,3
18987,0
18988,11
18989,1
18990,10
18991,6
18992,9
18993,4
18994,10
18995,4
18996,4
18997,8
18998,11
18999,7
19000,10
19001,1
19002,3
19003,0
19004,3
19005,11
19006,7
19007,1
19008,11
19009,4
19010,10
19011,9
19012,10
19013,1
19014,2
19015,12
19016,2
19017,7
19018,0
19019,3
19020,11
19021,1
19022,3
19023,8
19024,8
19025,11
19026,13
19027,2
19028,11
19029,6
19030,11
19031,1
19032,6
19033,12
19034,12
19035,9
19036,8
19037,2
19038,0
19039,13
19040,1
19041,0
19042,11
19043,0
19044,0
19045,11
19046,12
19047,3
19048,10
19049,5
19050,10
19051,4
19052,1
19053,1
19054,12
19055,0
19056,10
19057,13
19058,1
19059,11
19060,0
19061,8
19062,8
19063,3
19064,6
19065,11
19066,0
19067,5
19068,6
19069,0
19070,11
19071,9
19072,1
19073,8
19074,7
19075,8
19076,2
19077,9
19078,11
19079,2
19080,12
19081,1
19082,13
19083,2
19084,11
19085,10
19086,10
19087,2
19088,8
19089,0
19090,2
19091,2
19092,6
19093,1
19094,3
19095,11
19096,13
19097,9
19098,5
19099,2
19100,8
19101,11
19102,0
19103,11
19104,11
19105,2
19106,1
19107,4
19108,9
19109,13
19110,9
19111,12
19112,6
19113,1
19114,11
19115,3
19116,2
19117,3
19118,8
19119,4
19120,10
19121,13
19122,12
19123,7
19124,0
19125,13
19126,3
19127,12
19128,0
19129,2
19130,2
19131,0
19132,11
19133,8
19134,8
19135,10
19136,8
19137,10
19138,7
19139,5
19140,1
19141,0
19142,8
19143,0
19144,4
19145,13
19146,2
19147,2
19148,8
19149,3
19150,7
19151,7
19152,0
19153,4
19154,11
19155,4
19156,1
19157,7
19158,2
19159,11
19160,11
19161,9
19162,7
19163,1
19164,7
19165,1
19166,11
19167,2
19168,10
19169,13
19170,3
19171,9
19172,9
19173,10
19174,12
19175,8
19176,2
19177,11
19178,5
19179,10
19180,11
19181,8
19182,6
19183,6
19184,9
19185,11
19186,9
19187,8
19188,0
19189,7
19190,11
19191,6
19192,3
19193,11
19194,3
19195,10
19196,2
19197,1
19198,0
19199,0
19200,11
19201,2
19202,8
19203,13
19204,2
19205,1
19206,8
19207,6
19208,3
19209,13
19210,1
19211,2
19212,1
19213,10
19214,4
19215,6
19216,7
19217,0
19218,1
19219,12
19220,11
19221,6
19222,1
19223,7
19224,7
19225,2
19226,12
19227,4
19228,11
19229,3
19230,1
19231,4
19232,3
19233,7
19234,9
19235,1
19236,8
19237,4
19238,11
19239,4
19240,11
19241,4
19242,9
19243,6
19244,4
19245,12
19246,10
19247,4
19248,1
19249,10
19250,8
19251,12
19252,3
19253,6
19254,1
19255,4
19256,7
19257,8
19258,6
19259,2
19260,6
19261,8
19262,5
19263,3
19264,2
19265,1
19266,4
19267,4
19268,3
19269,8
19270,11
19271,8
19272,7
19273,9
19274,8
19275,8
19276,10
19277,6
19278,10
19279,11
19280,2
19281,2
19282,2
19283,6
19284,2
19285,1
19286,3
19287,10
19288,3
19289,4
19290,7
19291,2
19292,10
19293,13
19294,11
19295,12
19296,7
19297,8
19298,4
19299,1
19300,11
19301,1
19302,11
19303,8
19304,4
19305,6
19306,1
19307,13
19308,8
19309,10
19310,12
19311,13
19312,1
19313,0
19314,2
19315,1
19316,1
19317,0
19318,1
19319,11
19320,12
19321,2
19322,1
19323,10
19324,10
19325,3
19326,5
19327,8
19328,8
19329,3
19330,8
19331,2
19332,11
19333,0
19334,11
19335,1
19336,0
19337,4
19338,7
19339,4
19340,4
19341,3
19342,1
19343,4
19344,8
19345,8
19346,0
19347,12
19348,3
19349,6
19350,1
19351,6
19352,1
19353,0
19354,6
19355,7
19356,7
19357,0
19358,2
19359,8
19360,8
19361,8
19362,11
19363,4
19364,9
19365,9
19366,10
19367,7
19368,1
19369,8
19370,4
19371,2
19372,8
19373,0
19374,0
19375,2
19376,10
19377,3
19378,2
19379,13
19380,0
19381,0
19382,3
19383,1
19384,2
19385,12
19386,11
19387,12
19388,10
19389,0
19390,2
19391,7
19392,4
19393,10
19394,7
19395,4
19396,6
19397,6
19398,12
19399,8
19400,11
19401,1
19402,6
19403,7
19404,12
19405,3
19406,6
19407,13
19408,13
19409,0
19410,0
19411,0
19412,11
19413,12
19414,10
19415,1
19416,12
19417,6
19418,8
19419,4
19420,13
19421,9
19422,0
19423,2
19424,1
19425,6
19426,4
19427,1
19428,2
19429,2
19430,10
19431,2
19432,2
19433,12
19434,4
19435,12
19436,6
19437,7
19438,11
19439,6
19440,1
19441,9
19442,11
19443,8
19444,8
19445,3
19446,2
19447,13
19448,12
19449,6
19450,4
19451,12
19452,1
19453,0
19454,13
19455,8
19456,11
19457,0
19458,0
19459,2
19460,4
19461,2
19462,4
19463,1
19464,8
19465,13
19466,1
19467,1
19468,2
19469,12
19470,9
19471,1
19472,2
19473,12
19474,13
19475,12
19476,1
19477,11
19478,1
19479,13
19480,13
19481,6
19482,12
19483,0
19484,8
19485,4
19486,1
19487,1
19488,8
19489,11
19490,11
19491,1
19492,0
19493,13
19494,11
19495,10
19496,13
19497,0
19498,2
19499,8
19500,1
19501,6
19502,2
19503,11
19504,11
19505,11
19506,12
19507,2
19508,10
19509,10
19510,4
19511,11
19512,13
19513,9
19514,7
19515,0
19516,0
19517,2
19518,13
19519,1
19520,9
19521,6
19522,6
19523,1
19524,2
19525,13
19526,6
19527,10
19528,11
19529,5
19530,3
19531,1
19532,1
19533,10
19534,6
19535,11
19536,8
19537,4
19538,3
19539,2
19540,7
19541,0
19542,7
19543,4
19544,10
19545,0
19546,11
19547,9
19548,10
19549,2
19550,11
19551,7
19552,10
19553,4
19554,8
19555,0
19556,1
19557,6
19558,7
19559,4
19560,10
19561,1
19562,4
19563,2
19564,6
19565,11
19566,9
19567,2
19568,2
19569,5
19570,12
19571,13
19572,8
19573,3
19574,12
19575,0
19576,1
19577,11
19578,8
19579,7
19580,6
19581,6
19582,6
19583,7
19584,12
19585,11
19586,0
19587,0
19588,10
19589,12
19590,3
19591,7
19592,2
19593,6
19594,6
19595,0
19596,4
19597,13
19598,0
19599,0
19600,10
19601,6
19602,8
19603,6
19604,12
19605,11
19606,12
19607,12
19608,11
19609,8
19610,11
19611,12
19612,1
19613,13
19614,11
19615,2
19616,6
19617,1
19618,13
19619,4
19620,7
19621,12
19622,10
19623,6
19624,1
19625,5
19626,13
19627,10
19628,0
19629,1
19630,1
19631,11
19632,1
19633,11
19634,1
19635,13
19636,10
19637,3
19638,9
19639,7
19640,11
19641,6
19642,11
19643,11
19644,11
19645,3
19646,11
19647,8
19648,0
19649,2
19650,11
19651,11
19652,8
19653,3
19654,2
19655,12
19656,4
19657,1
19658,4
19659,9
19660,6
19661,6
19662,0
19663,6
19664,4
19665,0
19666,7
19667,10
19668,11
19669,0
19670,0
19671,11
19672,0
19673,4
19674,7
19675,13
19676,6
19677,9
19678,1
19679,13
19680,3
19681,7
19682,10
19683,7
19684,0
19685,5
19686,1
19687,6
19688,0
19689,0
19690,3
19691,3
19692,3
19693,11
19694,6
19695,3
19696,2
19697,0
19698,4
19699,12
19700,8
19701,6
19702,7
19703,13
19704,10
19705,0
19706,8
19707,11
19708,0
19709,11
19710,3
19711,0
19712,12
19713,4
19714,12
19715,11
19716,3
19717,11
19718,0
19719,1
19720,10
19721,6
19722,1
19723,2
19724,1
19725,0
19726,12
19727,1
19728,2
19729,13
19730,8
19731,2
19732,10
19733,12
19734,3
19735,10
19736,0
19737,12
19738,12
19739,1
19740,6
19741,11
19742,11
19743,2
19744,4
19745,1
19746,8
19747,3
19748,9
19749,3
19750,11
19751,13
19752,4
19753,4
19754,4
19755,6
19756,8
19757,2
19758,6
19759,10
19760,1
19761,3
19762,3
19763,6
19764,0
19765,4
19766,12
19767,6
19768,0
19769,7
19770,0
19771,7
19772,3
19773,5
19774,0
19775,9
19776,1
19777,7
19778,11
19779,1
19780,7
19781,2
19782,1
19783,2
19784,10
19785,12
19786,8
19787,8
19788,1
19789,11
19790,0
19791,6
19792,1
19793,4
19794,1
19795,12
19796,2
19797,10
19798,11
19799,0
19800,13
19801,2
19802,11
19803,1
19804,0
19805,6
19806,12
19807,8
19808,3
19809,9
19810,7
19811,0
19812,6
19813,6
19814,8
19815,11
19816,2
19817,2
19818,3
19819,7
19820,1
19821,8
19822,2
19823,7
19824,4
19825,2
19826,1
19827,6
19828,4
19829,7
19830,0
19831,3
19832,0
19833,11
19834,3
19835,8
19836,0
19837,8
19838,6
19839,7
19840,9
19841,8
19842,3
19843,12
19844,11
19845,3
19846,10
19847,7
19848,6
19849,11
19850,9
19851,2
19852,10
19853,9
19854,6
19855,1
19856,9
19857,4
19858,11
19859,11
19860,2
19861,10
19862,8
19863,8
19864,2
19865,12
19866,11
19867,11
19868,7
19869,13
19870,10
19871,2
19872,11
19873,2
19874,4
19875,2
19876,2
19877,12
19878,2
19879,1
19880,10
19881,11
19882,4
19883,12
19884,0
19885,3
19886,1
19887,12
19888,3
19889,11
19890,13
19891,9
19892,3
19893,1
19894,2
19895,12
19896,2
19897,11
19898,12
19899,8
19900,0
19901,1
19902,7
19903,0
19904,2
19905,0
19906,12
19907,0
19908,1
19909,11
19910,2
19911,8
19912,2
19913,8
19914,12
19915,9
19916,11
19917,11
19918,11
19919,0
19920,2
19921,11
19922,10
19923,2
19924,1
19925,10
19926,7
19927,12
19928,11
19929,7
19930,8
19931,1
19932,7
19933,11
19934,2
19935,1
19936,0
19937,7
19938,7
19939,7
19940,5
19941,4
19942,13
19943,6
19944,10
19945,8
19946,6
19947,8
19948,8
19949,9
19950,13
19951,6
19952,1
19953,12
19954,5
19955,11
19956,12
19957,2
19958,6
19959,9
19960,6
19961,12
19962,13
19963,12
19964,1
19965,6
19966,7
19967,0
19968,13
19969,8
19970,3
19971,9
19972,0
19973,1
19974,3
19975,7
19976,10
19977,12
19978,12
19979,11
19980,10
19981,4
19982,2
19983,11
19984,6
19985,12
19986,4
19987,4
19988,12
19989,0
19990,11
19991,0
19992,11
19993,11
19994,1
19995,9
19996,11
19997,9
19998,8
19999,1
20000,8
20001,11
20002,0
20003,2
20004,11
20005,6
20006,6
20007,7
20008,9
20009,2
20010,8
20011,0
20012,9
20013,0
20014,1
20015,12
20016,10
20017,11
20018,4
20019,3
20020,6
20021,11
20022,12
20023,9
20024,6
20025,11
20026,11
20027,6
20028,6
20029,8
20030,11
20031,7
20032,2
20033,1
20034,2
20035,6
20036,3
20037,13
20038,8
20039,11
20040,11
20041,8
20042,10
20043,8
20044,0
20045,2
20046,9
20047,8
20048,8
20049,12
20050,11
20051,9
20052,13
20053,11
20054,1
20055,2
20056,11
20057,9
20058,2
20059,1
20060,12
20061,7
20062,11
20063,6
20064,1
20065,8
20066,7
20067,1
20068,10
20069,5
20070,1
20071,7
20072,5
20073,1
20074,3
20075,2
20076,0
20077,1
20078,13
20079,2
20080,8
20081,0
20082,13
20083,4
20084,1
20085,5
20086,5
20087,1
20088,1
20089,3
20090,8
20091,7
20092,6
20093,3
20094,9
20095,2
20096,13
20097,2
20098,6
20099,7
20100,13
20101,4
20102,11
20103,0
20104,11
20105,13
20106,11
20107,0
20108,11
20109,0
20110,2
20111,0
20112,12
20113,6
20114,2
20115,2
20116,12
20117,11
20118,10
20119,0
20120,7
20121,0
20122,0
20123,1
20124,1
20125,2
20126,3
20127,2
20128,6
20129,2
20130,2
20131,8
20132,0
20133,1
20134,8
20135,0
20136,0
20137,6
20138,9
20139,13
20140,10
20141,10
20142,9
20143,2
20144,0
20145,12
20146,0
20147,1
20148,0
20149,8
20150,2
20151,12
20152,6
20153,3
20154,7
20155,1
20156,13
20157,0
20158,12
20159,2
20160,2
20161,2
20162,11
20163,8
20164,3
20165,6
20166,7
20167,3
20168,6
20169,6
20170,0
20171,0
20172,10
20173,1
20174,6
20175,7
20176,8
20177,7
20178,7
20179,3
20180,2
20181,8
20182,13
20183,8
20184,6
20185,4
20186,5
20187,4
20188,1
20189,7
20190,11
20191,9
20192,2
20193,6
20194,11
20195,5
20196,7
20197,12
20198,12
20199,6
20200,8
20201,0
20202,12
20203,4
20204,10
20205,10
20206,5
20207,12
20208,5
20209,9
20210,6
20211,2
20212,8
20213,8
20214,0
20215,0
20216,13
20217,10
20218,3
20219,12
20220,6
20221,1
20222,7
20223,12
20224,10
20225,0
20226,7
20227,0
20228,3
20229,0
20230,6
20231,10
20232,10
20233,9
20234,13
20235,4
20236,12
20237,4
20238,0
20239,0
20240,0
20241,3
20242,8
20243,11
20244,6
20245,7
20246,2
20247,6
20248,1
20249,2
20250,4
20251,2
20252,7
20253,2
20254,12
20255,4
20256,10
20257,10
20258,12
20259,4
20260,0
20261,1
20262,13
20263,0
20264,12
20265,9
20266,11
20267,3
20268,7
20269,11
20270,7
20271,10
20272,8
20273,12
20274,2
20275,2
20276,12
20277,11
20278,10
20279,8
20280,8
20281,9
20282,2
20283,10
20284,12
20285,2
20286,8
20287,7
20288,2
20289,11
20290,0
20291,7
20292,0
20293,11
20294,11
20295,0
20296,1
20297,11
20298,3
20299,1
20300,6
20301,12
20302,6
20303,12
20304,8
20305,11
20306,2
20307,9
20308,2
20309,5
20310,10
20311,11
20312,13
20313,7
20314,0
20315,13
20316,1
20317,11
20318,4
20319,1
20320,11
20321,4
20322,11
20323,2
20324,13
20325,4
20326,2
20327,5
20328,10
20329,12
20330,6
20331,12
20332,1
20333,13
20334,8
20335,6
20336,8
20337,12
20338,13
20339,7
20340,12
20341,11
20342,2
20343,0
20344,3
20345,1
20346,9
20347,3
20348,11
20349,2
20350,6
20351,8
20352,5
20353,10
20354,7
20355,0
20356,0
20357,6
20358,0
20359,9
20360,4
20361,2
20362,2
20363,12
20364,11
20365,2
20366,11
20367,13
20368,9
20369,6
20370,2
20371,13
20372,2
20373,4
20374,8
20375,7
20376,0
20377,8
20378,13
20379,7
20380,13
20381,10
20382,12
20383,1
20384,8
20385,6
20386,2
20387,0
20388,12
20389,6
20390,1
20391,0
20392,3
20393,8
20394,7
20395,11
20396,7
20397,6
20398,2
20399,8
20400,0
20401,4
20402,0
20403,2
20404,7
20405,1
20406,5
20407,6
20408,10
20409,4
20410,10
20411,7
20412,2
20413,1
20414,8
20415,13
20416,12
20417,7
20418,6
20419,9
20420,12
20421,12
20422,10
20423,13
20424,11
20425,2
20426,1
20427,1
20428,4
20429,10
20430,0
20431,11
20432,9
20433,3
20434,3
20435,2
20436,2
20437,1
20438,6
20439,6
20440,3
20441,12
20442,6
20443,2
20444,9
20445,4
20446,4
20447,1
20448,1
20449,2
20450,8
20451,2
20452,0
20453,4
20454,2
20455,2
20456,3
20457,6
20458,11
20459,2
20460,7
20461,8
20462,10
20463,13
20464,10
20465,0
20466,2
20467,7
20468,11
20469,4
20470,8
20471,1
20472,11
20473,11
20474,6
20475,2
20476,10
20477,4
20478,0
20479,0
20480,9
20481,12
20482,11
20483,2
20484,13
20485,1
20486,9
20487,7
20488,2
20489,5
20490,2
20491,10
20492,1
20493,11
20494,1
20495,6
20496,9
20497,1
20498,9
20499,3
20500,6
20501,8
20502,13
20503,3
20504,2
20505,8
20506,12
20507,1
20508,3
20509,0
20510,3
20511,7
20512,4
20513,1
20514,13
20515,12
20516,11
20517,1
20518,2
20519,2
20520,11
20521,11
20522,11
20523,12
20524,8
20525,8
20526,0
20527,3
20528,0
20529,7
20530,8
20531,0
20532,0
20533,9
20534,11
20535,11
20536,11
20537,0
20538,8
20539,7
20540,1
20541,11
20542,8
20543,9
20544,10
20545,12
20546,8
20547,3
20548,0
20549,0
20550,9
20551,3
20552,11
20553,7
20554,8
20555,10
20556,10
20557,4
20558,6
20559,12
20560,6
20561,11
20562,11
20563,11
20564,6
20565,9
20566,6
20567,1
20568,0
20569,4
20570,7
20571,6
20572,6
20573,11
20574,11
20575,4
20576,9
20577,0
20578,6
20579,4
20580,2
20581,10
20582,11
20583,1
20584,0
20585,2
20586,9
20587,11
20588,11
20589,12
20590,1
20591,11
20592,8
20593,13
20594,11
20595,2
20596,4
20597,9
20598,2
20599,7
20600,3
20601,7
20602,4
20603,13
20604,2
20605,1
20606,1
20607,4
20608,6
20609,0
20610,10
20611,6
20612,9
20613,10
20614,1
20615,8
20616,4
20617,1
20618,0
20619,5
20620,0
20621,13
20622,9
20623,6
20624,11
20625,2
20626,6
20627,4
20628,0
20629,13
20630,0
20631,10
20632,13
20633,11
20634,2
20635,9
20636,8
20637,13
20638,12
20639,0
20640,4
20641,2
20642,4
20643,12
20644,0
20645,11
20646,7
20647,4
20648,11
20649,12
20650,2
20651,13
20652,1
20653,12
20654,2
20655,4
20656,11
20657,8
20658,3
20659,12
20660,0
20661,10
20662,9
20663,1
20664,1
20665,0
20666,12
20667,11
20668,3
20669,6
20670,11
20671,2
20672,11
20673,11
20674,12
20675,11
20676,1
20677,2
20678,4
20679,13
20680,4
20681,7
20682,9
20683,1
20684,12
20685,3
20686,5
20687,11
20688,0
20689,11
20690,7
20691,2
20692,9
20693,10
20694,0
20695,8
20696,12
20697,0
20698,6
20699,7
20700,11
20701,0
20702,8
20703,0
20704,12
20705,0
20706,4
20707,12
20708,0
20709,11
20710,2
20711,8
20712,10
20713,11
20714,3
20715,5
20716,5
20717,11
20718,0
20719,2
20720,2
20721,6
20722,11
20723,1
20724,8
20725,12
20726,11
20727,7
20728,0
20729,6
20730,8
20731,11
20732,11
20733,0
20734,13
20735,11
20736,5
20737,10
20738,11
20739,7
20740,12
20741,0
20742,5
20743,1
20744,9
20745,0
20746,10
20747,2
20748,6
20749,3
20750,0
20751,11
20752,2
20753,7
20754,8
20755,1
20756,8
20757,8
20758,7
20759,10
20760,2
20761,12
20762,9
20763,4
20764,5
20765,2
20766,7
20767,4
20768,4
20769,5
20770,2
20771,2
20772,9
20773,12
20774,3
20775,0
20776,11
20777,13
20778,6
20779,8
20780,13
20781,12
20782,10
20783,11
20784,0
20785,2
20786,11
20787,9
20788,10
20789,2
20790,3
20791,3
20792,7
20793,1
20794,0
20795,0
20796,2
20797,6
20798,2
20799,10
20800,12
20801,11
20802,0
20803,7
20804,12
20805,11
20806,8
20807,11
20808,2
20809,4
20810,5
20811,8
20812,0
20813,8
20814,5
20815,2
20816,2
20817,11
20818,12
20819,6
20820,4
20821,1
20822,2
20823,1
20824,12
20825,12
20826,2
20827,1
20828,2
20829,9
20830,13
20831,8
20832,7
20833,8
20834,7
20835,10
20836,11
20837,8
20838,12
20839,4
20840,7
20841,13
20842,4
20843,11
20844,12
20845,2
20846,7
20847,3
20848,1
20849,0
20850,1
20851,12
20852,12
20853,5
20854,1
20855,5
20856,1
20857,2
20858,1
20859,0
20860,8
20861,1
20862,4
20863,7
20864,11
20865,10
20866,11
20867,2
20868,3
20869,10
20870,3
20871,6
20872,9
20873,0
20874,1
20875,0
20876,0
20877,0
20878,13
20879,12
20880,11
20881,7
20882,1
20883,13
20884,1
20885,3
20886,0
20887,11
20888,3
20889,10
20890,2
20891,12
20892,0
20893,8
20894,3
20895,10
20896,1
20897,11
20898,3
20899,4
20900,12
20901,7
20902,7
20903,11
20904,1
20905,13
20906,2
20907,2
20908,9
20909,11
20910,1
20911,0
20912,6
20913,1
20914,11
20915,2
20916,6
20917,2
20918,4
20919,4
20920,11
20921,2
20922,8
20923,12
20924,6
20925,12
20926,0
20927,9
20928,2
20929,11
20930,9
20931,13
20932,9
20933,1
20934,13
20935,11
20936,4
20937,1
20938,3
20939,3
20940,11
20941,2
20942,7
20943,13
20944,10
20945,11
20946,2
20947,0
20948,7
20949,8
20950,11
20951,11
20952,8
20953,11
20954,2
20955,0
20956,7
20957,12
20958,1
20959,13
20960,0
20961,0
20962,9
20963,13
20964,4
20965,3
20966,5
20967,3
20968,4
20969,3
20970,9
20971,9
20972,4
20973,1
20974,13
20975,0
20976,9
20977,1
20978,2
20979,11
20980,4
20981,13
20982,0
20983,13
20984,10
20985,0
20986,12
20987,12
20988,0
20989,8
20990,11
20991,4
20992,4
20993,8
20994,0
20995,11
20996,8
20997,2
20998,1
20999,11
21000,2
21001,11
21002,12
21003,4
21004,0
21005,11
21006,12
21007,7
21008,7
21009,12
21010,0
21011,2
21012,8
21013,11
21014,11
21015,2
21016,1
21017,6
21018,7
21019,0
21020,7
21021,6
21022,0
21023,11
21024,5
21025,7
21026,7
21027,0
21028,11
21029,5
21030,10
21031,2
21032,0
21033,4
21034,8
21035,10
21036,8
21037,10
21038,11
21039,3
21040,13
21041,12
21042,8
21043,8
21044,7
21045,4
21046,0
21047,8
21048,2
21049,6
21050,11
21051,7
21052,12
21053,2
21054,6
21055,1
21056,2
21057,4
21058,7
21059,13
21060,11
21061,9
21062,2
21063,9
21064,12
21065,10
21066,11
21067,11
21068,4
21069,7
21070,7
21071,11
21072,10
21073,6
21074,8
21075,0
21076,1
21077,9
21078,8
21079,4
21080,11
21081,9
21082,11
21083,0
21084,9
21085,1
21086,7
21087,8
21088,9
21089,0
21090,11
21091,2
21092,4
21093,11
21094,0
21095,6
21096,13
21097,1
21098,12
21099,2
21100,6
21101,4
21102,11
21103,1
21104,6
21105,11
21106,1
21107,0
21108,0
21109,1
21110,10
21111,9
21112,8
21113,1
21114,9
21115,6
21116,7
21117,11
21118,4
21119,2
21120,0
21121,13
21122,10
21123,9
21124,7
21125,2
21126,1
21127,11
21128,9
21129,1
21130,0
21131,6
21132,3
21133,13
21134,12
21135,7
21136,7
21137,1
21138,7
21139,12
21140,3
21141,0
21142,4
21143,13
21144,1
21145,9
21146,1
21147,11
21148,11
21149,2
21150,7
21151,0
21152,11
21153,10
21154,4
21155,11
21156,3
21157,2
21158,6
21159,3
21160,0
21161,12
21162,13
21163,13
21164,6
21165,3
21166,2
21167,12
21168,7
21169,7
21170,11
21171,10
21172,11
21173,11
21174,11
21175,2
21176,6
21177,3
21178,11
21179,3
21180,8
21181,7
21182,6
21183,8
21184,4
21185,2
21186,2
21187,0
21188,0
21189,11
21190,4
21191,4
21192,7
21193,2
21194,8
21195,9
21196,8
21197,1
21198,12
21199,0
21200,1
21201,3
21202,12
21203,1
21204,0
21205,0
21206,8
21207,12
21208,11
21209,9
21210,12
21211,6
21212,8
21213,8
21214,2
21215,1
21216,7
21217,11
21218,8
21219,13
21220,9
21221,6
21222,0
21223,1
21224,8
21225,4
21226,8
21227,3
21228,11
21229,10
21230,7
21231,0
21232,1
21233,3
21234,1
21235,11
21236,6
21237,12
21238,2
21239,0
21240,7
21241,10
21242,0
21243,12
21244,6
21245,11
21246,11
21247,9
21248,6
21249,3
21250,10
21251,2
21252,8
21253,1
21254,1
21255,8
21256,2
21257,6
21258,13
21259,4
21260,2
21261,12
21262,0
21263,1
21264,4
21265,4
21266,0
21267,10
21268,4
21269,0
21270,8
21271,6
21272,0
21273,1
21274,2
21275,0
21276,0
21277,0
21278,13
21279,1
21280,0
21281,2
21282,13
21283,12
21284,12
21285,10
21286,10
21287,11
21288,1
21289,0
21290,13
21291,2
21292,10
21293,7
21294,0
21295,6
21296,11
21297,10
21298,2
21299,3
21300,9
21301,1
21302,6
21303,0
21304,6
21305,3
21306,0
21307,1
21308,4
21309,1
21310,13
21311,2
21312,0
21313,1
21314,4
21315,0
21316,0
21317,2
21318,13
21319,12
21320,7
21321,9
21322,4
21323,6
21324,0
21325,12
21326,11
21327,1
21328,8
21329,7
21330,2
21331,3
21332,11
21333,6
21334,11
21335,3
21336,7
21337,0
21338,2
21339,10
21340,12
21341,12
21342,6
21343,11
21344,11
21345,0
21346,8
21347,3
21348,6
21349,11
21350,1
21351,8
21352,2
21353,13
21354,11
21355,7
21356,8
21357,6
21358,10
21359,11
21360,0
21361,7
21362,8
21363,2
21364,5
21365,7
21366,11
21367,4
21368,11
21369,2
21370,4
21371,0
21372,6
21373,6
21374,10
21375,9
21376,2
21377,6
21378,1
21379,10
21380,2
21381,10
21382,7
21383,9
21384,1
21385,10
21386,6
21387,0
21388,7
21389,4
21390,0
21391,7
21392,1
21393,10
21394,11
21395,10
21396,13
21397,12
21398,0
21399,8
21400,4
21401,11
21402,0
21403,4
21404,8
21405,13
21406,1
21407,8
21408,0
21409,0
21410,0
21411,2
21412,3
21413,1
21414,4
21415,8
21416,6
21417,0
21418,8
21419,12
21420,9
21421,0
21422,2
21423,0
21424,12
21425,11
21426,9
21427,12
21428,10
21429,11
21430,7
21431,1
21432,5
21433,1
21434,1
21435,11
21436,2
21437,3
21438,2
21439,0
21440,1
21441,10
21442,9
21443,11
21444,9
21445,6
21446,3
21447,11
21448,3
21449,12
21450,8
21451,4
21452,8
21453,13
21454,8
21455,8
21456,11
21457,4
21458,11
21459,4
21460,12
21461,6
21462,11
21463,4
21464,3
21465,7
21466,2
21467,2
21468,3
21469,3
21470,6
21471,1
21472,6
21473,8
21474,8
21475,11
21476,3
21477,3
21478,2
21479,7
21480,12
21481,9
21482,10
21483,1
21484,4
21485,6
21486,2
21487,8
21488,0
21489,0
21490,1
21491,11
21492,7
21493,4
21494,12
21495,1
21496,4
21497,7
21498,1
21499,9
21500,0
21501,10
21502,0
21503,13
21504,11
21505,6
21506,0
21507,10
21508,10
21509,8
21510,3
21511,10
21512,13
21513,7
21514,12
21515,2
21516,8
21517,7
21518,4
21519,1
21520,0
21521,11
21522,12
21523,6
21524,6
21525,0
21526,12
21527,11
21528,8
21529,5
21530,4
21531,2
21532,11
21533,7
21534,12
21535,5
21536,0
21537,3
21538,1
21539,2
21540,0
21541,6
21542,6
21543,0
21544,9
21545,3
21546,3
21547,2
21548,7
21549,11
21550,11
21551,8
21552,0
21553,13
21554,9
21555,6
21556,13
21557,4
21558,11
21559,10
21560,3
21561,1
21562,4
21563,13
21564,3
21565,8
21566,0
21567,11
21568,4
21569,1
21570,3
21571,0
21572,1
21573,11
21574,9
21575,2
21576,6
21577,4
21578,11
21579,11
21580,8
21581,5
21582,8
21583,10
21584,4
21585,1
21586,10
21587,3
21588,11
21589,4
21590,4
21591,1
21592,11
21593,13
21594,4
21595,10
21596,1
21597,12
21598,0
21599,2
21600,0
21601,8
21602,9
21603,1
21604,4
21605,8
21606,13
21607,10
21608,0
21609,6
21610,6
21611,12
21612,2
21613,9
21614,7
21615,2
21616,12
21617,9
21618,2
21619,8
21620,6
21621,13
21622,1
21623,9
21624,0
21625,0
21626,12
21627,3
21628,6
21629,4
21630,11
21631,7
21632,10
21633,0
21634,1
21635,7
21636,7
21637,2
21638,7
21639,4
21640,1
21641,8
21642,2
21643,4
21644,9
21645,8
21646,8
21647,11
21648,9
21649,6
21650,8
21651,8
21652,0
21653,12
21654,11
21655,11
21656,4
21657,1
21658,12
21659,3
21660,1
21661,2
21662,10
21663,5
21664,8
21665,3
21666,5
21667,2
21668,9
21669,9
21670,6
21671,2
21672,4
21673,0
21674,0
21675,10
21676,11
21677,10
21678,7
21679,2
21680,0
21681,8
21682,9
21683,0
21684,1
21685,9
21686,8
21687,1
21688,1
21689,6
21690,0
21691,13
21692,6
21693,0
21694,0
21695,11
21696,1
21697,11
21698,0
21699,2
21700,3
21701,13
21702,11
21703,1
21704,7
21705,8
21706,1
21707,6
21708,11
21709,11
21710,2
21711,8
21712,12
21713,1
21714,7
21715,6
21716,9
21717,4
21718,7
21719,2
21720,8
21721,0
21722,8
21723,3
21724,0
21725,8
21726,11
21727,1
21728,6
21729,0
21730,8
21731,9
21732,3
21733,3
21734,7
21735,12
21736,10
21737,11
21738,4
21739,7
21740,8
21741,8
21742,11
21743,12
21744,7
21745,7
21746,10
21747,8
21748,11
21749,11
21750,3
21751,2
21752,7
21753,13
21754,7
21755,2
21756,2
21757,2
21758,4
21759,10
21760,6
21761,12
21762,13
21763,0
21764,8
21765,12
21766,3
21767,6
21768,8
21769,13
21770,8
21771,10
21772,0
21773,12
21774,4
21775,1
21776,5
21777,1
21778,9
21779,5
21780,6
21781,11
21782,6
21783,11
21784,0
21785,1
21786,10
21787,12
21788,2
21789,0
21790,13
21791,2
21792,13
21793,0
21794,10
21795,0
21796,9
21797,1
21798,9
21799,4
21800,7
21801,6
21802,11
21803,7
21804,0
21805,0
21806,10
21807,3
21808,6
21809,8
21810,9
21811,2
21812,12
21813,7
21814,6
21815,9
21816,8
21817,9
21818,12
21819,6
21820,2
21821,12
21822,1
21823,0
21824,0
21825,10
21826,2
21827,10
21828,6
21829,0
21830,11
21831,0
21832,9
21833,1
21834,10
21835,0
21836,1
21837,10
21838,1
21839,7
21840,9
21841,3
21842,0
21843,13
21844,9
21845,2
21846,8
21847,4
21848,1
21849,8
21850,11
21851,1
21852,9
21853,6
21854,6
21855,10
21856,10
21857,1
21858,0
21859,2
21860,3
21861,3
21862,6
21863,1
21864,0
21865,3
21866,0
21867,2
21868,7
21869,11
21870,9
21871,1
21872,0
21873,4
21874,3
21875,11
21876,13
21877,8
21878,12
21879,7
21880,12
21881,12
21882,2
21883,2
21884,4
21885,0
21886,0
21887,11
21888,4
21889,13
21890,11
21891,5
21892,7
21893,2
21894,9
21895,9
21896,4
21897,0
21898,8
21899,6
21900,0
21901,0
21902,4
21903,2
21904,3
21905,3
21906,12
21907,10
21908,3
21909,10
21910,5
21911,12
21912,9
21913,6
21914,2
21915,2
21916,8
21917,0
21918,2
21919,11
21920,0
21921,4
21922,6
21923,9
21924,11
21925,9
21926,8
21927,1
21928,1
21929,2
21930,0
21931,5
21932,10
21933,12
21934,4
21935,1
21936,13
21937,1
21938,1
21939,2
21940,6
21941,2
21942,0
21943,1
21944,12
21945,11
21946,0
21947,11
21948,7
21949,10
21950,5
21951,11
21952,2
21953,2
21954,2
21955,6
21956,12
21957,4
21958,12
21959,8
21960,4
21961,4
21962,12
21963,6
21964,2
21965,11
21966,13
21967,0
21968,1
21969,11
21970,4
21971,11
21972,11
21973,2
21974,0
21975,1
21976,13
21977,10
21978,7
21979,6
21980,1
21981,11
21982,12
21983,2
21984,12
21985,10
21986,7
21987,1
21988,11
21989,8
21990,11
21991,8
21992,6
21993,2
21994,9
21995,4
21996,4
21997,0
21998,12
21999,12
22000,13
22001,3
22002,12
22003,4
22004,11
22005,3
22006,8
22007,12
22008,10
22009,11
22010,4
22011,13
22012,12
22013,13
22014,2
22015,8
22016,0
22017,0
22018,1
22019,6
22020,6
22021,11
22022,13
22023,4
22024,9
22025,7
22026,9
22027,9
22028,1
22029,4
22030,8
22031,6
22032,9
22033,0
22034,10
22035,3
22036,6
22037,2
22038,9
22039,6
22040,0
22041,1
22042,12
22043,8
22044,11
22045,11
22046,10
22047,1
22048,0
22049,10
22050,2
22051,9
22052,2
22053,0
22054,2
22055,11
22056,4
22057,12
22058,8
22059,11
22060,9
22061,2
22062,13
22063,7
22064,6
22065,6
22066,2
22067,6
22068,1
22069,11
22070,6
22071,9
22072,0
22073,0
22074,8
22075,6
22076,8
22077,2
22078,10
22079,10
22080,11
22081,6
22082,4
22083,9
22084,12
22085,12
22086,3
22087,10
22088,0
22089,12
22090,0
22091,3
22092,3
22093,1
22094,8
22095,11
22096,3
22097,12
22098,0
22099,1
22100,8
22101,1
22102,1
22103,11
22104,1
22105,11
22106,11
22107,2
22108,2
22109,1
22110,11
22111,1
22112,8
22113,5
22114,2
22115,6
22116,7
22117,1
22118,8
22119,5
22120,12
22121,9
22122,2
22123,13
22124,11
22125,2
22126,13
22127,4
22128,1
22129,4
22130,10
22131,8
22132,12
22133,2
22134,9
22135,1
22136,12
22137,9
22138,10
22139,11
22140,13
22141,0
22142,0
22143,7
22144,2
22145,0
22146,3
22147,10
22148,2
22149,11
22150,4
22151,2
22152,10
22153,10
22154,6
22155,11
22156,11
22157,1
22158,0
22159,7
22160,12
22161,8
22162,11
22163,12
22164,5
22165,2
22166,0
22167,13
22168,11
22169,2
22170,2
22171,0
22172,0
22173,12
22174,0
22175,11
22176,1
22177,10
22178,11
22179,9
22180,3
22181,0
22182,10
22183,3
22184,8
22185,8
22186,6
22187,3
22188,11
22189,1
22190,9
22191,4
22192,8
22193,6
22194,12
22195,4
22196,7
22197,8
22198,12
22199,1
22200,5
22201,0
22202,0
22203,8
22204,2
22205,0
22206,2
22207,6
22208,0
22209,9
22210,12
22211,2
22212,8
22213,0
22214,8
22215,10
22216,3
22217,2
22218,1
22219,0
22220,0
22221,11
22222,0
22223,6
22224,9
22225,13
22226,7
22227,0
22228,13
22229,7
22230,11
22231,9
22232,7
22233,2
22234,2
22235,6
22236,10
22237,1
22238,13
22239,4
22240,3
22241,4
22242,11
22243,1
22244,0
22245,10
22246,2
22247,7
22248,2
22249,8
22250,1
22251,8
22252,10
22253,4
22254,7
22255,11
22256,2
22257,1
22258,1
22259,11
22260,3
22261,9
22262,7
22263,1
22264,11
22265,2
22266,4
22267,0
22268,5
22269,5
22270,7
22271,1
22272,13
22273,12
22274,6
22275,3
22276,1
22277,6
22278,4
22279,11
22280,6
22281,11
22282,4
22283,11
22284,4
22285,11
22286,8
22287,10
22288,0
22289,6
22290,1
22291,7
22292,5
22293,12
22294,1
22295,6
22296,1
22297,9
22298,6
22299,1
22300,12
22301,11
22302,4
22303,0
22304,7
22305,11
22306,11
22307,7
22308,4
22309,11
22310,6
22311,1
22312,3
22313,1
22314,0
22315,1
22316,1
22317,11
22318,11
22319,4
22320,7
22321,13
22322,0
22323,9
22324,12
22325,12
22326,12
22327,3
22328,5
22329,1
22330,1
22331,3
22332,8
22333,4
22334,0
22335,6
22336,6
22337,13
22338,4
22339,11
22340,9
22341,8
22342,6
22343,0
22344,7
22345,1
22346,13
22347,12
22348,3
22349,7
22350,13
22351,8
22352,1
22353,1
22354,1
22355,0
22356,12
22357,2
22358,6
22359,12
22360,13
22361,8
22362,6
22363,1
22364,6
22365,8
22366,6
22367,11
22368,9
22369,8
22370,0
22371,7
22372,1
22373,13
22374,1
22375,5
22376,3
22377,0
22378,6
22379,4
22380,8
22381,8
22382,7
22383,1
22384,9
22385,7
22386,12
22387,11
22388,4
22389,11
22390,5
22391,0
22392,11
22393,5
22394,2
22395,9
22396,10
22397,5
22398,6
22399,2
22400,6
22401,2
22402,1
22403,11
22404,3
22405,13
22406,6
22407,1
22408,3
22409,10
22410,0
22411,1
22412,5
22413,7
22414,9
22415,12
22416,3
22417,0
22418,6
22419,2
22420,1
22421,0
22422,8
22423,4
22424,6
22425,4
22426,1
22427,0
22428,1
22429,5
22430,11
22431,3
22432,12
22433,11
22434,4
22435,8
22436,2
22437,2
22438,9
22439,2
22440,8
22441,11
22442,11
22443,3
22444,13
22445,12
22446,6
22447,12
22448,1
22449,12
22450,2
22451,1
22452,10
22453,8
22454,0
22455,2
22456,4
22457,7
22458,11
22459,6
22460,7
22461,7
22462,5
22463,1
22464,4
22465,1
22466,13
22467,0
22468,13
22469,9
22470,2
22471,4
22472,10
22473,2
22474,8
22475,6
22476,12
22477,12
22478,0
22479,7
22480,4
22481,0
22482,0
22483,13
22484,12
22485,7
22486,12
22487,11
22488,1
22489,11
22490,7
22491,10
22492,1
22493,4
22494,1
22495,12
22496,11
22497,6
22498,4
22499,8
22500,1
22501,6
22502,3
22503,2
22504,0
22505,0
22506,13
22507,11
22508,4
22509,1
22510,3
22511,11
22512,1
22513,7
22514,5
22515,8
22516,2
22517,5
22518,4
22519,10
22520,4
22521,7
22522,6
22523,0
22524,12
22525,4
22526,0
22527,13
22528,13
22529,8
22530,7
22531,13
22532,1
22533,4
22534,9
22535,0
22536,4
22537,2
22538,13
22539,9
22540,3
22541,8
22542,12
22543,11
22544,12
22545,4
22546,2
22547,3
22548,13
22549,6
22550,1
22551,2
22552,4
22553,2
22554,8
22555,10
22556,1
22557,11
22558,6
22559,7
22560,6
22561,3
22562,1
22563,11
22564,8
22565,2
22566,3
22567,2
22568,0
22569,1
22570,6
22571,12
22572,4
22573,11
22574,1
22575,11
22576,13
22577,7
22578,2
22579,0
22580,2
22581,2
22582,12
22583,0
22584,0
22585,1
22586,2
22587,11
22588,2
22589,1
22590,2
22591,2
22592,8
22593,0
22594,12
22595,13
22596,8
22597,12
22598,10
22599,10
22600,10
22601,12
22602,4
22603,1
22604,12
22605,2
22606,11
22607,9
22608,8
22609,8
22610,1
22611,13
22612,2
22613,12
22614,12
22615,1
22616,11
22617,1
22618,2
22619,1
22620,12
22621,8
22622,0
22623,13
22624,7
22625,4
22626,12
22627,4
22628,0
22629,11
22630,7
22631,13
22632,9
22633,7
22634,13
22635,11
22636,0
22637,3
22638,11
22639,11
22640,4
22641,7
22642,4
22643,9
22644,3
22645,8
22646,2
22647,6
22648,13
22649,0
22650,1
22651,12
22652,4
22653,8
22654,4
22655,6
22656,10
22657,11
22658,0
22659,0
22660,12
22661,0
22662,1
22663,3
22664,7
22665,4
22666,8
22667,9
22668,9
22669,1
22670,1
22671,9
22672,7
22673,1
22674,7
22675,5
22676,1
22677,8
22678,5
22679,10
22680,11
22681,13
22682,4
22683,6
22684,1
22685,3
22686,12
22687,11
22688,2
22689,4
22690,0
22691,1
22692,7
22693,7
22694,7
22695,7
22696,8
22697,1
22698,2
22699,5
22700,7
22701,1
22702,7
22703,7
22704,10
22705,0
22706,1
22707,0
22708,11
22709,4
22710,6
22711,5
22712,13
22713,11
22714,4
22715,1
22716,13
22717,11
22718,6
22719,7
22720,4
22721,12
22722,6
22723,11
22724,3
22725,2
22726,8
22727,0
22728,11
22729,9
22730,0
22731,2
22732,0
22733,2
22734,11
22735,12
22736,7
22737,2
22738,3
22739,6
22740,7
22741,1
22742,11
22743,2
22744,8
22745,1
22746,9
22747,4
22748,1
22749,8
22750,3
22751,1
22752,2
22753,11
22754,4
22755,7
22756,2
22757,10
22758,1
22759,1
22760,6
22761,13
22762,2
22763,1
22764,13
22765,10
22766,6
22767,10
22768,6
22769,11
22770,10
22771,4
22772,0
22773,0
22774,8
22775,2
22776,13
22777,11
22778,11
22779,3
22780,8
22781,10
22782,12
22783,12
22784,9
22785,1
22786,9
22787,8
22788,0
22789,9
22790,0
22791,1
22792,12
22793,13
22794,0
22795,9
22796,4
22797,0
22798,12
22799,11
22800,10
22801,8
22802,2
22803,11
22804,4
22805,8
22806,0
22807,0
22808,10
22809,2
22810,6
22811,11
22812,12
22813,9
22814,1
22815,7
22816,6
22817,2
22818,7
22819,6
22820,11
22821,5
22822,2
22823,13
22824,0
22825,8
22826,4
22827,12
22828,2
22829,12
22830,8
22831,11
22832,2
22833,9
22834,0
22835,7
22836,1
22837,1
22838,8
22839,4
22840,1
22841,12
22842,2
22843,6
22844,12
22845,10
22846,4
22847,1
22848,1
22849,3
22850,7
22851,4
22852,11
22853,4
22854,10
22855,13
22856,1
22857,9
22858,13
22859,1
22860,11
22861,4
22862,8
22863,7
22864,1
22865,1
22866,8
22867,11
22868,6
22869,11
22870,11
22871,0
22872,10
22873,2
22874,8
22875,6
22876,1
22877,6
22878,1
22879,2
22880,10
22881,11
22882,7
22883,13
22884,4
22885,10
22886,8
22887,1
22888,0
22889,4
22890,7
22891,10
22892,12
22893,11
22894,11
22895,12
22896,6
22897,6
22898,11
22899,6
22900,11
22901,13
22902,2
22903,0
22904,7
22905,8
22906,0
22907,2
22908,2
22909,1
22910,8
22911,6
22912,1
22913,1
22914,7
22915,7
22916,8
22917,1
22918,9
22919,2
22920,12
22921,11
22922,10
22923,12
22924,2
22925,6
22926,12
22927,11
22928,13
22929,8
22930,1
22931,8
22932,1
22933,13
22934,1
22935,1
22936,12
22937,3
22938,9
22939,11
22940,11
22941,10
22942,11
22943,1
22944,12
22945,2
22946,7
22947,2
22948,5
22949,0
22950,13
22951,6
22952,0
22953,10
22954,6
22955,8
22956,13
22957,7
22958,11
22959,11
22960,11
22961,13
22962,9
22963,6
22964,4
22965,9
22966,7
22967,10
22968,7
22969,6
22970,11
22971,2
22972,10
22973,2
22974,1
22975,0
22976,12
22977,11
22978,10
22979,4
22980,8
22981,2
22982,8
22983,9
22984,2
22985,2
22986,2
22987,2
22988,6
22989,12
22990,0
22991,11
22992,13
22993,3
22994,1
22995,11
22996,2
22997,2
22998,7
22999,13
23000,8
23001,13
23002,13
23003,7
23004,12
23005,2
23006,8
23007,2
23008,13
23009,6
23010,11
23011,0
23012,6
23013,13
23014,7
23015,4
23016,1
23017,10
23018,0
23019,13
23020,11
23021,0
23022,13
23023,6
23024,2
23025,0
23026,0
23027,8
23028,5
23029,13
23030,11
23031,2
23032,3
23033,2
23034,4
23035,9
23036,2
23037,13
23038,0
23039,0
23040,11
23041,8
23042,2
23043,9
23044,12
23045,0
23046,6
23047,4
23048,13
23049,4
23050,6
23051,7
23052,6
23053,7
23054,0
23055,1
23056,11
23057,6
23058,6
23059,12
23060,3
23061,8
23062,0
23063,2
23064,13
23065,11
23066,11
23067,6
23068,9
23069,2
23070,2
23071,11
23072,7
23073,0
23074,8
23075,0
23076,11
23077,8
23078,6
23079,12
23080,7
23081,2
23082,7
23083,11
23084,10
23085,0
23086,12
23087,8
23088,9
23089,6
23090,0
23091,7
23092,2
23093,1
23094,9
23095,1
23096,3
23097,2
23098,6
23099,10
23100,2
23101,0
23102,1
23103,1
23104,10
23105,10
23106,3
23107,11
23108,10
23109,8
23110,2
23111,9
23112,5
23113,10
23114,2
23115,11
23116,8
23117,10
23118,12
23119,0
23120,12
23121,13
23122,11
23123,11
23124,0
23125,7
23126,7
23127,6
23128,13
23129,7
23130,0
23131,3
23132,1
23133,9
23134,4
23135,4
23136,8
23137,10
23138,10
23139,2
23140,6
23141,11
23142,1
23143,4
23144,10
23145,2
23146,11
23147,1
23148,4
23149,0
23150,12
23151,1
23152,0
23153,8
23154,2
23155,9
23156,11
23157,2
23158,11
23159,2
23160,8
23161,2
23162,9
23163,11
23164,1
23165,12
23166,4
23167,11
23168,0
23169,2
23170,10
23171,4
23172,4
23173,11
23174,9
23175,12
23176,13
23177,12
23178,2
23179,0
23180,0
23181,0
23182,8
23183,1
23184,4
23185,9
23186,11
23187,2
23188,3
23189,0
23190,11
23191,13
23192,2
23193,11
23194,13
23195,10
23196,9
23197,2
23198,0
23199,11
23200,2
23201,1
23202,1
23203,1
23204,2
23205,0
23206,1
23207,6
23208,5
23209,3
23210,1
23211,8
23212,2
23213,4
23214,8
23215,13
23216,0
23217,2
23218,8
23219,8
23220,8
23221,13
23222,11
23223,13
23224,4
23225,10
23226,7
23227,1
23228,10
23229,1
23230,2
23231,12
23232,1
23233,2
23234,6
23235,7
23236,1
23237,4
23238,6
23239,7
23240,6
23241,4
23242,4
23243,7
23244,7
23245,11
23246,0
23247,1
23248,12
23249,8
23250,12
23251,7
23252,8
23253,9
23254,4
23255,0
23256,1
23257,0
23258,12
23259,10
23260,11
23261,8
23262,0
23263,6
23264,13
23265,11
23266,10
23267,11
23268,11
23269,1
23270,12
23271,2
23272,4
23273,1
23274,8
23275,0
23276,4
23277,11
23278,3
23279,3
23280,12
23281,4
23282,8
23283,8
23284,11
23285,8
23286,6
23287,1
23288,2
23289,8
23290,11
23291,10
23292,7
23293,7
23294,4
23295,3
23296,0
23297,1
23298,12
23299,2
23300,7
23301,7
23302,0
23303,1
23304,7
23305,7
23306,4
23307,0
23308,8
23309,0
23310,0
23311,11
23312,4
23313,2
23314,1
23315,1
23316,1
23317,2
23318,2
23319,6
23320,8
23321,0
23322,0
23323,1
23324,3
23325,13
23326,0
23327,11
23328,0
23329,12
23330,2
23331,11
23332,4
23333,1
23334,7
23335,1
23336,4
23337,12
23338,7
23339,0
23340,8
23341,0
23342,11
23343,10
23344,10
23345,8
23346,10
23347,0
23348,9
23349,13
23350,0
23351,3
23352,4
23353,4
23354,8
23355,6
23356,8
23357,11
23358,11
23359,1
23360,4
23361,8
23362,8
23363,2
23364,12
23365,12
23366,12
23367,9
23368,2
23369,2
23370,4
23371,12
23372,1
23373,12
23374,4
23375,0
23376,9
23377,2
23378,2
23379,1
23380,0
23381,6
23382,1
23383,5
23384,2
23385,3
23386,4
23387,4
23388,8
23389,2
23390,11
23391,12
23392,3
23393,8
23394,4
23395,9
23396,10
23397,10
23398,0
23399,2
23400,9
23401,1
23402,12
23403,8
23404,2
23405,11
23406,12
23407,4
23408,2
23409,12
23410,6
23411,8
23412,6
23413,0
23414,11
23415,0
23416,8
23417,13
23418,11
23419,1
23420,2
23421,13
23422,4
23423,7
23424,11
23425,1
23426,13
23427,6
23428,2
23429,2
23430,13
23431,10
23432,8
23433,2
23434,0
23435,8
23436,3
23437,13
23438,1
23439,6
23440,2
23441,7
23442,0
23443,8
23444,6
23445,6
23446,10
23447,9
23448,8
23449,0
23450,1
23451,0
23452,11
23453,1
23454,3
23455,9
23456,1
23457,1
23458,3
23459,11
23460,2
23461,3
23462,8
23463,10
23464,2
23465,4
23466,6
23467,4
23468,8
23469,1
23470,11
23471,2
23472,0
23473,4
23474,0
23475,1
23476,6
23477,3
23478,10
23479,7
23480,4
23481,12
23482,2
23483,10
23484,11
23485,6
23486,2
23487,10
23488,0
23489,5
23490,9
23491,4
23492,13
23493,1
23494,11
23495,8
23496,2
23497,3
23498,4
23499,12
23500,7
23501,1
23502,0
23503,11
23504,1
23505,11
23506,13
23507,12
23508,1
23509,7
23510,1
23511,4
23512,0
23513,12
23514,11
23515,11
23516,4
23517,0
23518,4
23519,4
23520,0
23521,3
23522,9
23523,11
23524,0
23525,10
23526,0
23527,5
23528,3
23529,9
23530,12
23531,0
23532,8
23533,12
23534,6
23535,5
23536,0
23537,10
23538,9
23539,4
23540,0
23541,0
23542,7
23543,2
23544,1
23545,8
23546,0
23547,1
23548,8
23549,1
23550,11
23551,6
23552,11
23553,3
23554,6
23555,0
23556,11
23557,4
23558,6
23559,1
23560,9
23561,0
23562,1
23563,12
23564,11
23565,11
23566,4
23567,11
23568,6
23569,13
23570,0
23571,10
23572,7
23573,0
23574,12
23575,10
23576,8
23577,12
23578,11
23579,11
23580,2
23581,4
23582,7
23583,6
23584,0
23585,10
23586,4
23587,6
23588,1
23589,0
23590,0
23591,13
23592,3
23593,0
23594,6
23595,1
23596,8
23597,8
23598,7
23599,5
23600,6
23601,6
23602,2
23603,0
23604,12
23605,11
23606,6
23607,6
23608,12
23609,0
23610,5
23611,10
23612,8
23613,0
23614,5
23615,13
23616,11
23617,8
23618,3
23619,10
23620,1
23621,6
23622,0
23623,13
23624,10
23625,13
23626,2
23627,2
23628,8
23629,0
23630,13
23631,4
23632,0
23633,12
23634,6
23635,0
23636,6
23637,12
23638,12
23639,9
23640,7
23641,6
23642,12
23643,4
23644,1
23645,1
23646,1
23647,11
23648,11
23649,13
23650,8
23651,10
23652,0
23653,12
23654,4
23655,0
23656,2
23657,0
23658,2
23659,11
23660,11
23661,11
23662,4
23663,3
23664,0
23665,8
23666,1
23667,8
23668,1
23669,6
23670,12
23671,1
23672,9
23673,11
23674,1
23675,6
23676,1
23677,4
23678,7
23679,3
23680,8
23681,10
23682,3
23683,2
23684,12
23685,4
23686,11
23687,2
23688,2
23689,5
23690,4
23691,2
23692,6
23693,6
23694,6
23695,10
23696,0
23697,11
23698,0
23699,0
23700,3
23701,13
23702,10
23703,2
23704,2
23705,3
23706,6
23707,11
23708,0
23709,7
23710,12
23711,12
23712,6
23713,8
23714,1
23715,3
23716,2
23717,11
23718,3
23719,4
23720,4
23721,7
23722,7
23723,10
23724,11
23725,6
23726,2
23727,3
23728,2
23729,7
23730,0
23731,3
23732,2
23733,7
23734,10
23735,3
23736,6
23737,13
23738,11
23739,11
23740,1
23741,9
23742,7
23743,2
23744,9
23745,2
23746,0
23747,1
23748,12
23749,9
23750,12
23751,8
23752,2
23753,3
23754,4
23755,11
23756,4
23757,0
23758,0
23759,10
23760,4
23761,10
23762,0
23763,10
23764,1
23765,11
23766,0
23767,2
23768,12
23769,2
23770,0
23771,1
23772,12
23773,9
23774,13
23775,7
23776,8
23777,0
23778,12
23779,11
23780,12
23781,12
23782,13
23783,8
23784,6
23785,6
23786,7
23787,7
23788,8
23789,2
23790,13
23791,11
23792,1
23793,6
23794,10
23795,0
23796,7
23797,6
23798,9
23799,1
23800,7
23801,11
23802,13
23803,11
23804,1
23805,4
23806,9
23807,0
23808,8
23809,4
23810,3
23811,6
23812,4
23813,6
23814,2
23815,4
23816,9
23817,7
23818,2
23819,0
23820,1
23821,11
23822,11
23823,4
23824,1
23825,8
23826,4
23827,7
23828,1
23829,1
23830,2
23831,7
23832,0
23833,10
23834,0
23835,1
23836,11
23837,0
23838,11
23839,12
23840,11
23841,0
23842,12
23843,2
23844,12
23845,0
23846,4
23847,2
23848,13
23849,4
23850,10
23851,13
23852,4
23853,13
23854,2
23855,7
23856,7
23857,6
23858,8
23859,4
23860,12
23861,0
23862,12
23863,9
23864,12
23865,6
23866,8
23867,12
23868,10
23869,7
23870,11
23871,3
23872,12
23873,3
23874,6
23875,13
23876,9
23877,10
23878,0
23879,10
23880,2
23881,12
23882,7
23883,2
23884,4
23885,13
23886,12
23887,1
23888,12
23889,6
23890,4
23891,11
23892,6
23893,9
23894,4
23895,12
23896,11
23897,4
23898,10
23899,12
23900,2
23901,0
23902,12
23903,4
23904,6
23905,13
23906,1
23907,0
23908,1
23909,10
23910,11
23911,9
23912,0
23913,2
23914,8
23915,6
23916,11
23917,4
23918,0
23919,6
23920,3
23921,0
23922,11
23923,11
23924,3
23925,4
23926,0
23927,0
23928,2
23929,7
23930,6
23931,3
23932,10
23933,3
23934,7
23935,12
23936,8
23937,12
23938,4
23939,7
23940,8
23941,4
23942,11
23943,3
23944,2
23945,0
23946,11
23947,0
23948,2
23949,7
23950,6
23951,13
23952,12
23953,0
23954,1
23955,6
23956,0
23957,11
23958,11
23959,0
23960,0
23961,7
23962,8
23963,4
23964,7
23965,12
23966,12
23967,12
23968,2
23969,6
23970,9
23971,11
23972,1
23973,12
23974,2
23975,9
23976,4
23977,6
23978,4
23979,10
23980,10
23981,4
23982,4
23983,2
23984,7
23985,7
23986,1
23987,2
23988,2
23989,12
23990,12
23991,7
23992,11
23993,0
23994,3
23995,13
23996,0
23997,13
23998,11
23999,9
24000,2
24001,1
24002,2
24003,12
24004,2
24005,13
24006,2
24007,2
24008,1
24009,12
24010,9
24011,2
24012,9
24013,0
24014,8
24015,7
24016,9
24017,7
24018,7
24019,7
24020,7
24021,11
24022,13
24023,0
24024,11
24025,11
24026,0
24027,0
24028,7
24029,3
24030,3
24031,9
24032,11
24033,13
24034,2
24035,0
24036,2
24037,1
24038,13
24039,8
24040,8
24041,11
24042,8
24043,11
24044,2
24045,6
24046,11
24047,4
24048,11
24049,6
24050,2
24051,0
24052,0
24053,0
24054,6
24055,0
24056,12
24057,0
24058,4
24059,7
24060,4
24061,10
24062,3
24063,3
24064,2
24065,2
24066,0
24067,8
24068,11
24069,1
24070,3
24071,9
24072,2
24073,3
24074,12
24075,7
24076,3
24077,8
24078,0
24079,1
24080,4
24081,11
24082,7
24083,1
24084,11
24085,6
24086,11
24087,5
24088,0
24089,10
24090,7
24091,6
24092,8
24093,7
24094,7
24095,7
24096,10
24097,3
24098,7
24099,0
24100,4
24101,0
24102,2
24103,7
24104,13
24105,2
24106,11
24107,12
24108,0
24109,2
24110,1
24111,2
24112,4
24113,0
24114,3
24115,8
24116,4
24117,4
24118,13
24119,2
24120,13
24121,2
24122,13
24123,7
24124,0
24125,7
24126,2
24127,2
24128,6
24129,7
24130,1
24131,2
24132,9
24133,13
24134,1
24135,12
24136,1
24137,4
24138,9
24139,2
24140,0
24141,4
24142,3
24143,12
24144,7
24145,3
24146,11
24147,6
24148,8
24149,10
24150,11
24151,2
24152,8
24153,2
24154,7
24155,4
24156,1
24157,10
24158,11
24159,7
24160,1
24161,12
24162,3
24163,1
24164,3
24165,12
24166,7
24167,13
24168,11
24169,1
24170,12
24171,11
24172,11
24173,2
24174,4
24175,1
24176,7
24177,10
24178,1
24179,12
24180,0
24181,0
24182,2
24183,3
24184,0
24185,0
24186,1
24187,7
24188,6
24189,0
24190,6
24191,11
24192,6
24193,3
24194,12
24195,13
24196,10
24197,13
24198,11
24199,4
24200,2
24201,0
24202,3
24203,10
24204,6
24205,11
24206,2
24207,4
24208,11
24209,12
24210,11
24211,4
24212,2
24213,2
24214,2
24215,12
24216,11
24217,0
24218,8
24219,7
24220,11
24221,7
24222,2
24223,1
24224,4
24225,8
24226,2
24227,11
24228,10
24229,13
24230,4
24231,2
24232,4
24233,0
24234,8
24235,2
24236,2
24237,4
24238,3
24239,11
24240,3
24241,7
24242,11
24243,12
24244,0
24245,7
24246,12
24247,4
24248,3
24249,0
24250,12
24251,12
24252,9
24253,8
24254,6
24255,8
24256,7
24257,9
24258,8
24259,11
24260,9
24261,11
24262,1
24263,9
24264,9
24265,8
24266,7
24267,1
24268,9
24269,12
24270,11
24271,0
24272,11
24273,11
24274,4
24275,11
24276,9
24277,2
24278,11
24279,12
24280,2
24281,6
24282,10
24283,1
24284,6
24285,2
24286,9
24287,7
24288,5
24289,12
24290,3
24291,5
24292,13
24293,4
24294,4
24295,0
24296,2
24297,13
24298,9
24299,10
24300,2
24301,9
24302,2
24303,9
24304,4
24305,13
24306,12
24307,8
24308,12
24309,2
24310,2
24311,10
24312,6
24313,8
24314,2
24315,0
24316,1
24317,12
24318,11
24319,7
24320,6
24321,6
24322,1
24323,9
24324,13
24325,2
24326,11
24327,2
24328,7
24329,12
24330,1
24331,5
24332,6
24333,2
24334,11
24335,3
24336,1
24337,3
24338,13
24339,7
24340,7
24341,2
24342,11
24343,4
24344,1
24345,4
24346,7
24347,8
24348,11
24349,6
24350,7
24351,7
24352,11
24353,10
24354,2
24355,2
24356,1
24357,1
24358,6
24359,3
24360,1
24361,4
24362,8
24363,10
24364,4
24365,1
24366,4
24367,0
24368,9
24369,1
24370,8
24371,7
24372,10
24373,12
24374,3
24375,0
24376,2
24377,9
24378,7
24379,1
24380,11
24381,11
24382,7
24383,2
24384,2
24385,1
24386,4
24387,1
24388,10
24389,2
24390,9
24391,4
24392,8
24393,0
24394,12
24395,0
24396,0
24397,7
24398,11
24399,4
24400,9
24401,12
24402,10
24403,0
24404,4
24405,8
24406,1
24407,12
24408,6
24409,1
24410,6
24411,6
24412,7
24413,3
24414,11
24415,11
24416,13
24417,1
24418,9
24419,2
24420,12
24421,1
24422,11
24423,0
24424,11
24425,12
24426,2
24427,10
24428,4
24429,1
24430,11
24431,1
24432,0
24433,11
24434,1
24435,11
24436,3
24437,1
24438,2
24439,1
24440,1
24441,7
24442,11
24443,8
24444,6
24445,11
24446,13
24447,12
24448,11
24449,3
24450,8
24451,1
24452,3
24453,12
24454,11
24455,12
24456,0
24457,12
24458,8
24459,13
24460,13
24461,0
24462,1
24463,13
24464,12
24465,6
24466,3
24467,4
24468,1
24469,2
24470,6
24471,13
24472,0
24473,9
24474,3
24475,13
24476,11
24477,8
24478,9
24479,0
24480,2
24481,11
24482,6
24483,11
24484,1
24485,9
24486,10
24487,11
24488,13
24489,4
24490,11
24491,8
24492,4
24493,2
24494,2
24495,0
24496,13
24497,1
24498,11
24499,0
24500,10
24501,11
24502,2
24503,10
24504,11
24505,3
24506,6
24507,7
24508,2
24509,11
24510,0
24511,2
24512,1
24513,2
24514,0
24515,1
24516,11
24517,1
24518,10
24519,3
24520,9
24521,10
24522,11
24523,2
24524,8
24525,3
24526,9
24527,1
24528,5
24529,0
24530,13
24531,4
24532,9
24533,2
24534,9
24535,9
24536,11
24537,13
24538,0
24539,11
24540,6
24541,8
24542,8
24543,8
24544,3
24545,10
24546,11
24547,4
24548,11
24549,4
24550,4
24551,12
24552,8
24553,2
24554,9
24555,11
24556,10
24557,5
24558,13
24559,12
24560,11
24561,10
24562,9
24563,0
24564,11
24565,3
24566,6
24567,5
24568,1
24569,13
24570,11
24571,8
24572,4
24573,13
24574,8
24575,3
24576,2
24577,7
24578,4
24579,9
24580,2
24581,0
24582,9
24583,12
24584,4
24585,1
24586,8
24587,8
24588,1
24589,2
24590,12
24591,13
24592,2
24593,0
24594,1
24595,2
24596,12
24597,1
24598,6
24599,2
24600,7
24601,12
24602,8
24603,11
24604,11
24605,2
24606,2
24607,13
24608,9
24609,5
24610,8
24611,2
24612,11
24613,3
24614,10
24615,9
24616,6
24617,12
24618,7
24619,13
24620,11
24621,11
24622,7
24623,0
24624,5
24625,9
24626,13
24627,4
24628,1
24629,6
24630,13
24631,12
24632,11
24633,7
24634,13
24635,6
24636,7
24637,3
24638,10
24639,0
24640,8
24641,3
24642,1
24643,8
24644,12
24645,6
24646,3
24647,9
24648,10
24649,2
24650,3
24651,3
24652,1
24653,1
24654,7
24655,7
24656,1
24657,7
24658,1
24659,8
24660,7
24661,0
24662,6
24663,7
24664,9
24665,10
24666,6
24667,10
24668,1
24669,11
24670,7
24671,1
24672,13
24673,13
24674,1
24675,0
24676,0
24677,11
24678,4
24679,9
24680,7
24681,12
24682,0
24683,11
24684,12
24685,8
24686,6
24687,0
24688,8
24689,6
24690,1
24691,12
24692,2
24693,1
24694,11
24695,2
24696,9
24697,6
24698,6
24699,6
24700,9
24701,3
24702,1
24703,12
24704,7
24705,1
24706,7
24707,7
24708,12
24709,13
24710,13
24711,7
24712,2
24713,1
24714,10
24715,12
24716,8
24717,1
24718,9
24719,12
24720,12
24721,7
24722,6
24723,11
24724,11
24725,11
24726,3
24727,2
24728,10
24729,13
24730,6
24731,2
24732,7
24733,9
24734,6
24735,11
24736,9
24737,12
24738,1
24739,6
24740,3
24741,11
24742,10
24743,1
24744,7
24745,6
24746,0
24747,12
24748,8
24749,12
24750,12
24751,3
24752,3
24753,12
24754,3
24755,2
24756,10
24757,0
24758,12
24759,2
24760,9
24761,1
24762,9
24763,7
24764,6
24765,12
24766,10
24767,0
24768,7
24769,11
24770,8
24771,4
24772,13
24773,11
24774,6
24775,13
24776,1
24777,4
24778,8
24779,6
24780,4
24781,0
24782,0
24783,6
24784,9
24785,1
24786,4
24787,11
24788,12
24789,10
24790,2
24791,11
24792,11
24793,9
24794,13
24795,4
24796,12
24797,1
24798,12
24799,13
24800,1
24801,4
24802,1
24803,4
24804,6
24805,0
24806,13
24807,10
24808,11
24809,2
24810,11
24811,2
24812,11
24813,5
24814,9
24815,0
24816,7
24817,4
24818,12
24819,10
24820,4
24821,8
24822,11
24823,8
24824,2
24825,5
24826,11
24827,7
24828,2
24829,5
24830,6
24831,0
24832,8
24833,13
24834,10
24835,0
24836,2
24837,1
24838,3
24839,6
24840,9
24841,7
24842,1
24843,0
24844,8
24845,5
24846,2
24847,12
24848,8
24849,12
24850,1
24851,0
24852,10
24853,10
24854,12
24855,4
24856,3
24857,6
24858,1
24859,12
24860,4
24861,3
24862,2
24863,1
24864,12
24865,9
24866,4
24867,6
24868,8
24869,6
24870,11
24871,3
24872,8
24873,11
24874,1
24875,0
24876,1
24877,10
24878,0
24879,1
24880,0
24881,10
24882,5
24883,11
24884,3
24885,11
24886,13
24887,1
24888,4
24889,1
24890,1
24891,2
24892,6
24893,2
24894,12
24895,1
24896,2
24897,4
24898,3
24899,0
24900,11
24901,9
24902,11
24903,4
24904,6
24905,13
24906,11
24907,8
24908,5
24909,1
24910,1
24911,11
24912,13
24913,1
24914,2
24915,11
24916,8
24917,11
24918,7
24919,0
24920,6
24921,2
24922,5
24923,7
24924,8
24925,11
24926,10
24927,0
24928,0
24929,1
24930,0
24931,1
24932,4
24933,13
24934,3
24935,11
24936,2
24937,0
24938,9
24939,2
24940,11
24941,9
24942,2
24943,7
24944,0
24945,6
24946,1
24947,2
24948,11
24949,11
24950,7
24951,8
24952,0
24953,9
24954,8
24955,1
24956,12
24957,11
24958,1
24959,11
24960,6
24961,7
24962,11
24963,2
24964,13
24965,13
24966,10
24967,12
24968,0
24969,12
24970,10
24971,11
24972,4
24973,3
24974,7
24975,0
24976,9
24977,2
24978,12
24979,2
24980,10
24981,9
24982,2
24983,0
24984,1
24985,13
24986,10
24987,2
24988,7
24989,2
24990,3
24991,11
24992,7
24993,11
24994,8
24995,12
24996,1
24997,13
24998,7
24999,4
25000,11
25001,11
25002,10
25003,9
25004,6
25005,9
25006,12
25007,1
25008,13
25009,0
25010,8
25011,1
25012,0
25013,2
25014,0
25015,0
25016,7
25017,12
25018,6
25019,13
25020,7
25021,13
25022,1
25023,12
25024,10
25025,12
25026,2
25027,8
25028,8
25029,0
25030,6
25031,6
25032,7
25033,11
25034,1
25035,2
25036,0
25037,9
25038,4
25039,9
25040,12
25041,1
25042,4
25043,1
25044,7
25045,7
25046,9
25047,1
25048,10
25049,10
25050,9
25051,10
25052,4
25053,11
25054,6
25055,13
25056,6
25057,12
25058,12
25059,11
25060,1
25061,1
25062,8
25063,8
25064,3
25065,1
25066,11
25067,2
25068,11
25069,2
25070,6
25071,2
25072,11
25073,6
25074,7
25075,3
25076,1
25077,0
25078,2
25079,12
25080,8
25081,2
25082,3
25083,7
25084,13
25085,2
25086,8
25087,10
25088,13
25089,13
25090,12
25091,6
25092,3
25093,1
25094,3
25095,2
25096,0
25097,7
25098,2
25099,1
25100,11
25101,7
25102,4
25103,2
25104,0
25105,9
25106,8
25107,12
25108,2
25109,0
25110,6
25111,7
25112,0
25113,8
25114,9
25115,13
25116,12
25117,11
25118,6
25119,7
25120,1
25121,8
25122,8
25123,12
25124,2
25125,2
25126,0
25127,1
25128,3
25129,13
25130,11
25131,4
25132,11
25133,1
25134,1
25135,6
25136,2
25137,2
25138,6
25139,12
25140,8
25141,12
25142,11
25143,12
25144,2
25145,3
25146,0
25147,3
25148,11
25149,1
25150,10
25151,9
25152,1
25153,12
25154,7
25155,3
25156,0
25157,4
25158,4
25159,12
25160,6
25161,0
25162,2
25163,2
25164,0
25165,11
25166,13
25167,1
25168,11
25169,1
25170,3
25171,2
25172,9
25173,12
25174,2
25175,13
25176,10
25177,2
25178,11
25179,13
25180,3
25181,11
25182,11
25183,0
25184,9
25185,1
25186,6
25187,0
25188,12
25189,7
25190,11
25191,2
25192,4
25193,0
25194,10
25195,13
25196,13
25197,9
25198,11
25199,11
25200,12
25201,3
25202,12
25203,4
25204,7
25205,4
25206,6
25207,4
25208,7
25209,10
25210,13
25211,0
25212,4
25213,1
25214,11
25215,0
25216,0
25217,10
25218,12
25219,12
25220,4
25221,8
25222,6
25223,6
25224,0
25225,12
25226,1
25227,8
25228,1
25229,3
25230,7
25231,10
25232,0
25233,10
25234,1
25235,12
25236,11
25237,2
25238,5
25239,2
25240,7
25241,4
25242,1
25243,11
25244,7
25245,3
25246,6
25247,7
25248,12
25249,2
25250,6
25251,11
25252,13
25253,4
25254,12
25255,4
25256,11
25257,1
25258,3
25259,0
25260,12
25261,1
25262,1
25263,7
25264,4
25265,3
25266,7
25267,4
25268,12
25269,12
25270,10
25271,12
25272,6
25273,10
25274,7
25275,1
25276,1
25277,6
25278,13
25279,0
25280,12
25281,5
25282,1
25283,6
25284,4
25285,7
25286,8
25287,6
25288,11
25289,6
25290,10
25291,4
25292,3
25293,11
25294,1
25295,2
25296,6
25297,12
25298,9
25299,1
25300,5
25301,0
25302,9
25303,7
25304,0
25305,4
25306,6
25307,1
25308,11
25309,0
25310,2
25311,4
25312,2
25313,13
25314,7
25315,11
25316,2
25317,11
25318,13
25319,12
25320,11
25321,8
25322,7
25323,3
25324,10
25325,13
25326,1
25327,1
25328,4
25329,6
25330,12
25331,9
25332,0
25333,4
25334,11
25335,11
25336,12
25337,0
25338,11
25339,11
25340,6
25341,9
25342,8
25343,8
25344,1
25345,7
25346,12
25347,10
25348,7
25349,0
25350,8
25351,11
25352,6
25353,4
25354,2
25355,10
25356,2
25357,11
25358,7
25359,2
25360,0
25361,6
25362,13
25363,2
25364,6
25365,3
25366,6
25367,8
25368,4
25369,3
25370,12
25371,7
25372,11
25373,11
25374,7
25375,7
25376,11
25377,0
25378,0
25379,10
25380,4
25381,0
25382,1
25383,5
25384,1
25385,0
25386,0
25387,6
25388,13
25389,1
25390,9
25391,10
25392,10
25393,6
25394,4
25395,12
25396,4
25397,11
25398,10
25399,6
25400,7
25401,3
25402,4
25403,2
25404,7
25405,8
25406,1
25407,12
25408,3
25409,2
25410,8
25411,10
25412,0
25413,2
25414,7
25415,4
25416,1
25417,5
25418,2
25419,7
25420,4
25421,8
25422,10
25423,11
25424,7
25425,7
25426,11
25427,2
25428,6
25429,6
25430,2
25431,13
25432,1
25433,0
25434,11
25435,11
25436,7
25437,11
25438,9
25439,2
25440,11
25441,6
25442,7
25443,10
25444,10
25445,13
25446,3
25447,2
25448,8
25449,4
25450,6
25451,6
25452,1
25453,8
25454,9
25455,5
25456,1
25457,11
25458,0
25459,12
25460,8
25461,3
25462,8
25463,0
25464,10
25465,4
25466,11
25467,4
25468,0
25469,8
25470,12
25471,11
25472,6
25473,7
25474,11
25475,12
25476,0
25477,0
25478,1
25479,6
25480,2
25481,2
25482,1
25483,13
25484,5
25485,11
25486,7
25487,3
25488,8
25489,3
25490,7
25491,6
25492,6
25493,2
25494,0
25495,10
25496,1
25497,7
25498,4
25499,11
25500,9
25501,2
25502,4
25503,10
25504,11
25505,3
25506,7
25507,11
25508,2
25509,2
25510,13
25511,0
25512,12
25513,4
25514,7
25515,0
25516,11
25517,2
25518,4
25519,1
25520,7
25521,12
25522,0
25523,6
25524,3
25525,1
25526,11
25527,1
25528,6
25529,0
25530,6
25531,11
25532,6
25533,5
25534,10
25535,6
25536,9
25537,10
25538,3
25539,0
25540,2
25541,2
25542,3
25543,4
25544,8
25545,12
25546,2
25547,2
25548,1
25549,0
25550,12
25551,12
25552,7
25553,12
25554,8
25555,2
25556,12
25557,7
25558,3
25559,11
25560,11
25561,6
25562,8
25563,7
25564,1
25565,7
25566,3
25567,6
25568,7
25569,11
25570,7
25571,2
25572,12
25573,10
25574,7
25575,11
25576,9
25577,11
25578,6
25579,7
25580,8
25581,2
25582,11
25583,7
25584,0
25585,12
25586,7
25587,10
25588,0
25589,13
25590,5
25591,3
25592,7
25593,2
25594,10
25595,7
25596,11
25597,12
25598,8
25599,12
25600,2
25601,4
25602,13
25603,0
25604,10
25605,4
25606,0
25607,0
25608,12
25609,10
25610,7
25611,4
25612,2
25613,0
25614,13
25615,0
25616,4
25617,11
25618,1
25619,4
25620,1
25621,13
25622,4
25623,6
25624,2
25625,6
25626,10
25627,11
25628,6
25629,8
25630,9
25631,2
25632,11
25633,11
25634,12
25635,13
25636,2
25637,4
25638,0
25639,13
25640,12
25641,6
25642,0
25643,2
25644,6
25645,7
25646,3
25647,11
25648,7
25649,11
25650,2
25651,12
25652,7
25653,12
25654,2
25655,11
25656,2
25657,2
25658,0
25659,10
25660,0
25661,2
25662,0
25663,0
25664,2
25665,4
25666,12
25667,2
25668,1
25669,5
25670,11
25671,2
25672,5
25673,4
25674,4
25675,8
25676,0
25677,1
25678,8
25679,9
25680,7
25681,7
25682,11
25683,9
25684,11
25685,0
25686,2
25687,7
25688,13
25689,6
25690,0
25691,1
25692,3
25693,12
25694,12
25695,7
25696,3
25697,13
25698,3
25699,10
25700,9
25701,1
25702,1
25703,4
25704,0
25705,1
25706,8
25707,8
25708,1
25709,10
25710,11
25711,0
25712,0
25713,1
25714,8
25715,1
25716,11
25717,7
25718,13
25719,2
25720,1
25721,6
25722,3
25723,1
25724,0
25725,6
25726,1
25727,2
25728,0
25729,10
25730,2
25731,6
25732,2
25733,8
25734,8
25735,11
25736,2
25737,6
25738,2
25739,4
25740,2
25741,11
25742,8
25743,7
25744,11
25745,11
25746,7
25747,3
25748,0
25749,0
25750,1
25751,3
25752,12
25753,11
25754,6
25755,7
25756,4
25757,1
25758,11
25759,2
25760,1
25761,9
25762,12
25763,0
25764,2
25765,0
25766,12
25767,11
25768,10
25769,12
25770,0
25771,7
25772,2
25773,0
25774,9
25775,10
25776,10
25777,7
25778,2
25779,12
25780,5
25781,10
25782,3
25783,0
25784,8
25785,12
25786,6
25787,11
25788,12
25789,11
25790,11
25791,6
25792,4
25793,10
25794,8
25795,11
25796,9
25797,0
25798,7
25799,0
25800,11
25801,6
25802,2
25803,1
25804,0
25805,6
25806,1
25807,11
25808,0
25809,1
25810,2
25811,11
25812,1
25813,7
25814,9
25815,6
25816,11
25817,8
25818,11
25819,1
25820,2
25821,1
25822,0
25823,3
25824,1
25825,1
25826,8
25827,11
25828,0
25829,10
25830,0
25831,12
25832,13
25833,9
25834,7
25835,0
25836,4
25837,6
25838,1
25839,1
25840,3
25841,3
25842,6
25843,2
25844,3
25845,9
25846,4
25847,8
25848,12
25849,4
25850,11
25851,8
25852,4
25853,1
25854,4
25855,6
25856,9
25857,12
25858,13
25859,2
25860,8
25861,12
25862,2
25863,13
25864,8
25865,13
25866,0
25867,13
25868,2
25869,8
25870,10
25871,1
25872,4
25873,12
25874,0
25875,0
25876,4
25877,6
25878,2
25879,10
25880,3
25881,2
25882,12
25883,11
25884,6
25885,1
25886,1
25887,4
25888,2
25889,10
25890,2
25891,10
25892,6
25893,2
25894,2
25895,13
25896,13
25897,2
25898,10
25899,13
25900,11
25901,3
25902,10
25903,0
25904,4
25905,0
25906,3
25907,2
25908,10
25909,7
25910,12
25911,0
25912,13
25913,5
25914,4
25915,9
25916,1
25917,11
25918,11
25919,7
25920,2
25921,12
25922,13
25923,7
25924,0
25925,0
25926,0
25927,12
25928,13
25929,1
25930,2
25931,6
25932,11
25933,12
25934,4
25935,12
25936,6
25937,8
25938,6
25939,4
25940,11
25941,2
25942,2
25943,10
25944,3
25945,5
25946,0
25947,13
25948,10
25949,1
25950,11
25951,1
25952,7
25953,10
25954,2
25955,3
25956,11
25957,1
25958,2
25959,1
25960,12
25961,1
25962,1
25963,9
25964,13
25965,11
25966,11
25967,4
25968,11
25969,1
25970,0
25971,10
25972,0
25973,12
25974,4
25975,11
25976,11
25977,11
25978,10
25979,13
25980,3
25981,3
25982,10
25983,1
25984,4
25985,13
25986,7
25987,0
25988,6
25989,1
25990,10
25991,4
25992,10
25993,11
25994,0
25995,8
25996,12
25997,0
25998,4
25999,12
26000,13
26001,13
26002,11
26003,3
26004,6
26005,12
26006,12
26007,0
26008,7
26009,12
26010,11
26011,2
26012,1
26013,6
26014,3
26015,10
26016,8
26017,2
26018,1
26019,2
26020,13
26021,3
26022,4
26023,11
26024,0
26025,1
26026,12
26027,4
26028,3
26029,12
26030,1
26031,4
26032,2
26033,0
26034,7
26035,6
26036,11
26037,1
26038,12
26039,8
26040,4
26041,5
26042,0
26043,11
26044,10
26045,10
26046,7
26047,6
26048,1
26049,13
26050,8
26051,1
26052,13
26053,7
26054,8
26055,2
26056,8
26057,10
26058,0
26059,4
26060,0
26061,3
26062,0
26063,4
26064,13
26065,4
26066,2
26067,13
26068,6
26069,13
26070,11
26071,10
26072,12
26073,4
26074,7
26075,3
26076,3
26077,11
26078,11
26079,9
26080,12
26081,7
26082,7
26083,0
26084,10
26085,1
26086,13
26087,8
26088,13
26089,12
26090,7
26091,9
26092,2
26093,4
26094,8
26095,11
26096,4
26097,10
26098,3
26099,13
26100,3
26101,8
26102,3
26103,1
26104,11
26105,1
26106,13
26107,12
26108,2
26109,4
26110,1
26111,2
26112,10
26113,11
26114,11
26115,13
26116,8
26117,6
26118,7
26119,2
26120,9
26121,10
26122,11
26123,11
26124,1
26125,9
26126,1
26127,8
26128,0
26129,6
26130,0
26131,12
26132,9
26133,2
26134,13
26135,1
26136,3
26137,8
26138,2
26139,10
26140,0
26141,11
26142,10
26143,11
26144,0
26145,2
26146,1
26147,2
26148,0
26149,2
26150,7
26151,10
26152,2
26153,13
26154,9
26155,11
26156,11
26157,8
26158,6
26159,5
26160,1
26161,4
26162,7
26163,1
26164,5
26165,4
26166,0
26167,13
26168,7
26169,7
26170,2
26171,13
26172,2
26173,12
26174,10
26175,2
26176,12
26177,2
26178,7
26179,4
26180,2
26181,7
26182,3
26183,13
26184,8
26185,5
26186,8
26187,4
26188,11
26189,0
26190,11
26191,3
26192,10
26193,11
26194,7
26195,6
26196,4
26197,6
26198,1
26199,1
26200,12
26201,6
26202,11
26203,6
26204,11
26205,13
26206,4
26207,11
26208,1
26209,9
26210,6
26211,12
26212,0
26213,1
26214,11
26215,1
26216,2
26217,6
26218,0
26219,7
26220,8
26221,7
26222,11
26223,2
26224,2
26225,3
26226,6
26227,11
26228,4
26229,8
26230,4
26231,2
26232,11
26233,0
26234,4
26235,2
26236,11
26237,0
26238,10
26239,10
26240,0
26241,2
26242,8
26243,5
26244,2
26245,12
26246,5
26247,11
26248,11
26249,10
26250,6
26251,11
26252,2
26253,2
26254,11
26255,0
26256,10
26257,2
26258,11
26259,12
26260,2
26261,2
26262,10
26263,13
26264,6
26265,11
26266,13
26267,9
26268,11
26269,3
26270,1
26271,13
26272,7
26273,4
26274,7
26275,11
26276,12
26277,4
26278,9
26279,4
26280,11
26281,11
26282,7
26283,2
26284,8
26285,7
26286,4
26287,2
26288,11
26289,9
26290,8
26291,7
26292,10
26293,4
26294,6
26295,10
26296,8
26297,11
26298,12
26299,11
26300,7
26301,6
26302,12
26303,12
26304,1
26305,2
26306,6
26307,7
26308,4
26309,7
26310,11
26311,2
26312,13
26313,0
26314,4
26315,0
26316,9
26317,9
26318,7
26319,10
26320,9
26321,1
26322,7
26323,1
26324,13
26325,1
26326,12
26327,11
26328,10
26329,13
26330,2
26331,10
26332,1
26333,1
26334,9
26335,6
26336,2
26337,1
26338,3
26339,2
26340,10
26341,11
26342,0
26343,0
26344,0
26345,9
26346,11
26347,10
26348,2
26349,12
26350,0
26351,13
26352,3
26353,5
26354,4
26355,6
26356,13
26357,2
26358,3
26359,0
26360,11
26361,2
26362,0
26363,4
26364,9
26365,0
26366,1
26367,12
26368,9
26369,4
26370,2
26371,10
26372,2
26373,0
26374,11
26375,2
26376,2
26377,2
26378,1
26379,11
26380,3
26381,4
26382,10
26383,2
26384,11
26385,4
26386,12
26387,11
26388,1
26389,11
26390,4
26391,2
26392,8
26393,12
26394,7
26395,6
26396,12
26397,3
26398,2
26399,7
26400,9
26401,4
26402,2
26403,2
26404,2
26405,0
26406,3
26407,2
26408,13
26409,3
26410,1
26411,7
26412,6
26413,13
26414,0
26415,11
26416,7
26417,9
26418,6
26419,1
26420,0
26421,13
26422,4
26423,6
26424,1
26425,3
26426,11
26427,6
26428,4
26429,12
26430,12
26431,1
26432,7
26433,11
26434,3
26435,0
26436,13
26437,8
26438,13
26439,8
26440,9
26441,13
26442,2
26443,13
26444,0
26445,6
26446,3
26447,10
26448,8
26449,9
26450,11
26451,1
26452,3
26453,4
26454,8
26455,7
26456,13
26457,1
26458,2
26459,0
26460,12
26461,0
26462,6
26463,2
26464,10
26465,11
26466,1
26467,11
26468,6
26469,11
26470,10
26471,13
26472,7
26473,8
26474,12
26475,13
26476,2
26477,3
26478,6
26479,1
26480,3
26481,0
26482,8
26483,4
26484,4
26485,2
26486,0
26487,4
26488,2
26489,9
26490,2
26491,7
26492,12
26493,10
26494,2
26495,3
26496,2
26497,5
26498,4
26499,0
26500,7
26501,2
26502,12
26503,1
26504,12
26505,2
26506,4
26507,11
26508,2
26509,5
26510,6
26511,10
26512,8
26513,7
26514,13
26515,11
26516,11
26517,6
26518,0
26519,7
26520,0
26521,7
26522,3
26523,10
26524,10
26525,13
26526,7
26527,2
26528,11
26529,1
26530,1
26531,3
26532,2
26533,11
26534,12
26535,11
26536,4
26537,7
26538,4
26539,11
26540,3
26541,2
26542,12
26543,12
26544,11
26545,11
26546,7
26547,0
26548,1
26549,3
26550,1
26551,13
26552,0
26553,4
26554,2
26555,7
26556,0
26557,8
26558,9
26559,0
26560,1
26561,7
26562,5
26563,4
26564,0
26565,8
26566,11
26567,2
26568,2
26569,7
26570,5
26571,3
26572,2
26573,3
26574,11
26575,0
26576,10
26577,6
26578,1
26579,0
26580,8
26581,6
26582,4
26583,10
26584,2
26585,1
26586,1
26587,3
26588,1
26589,3
26590,8
26591,2
26592,2
26593,7
26594,11
26595,0
26596,0
26597,1
26598,7
26599,10
26600,2
26601,2
26602,1
26603,2
26604,7
26605,2
26606,11
26607,8
26608,6
26609,6
26610,13
26611,11
26612,7
26613,1
26614,6
26615,4
26616,4
26617,8
26618,13
26619,2
26620,8
26621,10
26622,6
26623,7
26624,11
26625,0
26626,10
26627,7
26628,1
26629,12
26630,3
26631,8
26632,12
26633,7
26634,9
26635,3
26636,13
26637,2
26638,7
26639,12
26640,3
26641,0
26642,3
26643,10
26644,2
26645,1
26646,0
26647,9
26648,1
26649,4
26650,0
26651,0
26652,10
26653,10
26654,6
26655,11
26656,12
26657,13
26658,3
26659,13
26660,9
26661,8
26662,11
26663,7
26664,6
26665,8
26666,9
26667,4
26668,1
26669,4
26670,9
26671,6
26672,9
26673,7
26674,1
26675,7
26676,11
26677,8
26678,1
26679,11
26680,5
26681,10
26682,7
26683,3
26684,11
26685,0
26686,12
26687,4
26688,10
26689,12
26690,0
26691,11
26692,11
26693,2
26694,1
26695,0
26696,0
26697,12
26698,13
26699,12
26700,1
26701,2
26702,0
26703,0
26704,8
26705,12
26706,0
26707,6
26708,2
26709,2
26710,11
26711,10
26712,1
26713,0
26714,2
26715,4
26716,13
26717,2
26718,8
26719,6
26720,1
26721,2
26722,1
26723,12
26724,12
26725,8
26726,5
26727,9
26728,0
26729,11
26730,0
26731,7
26732,4
26733,11
26734,10
26735,4
26736,2
26737,12
26738,10
26739,3
26740,12
26741,11
26742,11
26743,2
26744,2
26745,2
26746,2
26747,2
26748,0
26749,13
26750,9
26751,11
26752,10
26753,12
26754,1
26755,10
26756,3
26757,3
26758,8
26759,11
26760,9
26761,1
26762,4
26763,2
26764,1
26765,3
26766,11
26767,1
26768,13
26769,8
26770,5
26771,11
26772,12
26773,8
26774,6
26775,0
26776,0
26777,1
26778,8
26779,2
26780,13
26781,6
26782,0
26783,1
26784,8
26785,9
26786,12
26787,2
26788,0
26789,7
26790,8
26791,10
26792,9
26793,12
26794,11
26795,1
26796,2
26797,2
26798,7
26799,4
26800,6
26801,0
26802,1
26803,4
26804,11
26805,8
26806,6
26807,2
26808,8
26809,4
26810,8
26811,2
26812,4
26813,11
26814,8
26815,4
26816,4
26817,2
26818,6
26819,2
26820,7
26821,11
26822,5
26823,7
26824,11
26825,1
26826,4
26827,8
26828,6
26829,11
26830,0
26831,1
26832,0
26833,0
26834,0
26835,1
26836,0
26837,4
26838,0
26839,13
26840,7
26841,7
26842,11
26843,12
26844,8
26845,0
26846,6
26847,1
26848,2
26849,9
26850,4
26851,1
26852,0
26853,7
26854,7
26855,7
26856,1
26857,11
26858,11
26859,11
26860,11
26861,12
26862,0
26863,9
26864,2
26865,2
26866,6
26867,3
26868,12
26869,8
26870,9
26871,11
26872,12
26873,0
26874,4
26875,12
26876,11
26877,2
26878,13
26879,0
26880,10
26881,12
26882,10
26883,6
26884,4
26885,0
26886,11
26887,1
26888,1
26889,9
26890,6
26891,6
26892,0
26893,4
26894,10
26895,6
26896,10
26897,11
26898,0
26899,8
26900,1
26901,0
26902,8
26903,11
26904,3
26905,10
26906,1
26907,13
26908,8
26909,12
26910,1
26911,10
26912,4
26913,10
26914,10
26915,8
26916,12
26917,13
26918,2
26919,11
26920,5
26921,2
26922,8
26923,5
26924,11
26925,1
26926,3
26927,11
26928,3
26929,0
26930,11
26931,12
26932,2
26933,2
26934,1
26935,2
26936,12
26937,12
26938,12
26939,4
26940,1
26941,7
26942,11
26943,13
26944,12
26945,2
26946,13
26947,3
26948,10
26949,1
26950,9
26951,7
26952,0
26953,0
26954,7
26955,7
26956,3
26957,1
26958,12
26959,2
26960,11
26961,6
26962,10
26963,1
26964,1
26965,9
26966,1
26967,9
26968,11
26969,1
26970,0
26971,10
26972,2
26973,3
26974,1
26975,12
26976,6
26977,0
26978,1
26979,0
26980,0
26981,11
26982,6
26983,13
26984,1
26985,7
26986,3
26987,12
26988,6
26989,1
26990,11
26991,8
26992,10
26993,11
26994,6
26995,8
26996,12
26997,10
26998,1
26999,10
27000,7
27001,0
27002,1
27003,11
27004,1
27005,4
27006,0
27007,10
27008,7
27009,11
27010,13
27011,6
27012,2
27013,2
27014,2
27015,2
27016,10
27017,8
27018,9
27019,4
27020,10
27021,4
27022,2
27023,11
27024,2
27025,4
27026,1
27027,10
27028,4
27029,11
27030,12
27031,6
27032,12
27033,2
27034,8
27035,8
27036,9
27037,4
27038,0
27039,8
27040,11
27041,0
27042,9
27043,4
27044,6
27045,8
27046,3
27047,6
27048,11
27049,8
27050,10
27051,3
27052,10
27053,0
27054,10
27055,4
27056,9
27057,2
27058,3
27059,3
27060,11
27061,10
27062,1
27063,4
27064,1
27065,8
27066,2
27067,10
27068,9
27069,11
27070,6
27071,1
27072,8
27073,1
27074,7
27075,4
27076,3
27077,1
27078,2
27079,7
27080,0
27081,3
27082,0
27083,10
27084,2
27085,9
27086,2
27087,8
27088,3
27089,1
27090,9
27091,8
27092,11
27093,2
27094,4
27095,1
27096,8
27097,2
27098,0
27099,2
27100,2
27101,1
27102,7
27103,10
27104,7
27105,4
27106,2
27107,5
27108,8
27109,2
27110,11
27111,0
27112,11
27113,8
27114,9
27115,8
27116,7
27117,2
27118,12
27119,1
27120,7
27121,11
27122,12
27123,4
27124,12
27125,12
27126,2
27127,1
27128,8
27129,13
27130,5
27131,3
27132,12
27133,9
27134,11
27135,10
27136,4
27137,6
27138,2
27139,6
27140,2
27141,1
27142,8
27143,11
27144,1
27145,10
27146,6
27147,3
27148,6
27149,11
27150,8
27151,8
27152,10
27153,9
27154,6
27155,7
27156,2
27157,7
27158,13
27159,2
27160,6
27161,8
27162,11
27163,2
27164,12
27165,8
27166,9
27167,11
27168,1
27169,4
27170,5
27171,13
27172,6
27173,5
27174,6
27175,4
27176,6
27177,12
27178,12
27179,8
27180,0
27181,2
27182,7
27183,0
27184,12
27185,1
27186,9
27187,1
27188,11
27189,13
27190,1
27191,0
27192,12
27193,1
27194,1
27195,9
27196,6
27197,6
27198,11
27199,1
27200,9
27201,9
27202,11
27203,1
27204,0
27205,7
27206,5
27207,1
27208,9
27209,0
27210,0
27211,7
27212,1
27213,11
27214,4
27215,8
27216,13
27217,9
27218,13
27219,12
27220,0
27221,4
27222,4
27223,4
27224,11
27225,2
27226,10
27227,3
27228,0
27229,12
27230,12
27231,9
27232,11
27233,7
27234,8
27235,4
27236,7
27237,1
27238,2
27239,3
27240,6
27241,7
27242,12
27243,4
27244,1
27245,1
27246,12
27247,1
27248,11
27249,0
27250,10
27251,11
27252,0
27253,13
27254,0
27255,4
27256,4
27257,8
27258,6
27259,3
27260,10
27261,2
27262,11
27263,10
27264,8
27265,8
27266,7
27267,8
27268,6
27269,11
27270,7
27271,4
27272,8
27273,13
27274,1
27275,4
27276,9
27277,6
27278,5
27279,7
27280,8
27281,11
27282,11
27283,11
27284,2
27285,11
27286,4
27287,0
27288,2
27289,4
27290,0
27291,11
27292,11
27293,7
27294,1
27295,10
27296,10
27297,5
27298,11
27299,0
27300,10
27301,12
27302,7
27303,1
27304,3
27305,12
27306,8
27307,1
27308,7
27309,12
27310,10
27311,12
27312,10
27313,0
27314,12
27315,12
27316,12
27317,13
27318,10
27319,2
27320,10
27321,1
27322,12
27323,3
27324,13
27325,12
27326,13
27327,2
27328,1
27329,1
27330,6
27331,11
27332,3
27333,6
27334,11
27335,11
27336,4
27337,1
27338,8
27339,7
27340,0
27341,0
27342,5
27343,1
27344,8
27345,10
27346,2
27347,6
27348,12
27349,1
27350,10
27351,10
27352,6
27353,1
27354,7
27355,6
27356,0
27357,0
27358,12
27359,5
27360,2
27361,0
27362,10
27363,12
27364,4
27365,6
27366,8
27367,7
27368,0
27369,0
27370,6
27371,4
27372,0
27373,8
27374,0
27375,11
27376,2
27377,12
27378,0
27379,3
27380,10
27381,2
27382,2
27383,11
27384,7
27385,0
27386,11
27387,8
27388,4
27389,6
27390,2
27391,11
27392,13
27393,11
27394,2
27395,2
27396,10
27397,4
27398,11
27399,2
27400,8
27401,0
27402,3
27403,11
27404,10
27405,10
27406,7
27407,0
27408,8
27409,4
27410,3
27411,0
27412,6
27413,10
27414,3
27415,13
27416,10
27417,2
27418,2
27419,13
27420,10
27421,8
27422,0
27423,10
27424,8
27425,7
27426,12
27427,0
27428,12
27429,12
27430,8
27431,11
27432,2
27433,13
27434,1
27435,7
27436,12
27437,8
27438,2
27439,5
27440,9
27441,8
27442,0
27443,2
27444,2
27445,0
27446,6
27447,0
27448,7
27449,7
27450,12
27451,2
27452,3
27453,6
27454,7
27455,3
27456,2
27457,2
27458,11
27459,2
27460,7
27461,5
27462,3
27463,12
27464,4
27465,8
27466,8
27467,0
27468,11
27469,1
27470,1
27471,10
27472,6
27473,0
27474,1
27475,1
27476,0
27477,12
27478,2
27479,11
27480,1
27481,3
27482,10
27483,1
27484,1
27485,2
27486,8
27487,1
27488,0
27489,3
27490,1
27491,10
27492,1
27493,8
27494,7
27495,4
27496,3
27497,9
27498,0
27499,9
27500,2
27501,7
27502,9
27503,7
27504,6
27505,6
27506,11
27507,0
27508,8
27509,12
27510,2
27511,2
27512,12
27513,6
27514,5
27515,10
27516,3
27517,12
27518,6
27519,12
27520,8
27521,3
27522,12
27523,7
27524,11
27525,1
27526,4
27527,2
27528,2
27529,8
27530,1
27531,10
27532,1
27533,9
27534,0
27535,2
27536,9
27537,11
27538,6
27539,0
27540,8
27541,3
27542,4
27543,1
27544,11
27545,1
27546,12
27547,0
27548,3
27549,11
27550,3
27551,11
27552,0
27553,11
27554,0
27555,11
27556,8
27557,10
27558,1
27559,8
27560,3
27561,8
27562,1
27563,2
27564,1
27565,11
27566,2
27567,3
27568,9
27569,3
27570,13
27571,13
27572,6
27573,7
27574,12
27575,11
27576,1
27577,7
27578,7
27579,1
27580,1
27581,10
27582,2
27583,0
27584,1
27585,6
27586,3
27587,6
27588,4
27589,5
27590,10
27591,8
27592,6
27593,1
27594,11
27595,7
27596,4
27597,1
27598,2
27599,6
27600,5
27601,2
27602,8
27603,6
27604,10
27605,4
27606,11
27607,6
27608,1
27609,9
27610,0
27611,4
27612,10
27613,1
27614,2
27615,2
27616,8
27617,9
27618,2
27619,6
27620,11
27621,2
27622,8
27623,7
27624,11
27625,0
27626,1
27627,12
27628,4
27629,12
27630,3
27631,6
27632,7
27633,10
27634,0
27635,11
27636,0
27637,11
27638,4
27639,1
27640,7
27641,1
27642,6
27643,9
27644,12
27645,10
27646,0
27647,0
27648,11
27649,0
27650,1
27651,7
27652,12
27653,2
27654,6
27655,2
27656,7
27657,11
27658,12
27659,3
27660,12
27661,1
27662,2
27663,2
27664,13
27665,2
27666,5
27667,1
27668,7
27669,2
27670,0
27671,2
27672,1
27673,4
27674,0
27675,13
27676,11
27677,4
27678,13
27679,2
27680,0
27681,4
27682,3
27683,7
27684,4
27685,0
27686,6
27687,11
27688,1
27689,8
27690,1
27691,2
27692,6
27693,12
27694,8
27695,6
27696,7
27697,7
27698,13
27699,8
27700,12
27701,7
27702,4
27703,12
27704,3
27705,4
27706,9
27707,2
27708,0
27709,11
27710,1
27711,1
27712,6
27713,9
27714,4
27715,3
27716,11
27717,3
27718,7
27719,1
27720,4
27721,1
27722,11
27723,1
27724,7
27725,7
27726,9
27727,4
27728,5
27729,8
27730,6
27731,2
27732,8
27733,0
27734,5
27735,2
27736,4
27737,1
27738,6
27739,11
27740,4
27741,1
27742,1
27743,6
27744,8
27745,2
27746,11
27747,10
27748,5
27749,2
27750,12
27751,11
27752,2
27753,12
27754,11
27755,8
27756,4
27757,13
27758,10
27759,7
27760,2
27761,3
27762,1
27763,3
27764,0
27765,13
27766,12
27767,2
27768,3
27769,11
27770,13
27771,2
27772,12
27773,6
27774,10
27775,10
27776,3
27777,8
27778,12
27779,2
27780,3
27781,6
27782,0
27783,3
27784,12
27785,2
27786,1
27787,0
27788,9
27789,6
27790,2
27791,0
27792,11
27793,11
27794,13
27795,0
27796,7
27797,0
27798,11
27799,7
27800,1
27801,4
27802,8
27803,13
27804,11
27805,0
27806,12
27807,0
27808,11
27809,2
27810,11
27811,6
27812,11
27813,0
27814,1
27815,1
27816,7
27817,4
27818,8
27819,9
27820,3
27821,6
27822,7
27823,10
27824,11
27825,1
27826,0
27827,0
27828,8
27829,11
27830,1
27831,10
27832,12
27833,1
27834,9
27835,11
27836,12
27837,9
27838,6
27839,12
27840,4
27841,7
27842,0
27843,12
27844,12
27845,4
27846,7
27847,12
27848,8
27849,10
27850,8
27851,4
27852,13
27853,12
27854,4
27855,10
27856,9
27857,11
27858,8
27859,0
27860,2
27861,4
27862,2
27863,9
27864,2
27865,2
27866,2
27867,4
27868,8
27869,10
27870,11
27871,12
27872,8
27873,1
27874,2
27875,0
27876,0
27877,1
27878,0
27879,12
27880,7
27881,4
27882,6
27883,9
27884,12
27885,7
27886,6
27887,6
27888,0
27889,1
27890,8
27891,7
27892,7
27893,12
27894,0
27895,6
27896,12
27897,0
27898,4
27899,3
27900,1
27901,2
27902,8
27903,13
27904,6
27905,10
27906,10
27907,6
27908,2
27909,11
27910,4
27911,1
27912,9
27913,3
27914,13
27915,13
27916,3
27917,11
27918,11
27919,2
27920,9
27921,11
27922,13
27923,9
27924,3
27925,8
27926,6
27927,7
27928,12
27929,3
27930,8
27931,7
27932,7
27933,11
27934,12
27935,8
27936,9
27937,2
27938,6
27939,8
27940,11
27941,6
27942,2
27943,0
27944,2
27945,1
27946,10
27947,4
27948,1
27949,11
27950,0
27951,2
27952,11
27953,12
27954,4
27955,0
27956,13
27957,10
27958,4
27959,10
27960,1
27961,2
27962,1
27963,7
27964,12
27965,10
27966,11
27967,12
27968,10
27969,11
27970,1
27971,11
27972,1
27973,9
27974,6
27975,8
27976,7
27977,7
27978,7
27979,7
27980,13
27981,6
27982,10
27983,10
27984,11
27985,4
27986,0
27987,1
27988,10
27989,1
27990,12
27991,8
27992,0
27993,3
27994,12
27995,11
27996,5
27997,7
27998,1
27999,12
28000,2
28001,10
28002,4
28003,1
28004,8
28005,1
28006,11
28007,12
28008,8
28009,2
28010,7
28011,2
28012,11
28013,0
28014,11
28015,5
28016,0
28017,4
28018,2
28019,3
28020,12
28021,11
28022,0
28023,8
28024,3
28025,11
28026,13
28027,3
28028,9
28029,3
28030,4
28031,3
28032,11
28033,7
28034,1
28035,3
28036,8
28037,2
28038,7
28039,1
28040,3
28041,10
28042,0
28043,11
28044,9
28045,1
28046,2
28047,7
28048,2
28049,12
28050,13
28051,4
28052,12
28053,1
28054,7
28055,6
28056,7
28057,9
28058,8
28059,2
28060,11
28061,6
28062,1
28063,12
28064,12
28065,11
28066,8
28067,7
28068,7
28069,2
28070,1
28071,0
28072,0
28073,2
28074,0
28075,12
28076,7
28077,4
28078,0
28079,7
28080,1
28081,2
28082,4
28083,12
28084,8
28085,11
28086,12
28087,1
28088,8
28089,3
28090,9
28091,11
28092,0
28093,12
28094,10
28095,2
28096,0
28097,7
28098,4
28099,7
28100,12
28101,12
28102,12
28103,3
28104,8
28105,2
28106,6
28107,2
28108,12
28109,8
28110,4
28111,9
28112,12
28113,10
28114,13
28115,3
28116,9
28117,6
28118,1
28119,4
28120,0
28121,0
28122,0
28123,3
28124,7
28125,1
28126,10
28127,1
28128,4
28129,11
28130,10
28131,7
28132,4
28133,7
28134,2
28135,6
28136,0
28137,7
28138,1
28139,6
28140,1
28141,7
28142,13
28143,1
28144,0
28145,8
28146,10
28147,8
28148,11
28149,0
28150,4
28151,12
28152,11
28153,12
28154,9
28155,4
28156,2
28157,11
28158,0
28159,0
28160,0
28161,2
28162,6
28163,1
28164,8
28165,13
28166,2
28167,11
28168,1
28169,9
28170,11
28171,1
28172,7
28173,2
28174,11
28175,3
28176,0
28177,13
28178,7
28179,2
28180,11
28181,2
28182,1
28183,3
28184,7
28185,0
28186,2
28187,2
28188,12
28189,1
28190,6
28191,6
28192,4
28193,12
28194,0
28195,8
28196,9
28197,1
28198,1
28199,0
28200,3
28201,8
28202,11
28203,0
28204,4
28205,6
28206,0
28207,10
28208,3
28209,6
28210,10
28211,8
28212,9
28213,4
28214,4
28215,9
28216,6
28217,2
28218,10
28219,4
28220,11
28221,7
28222,0
28223,6
28224,10
28225,6
28226,1
28227,7
28228,9
28229,11
28230,7
28231,6
28232,1
28233,3
28234,2
28235,4
28236,5
28237,13
28238,0
28239,8
28240,12
28241,6
28242,3
28243,10
28244,2
28245,0
28246,6
28247,4
28248,4
28249,7
28250,1
28251,10
28252,6
28253,6
28254,7
28255,5
28256,2
28257,12
28258,2
28259,6
28260,1
28261,10
28262,12
28263,3
28264,11
28265,9
28266,6
28267,13
28268,2
28269,1
28270,4
28271,0
28272,11
28273,1
28274,3
28275,6
28276,3
28277,6
28278,11
28279,9
28280,2
28281,11
28282,3
28283,1
28284,11
28285,9
28286,1
28287,1
28288,7
28289,8
28290,1
28291,10
28292,2
28293,7
28294,2
28295,11
28296,0
28297,13
28298,6
28299,12
28300,2
28301,0
28302,4
28303,1
28304,4
28305,5
28306,3
28307,8
28308,13
28309,5
28310,9
28311,5
28312,11
28313,11
28314,13
28315,1
28316,6
28317,0
28318,13
28319,10
28320,8
28321,7
28322,11
28323,2
28324,7
28325,3
28326,8
28327,2
28328,11
28329,2
28330,5
28331,0
28332,3
28333,6
28334,6
28335,9
28336,0
28337,9
28338,2
28339,12
28340,6
28341,4
28342,0
28343,4
28344,10
28345,6
28346,0
28347,2
28348,1
28349,4
28350,11
28351,3
28352,11
28353,3
28354,1
28355,5
28356,2
28357,12
28358,2
28359,1
28360,10
28361,2
28362,0
28363,1
28364,12
28365,6
28366,13
28367,10
28368,2
28369,1
28370,4
28371,0
28372,7
28373,1
28374,0
28375,3
28376,11
28377,4
28378,2
28379,7
28380,0
28381,12
28382,9
28383,10
28384,12
28385,9
28386,11
28387,13
28388,0
28389,13
28390,3
28391,2
28392,2
28393,10
28394,1
28395,12
28396,9
28397,1
28398,11
28399,11
28400,10
28401,11
28402,6
28403,4
28404,1
28405,8
28406,12
28407,13
28408,4
28409,11
28410,2
28411,6
28412,0
28413,2
28414,2
28415,7
28416,2
28417,8
28418,1
28419,1
28420,2
28421,4
28422,8
28423,12
28424,11
28425,4
28426,13
28427,6
28428,13
28429,12
28430,10
28431,1
28432,6
28433,2
28434,6
28435,10
28436,2
28437,1
28438,1
28439,12
28440,12
28441,1
28442,0
28443,7
28444,7
28445,13
28446,6
28447,2
28448,10
28449,10
28450,1
28451,6
28452,4
28453,7
28454,12
28455,8
28456,3
28457,10
28458,8
28459,8
28460,4
28461,11
28462,7
28463,12
28464,10
28465,4
28466,7
28467,2
28468,6
28469,0
28470,9
28471,8
28472,6
28473,2
28474,2
28475,4
28476,11
28477,6
28478,1
28479,5
28480,3
28481,2
28482,10
28483,6
28484,2
28485,2
28486,11
28487,1
28488,12
28489,10
28490,3
28491,13
28492,0
28493,2
28494,8
28495,8
28496,12
28497,1
28498,4
28499,2
28500,8
28501,1
28502,8
28503,2
28504,11
28505,6
28506,9
28507,2
28508,1
28509,6
28510,7
28511,2
28512,2
28513,12
28514,10
28515,10
28516,2
28517,7
28518,7
28519,7
28520,1
28521,5
28522,2
28523,10
28524,11
28525,9
28526,1
28527,0
28528,7
28529,6
28530,0
28531,9
28532,3
28533,11
28534,7
28535,7
28536,7
28537,0
28538,4
28539,6
28540,13
28541,13
28542,13
28543,9
28544,1
28545,2
28546,11
28547,4
28548,0
28549,13
28550,12
28551,13
28552,11
28553,9
28554,5
28555,0
28556,1
28557,7
28558,13
28559,1
28560,2
28561,6
28562,3
28563,13
28564,0
28565,11
28566,6
28567,1
28568,7
28569,2
28570,3
28571,1
28572,7
28573,3
28574,1
28575,0
28576,6
28577,0
28578,11
28579,2
28580,8
28581,8
28582,0
28583,0
28584,13
28585,10
28586,1
28587,0
28588,11
28589,2
28590,2
28591,0
28592,12
28593,2
28594,9
28595,7
28596,11
28597,13
28598,11
28599,1
28600,11
28601,10
28602,9
28603,7
28604,1
28605,10
28606,11
28607,13
28608,9
28609,6
28610,0
28611,0
28612,3
28613,4
28614,12
28615,9
28616,13
28617,0
28618,6
28619,4
28620,6
28621,6
28622,0
28623,0
28624,9
28625,4
28626,6
28627,6
28628,1
28629,0
28630,2
28631,9
28632,1
28633,1
28634,13
28635,1
28636,7
28637,7
28638,11
28639,11
28640,13
28641,3
28642,13
28643,2
28644,8
28645,10
28646,2
28647,11
28648,0
28649,3
28650,3
28651,5
28652,11
28653,2
28654,0
28655,5
28656,2
28657,8
28658,11
28659,11
28660,12
28661,4
28662,2
28663,12
28664,11
28665,13
28666,4
28667,8
28668,3
28669,1
28670,12
28671,4
28672,6
28673,2
28674,2
28675,12
28676,7
28677,2
28678,7
28679,0
28680,9
28681,10
28682,1
28683,2
28684,11
28685,12
28686,5
28687,7
28688,7
28689,12
28690,0
28691,6
28692,12
28693,9
28694,11
28695,11
28696,5
28697,2
28698,0
28699,1
28700,11
28701,7
28702,0
28703,2
28704,8
28705,11
28706,3
28707,13
28708,12
28709,8
28710,4
28711,0
28712,12
28713,10
28714,7
28715,1
28716,4
28717,0
28718,0
28719,7
28720,13
28721,1
28722,2
28723,5
28724,4
28725,1
28726,1
28727,7
28728,9
28729,11
28730,12
28731,4
28732,13
28733,0
28734,2
28735,6
28736,6
28737,11
28738,2
28739,4
28740,0
28741,4
28742,7
28743,3
28744,9
28745,10
28746,4
28747,12
28748,1
28749,6
28750,0
28751,9
28752,11
28753,3
28754,4
28755,8
28756,0
28757,11
28758,10
28759,8
28760,0
28761,2
28762,10
28763,0
28764,2
28765,10
28766,2
28767,8
28768,6
28769,3
28770,11
28771,4
28772,8
28773,11
28774,13
28775,9
28776,11
28777,1
28778,8
28779,12
28780,10
28781,6
28782,8
28783,1
28784,10
28785,11
28786,2
28787,11
28788,11
28789,7
28790,2
28791,3
28792,2
28793,1
28794,3
28795,10
28796,11
28797,9
28798,9
28799,0
28800,4
28801,11
28802,0
28803,1
28804,2
28805,6
28806,11
28807,12
28808,9
28809,9
28810,2
28811,6
28812,12
28813,0
28814,9
28815,7
28816,12
28817,8
28818,2
28819,7
28820,2
28821,7
28822,1
28823,6
28824,8
28825,10
28826,10
28827,0
28828,9
28829,2
28830,2
28831,6
28832,0
28833,9
28834,11
28835,13
28836,2
28837,9
28838,2
28839,0
28840,0
28841,2
28842,12
28843,11
28844,12
28845,0
28846,9
28847,4
28848,12
28849,2
28850,11
28851,4
28852,11
28853,11
28854,4
28855,10
28856,10
28857,4
28858,3
28859,11
28860,13
28861,13
28862,7
28863,2
28864,10
28865,2
28866,7
28867,0
28868,12
28869,1
28870,2
28871,8
28872,6
28873,0
28874,13
28875,2
28876,8
28877,11
28878,10
28879,0
28880,12
28881,6
28882,12
28883,8
28884,8
28885,7
28886,10
28887,4
28888,11
28889,8
28890,2
28891,12
28892,10
28893,6
28894,7
28895,8
28896,9
28897,11
28898,11
28899,1
28900,0
28901,7
28902,1
28903,0
28904,0
28905,2
28906,4
28907,4
28908,1
28909,6
28910,3
28911,2
28912,0
28913,3
28914,1
28915,8
28916,7
28917,2
28918,13
28919,4
28920,1
28921,10
28922,11
28923,3
28924,11
28925,8
28926,9
28927,0
28928,2
28929,12
28930,10
28931,13
28932,7
28933,6
28934,2
28935,0
28936,1
28937,8
28938,8
28939,1
28940,2
28941,4
28942,4
28943,0
28944,1
28945,6
28946,6
28947,0
28948,1
28949,10
28950,4
28951,6
28952,9
28953,2
28954,0
28955,2
28956,8
28957,2
28958,9
28959,11
28960,1
28961,0
28962,9
28963,0
28964,8
28965,7
28966,13
28967,7
28968,2
28969,11
28970,8
28971,6
28972,2
28973,11
28974,4
28975,1
28976,2
28977,4
28978,9
28979,0
28980,13
28981,13
28982,0
28983,13
28984,11
28985,11
28986,1
28987,7
28988,7
28989,1
28990,2
28991,7
28992,13
28993,2
28994,1
28995,12
28996,4
28997,13
28998,8
28999,1
29000,6
29001,4
29002,9
29003,11
29004,6
29005,5
29006,6
29007,9
29008,6
29009,11
29010,8
29011,7
29012,4
29013,7
29014,7
29015,9
29016,12
29017,4
29018,4
29019,9
29020,11
29021,10
29022,9
29023,9
29024,9
29025,9
29026,7
29027,7
29028,0
29029,3
29030,6
29031,9
29032,2
29033,0
29034,12
29035,4
29036,11
29037,2
29038,10
29039,4
29040,8
29041,13
29042,2
29043,0
29044,10
29045,11
29046,13
29047,1
29048,8
29049,13
29050,3
29051,0
29052,10
29053,10
29054,6
29055,0
29056,1
29057,13
29058,1
29059,13
29060,7
29061,1
29062,10
29063,3
29064,10
29065,1
29066,0
29067,6
29068,2
29069,8
29070,12
29071,8
29072,2
29073,4
29074,12
29075,4
29076,2
29077,11
29078,11
29079,11
29080,11
29081,9
29082,2
29083,12
29084,4
29085,7
29086,1
29087,2
29088,10
29089,11
29090,2
29091,2
29092,6
29093,13
29094,8
29095,11
29096,13
29097,5
29098,11
29099,2
29100,1
29101,11
29102,13
29103,10
29104,9
29105,8
29106,6
29107,2
29108,1
29109,4
29110,3
29111,11
29112,11
29113,12
29114,11
29115,4
29116,6
29117,6
29118,6
29119,1
29120,0
29121,11
29122,8
29123,1
29124,0
29125,7
29126,6
29127,4
29128,2
29129,7
29130,0
29131,0
29132,5
29133,7
29134,7
29135,13
29136,1
29137,4
29138,11
29139,12
29140,10
29141,11
29142,1
29143,13
29144,7
29145,1
29146,11
29147,12
29148,8
29149,6
29150,6
29151,11
29152,11
29153,1
29154,2
29155,3
29156,2
29157,8
29158,2
29159,11
29160,1
29161,6
29162,11
29163,12
29164,2
29165,2
29166,11
29167,6
29168,2
29169,11
29170,4
29171,11
29172,11
29173,2
29174,2
29175,4
29176,1
29177,12
29178,12
29179,1
29180,7
29181,10
29182,8
29183,3
29184,1
29185,0
29186,13
29187,7
29188,4
29189,0
29190,2
29191,1
29192,1
29193,6
29194,4
29195,6
29196,11
29197,8
29198,4
29199,7
29200,11
29201,8
29202,3
29203,6
29204,0
29205,0
29206,0
29207,2
29208,7
29209,10
29210,12
29211,1
29212,1
29213,1
29214,12
29215,4
29216,11
29217,6
29218,10
29219,13
29220,8
29221,2
29222,5
29223,2
29224,8
29225,7
29226,10
29227,2
29228,4
29229,3
29230,3
29231,2
29232,2
29233,2
29234,2
29235,4
29236,11
29237,0
29238,8
29239,12
29240,3
29241,12
29242,0
29243,12
29244,5
29245,1
29246,9
29247,8
29248,1
29249,4
29250,3
29251,2
29252,7
29253,10
29254,12
29255,0
29256,3
29257,10
29258,7
29259,11
29260,12
29261,9
29262,8
29263,11
29264,1
29265,9
29266,2
29267,13
29268,3
29269,13
29270,3
29271,9
29272,9
29273,12
29274,12
29275,8
29276,11
29277,5
29278,8
29279,7
29280,10
29281,8
29282,11
29283,0
29284,0
29285,2
29286,2
29287,11
29288,11
29289,0
29290,1
29291,3
29292,4
29293,6
29294,11
29295,7
29296,4
29297,1
29298,5
29299,0
29300,1
29301,8
29302,6
29303,1
29304,0
29305,11
29306,13
29307,10
29308,4
29309,3
29310,2
29311,1
29312,4
29313,7
29314,5
29315,3
29316,9
29317,11
29318,12
29319,2
29320,1
29321,0
29322,13
29323,13
29324,10
29325,12
29326,0
29327,2
29328,4
29329,7
29330,12
29331,6
29332,12
29333,6
29334,1
29335,4
29336,11
29337,7
29338,8
29339,1
29340,13
29341,0
29342,2
29343,9
29344,12
29345,7
29346,1
29347,7
29348,1
29349,10
29350,12
29351,6
29352,7
29353,2
29354,4
29355,5
29356,0
29357,9
29358,4
29359,1
29360,6
29361,2
29362,9
29363,2
29364,3
29365,7
29366,11
29367,9
29368,0
29369,8
29370,10
29371,0
29372,4
29373,12
29374,9
29375,12
29376,7
29377,3
29378,10
29379,10
29380,4
29381,7
29382,11
29383,7
29384,2
29385,6
29386,2
29387,13
29388,2
29389,1
29390,0
29391,2
29392,9
29393,11
29394,6
29395,10
29396,1
29397,1
29398,6
29399,0
29400,0
29401,3
29402,13
29403,12
29404,2
29405,12
29406,8
29407,8
29408,8
29409,8
29410,12
29411,2
29412,12
29413,0
29414,8
29415,12
29416,11
29417,4
29418,6
29419,11
29420,12
29421,9
29422,2
29423,11
29424,0
29425,6
29426,4
29427,0
29428,12
29429,12
29430,5
29431,2
29432,0
29433,13
29434,3
29435,1
29436,10
29437,10
29438,1
29439,8
29440,0
29441,11
29442,7
29443,12
29444,8
29445,0
29446,12
29447,7
29448,4
29449,4
29450,11
29451,7
29452,11
29453,7
29454,2
29455,8
29456,1
29457,1
29458,2
29459,12
29460,11
29461,6
29462,10
29463,13
29464,5
29465,8
29466,11
29467,8
29468,6
29469,7
29470,13
29471,4
29472,2
29473,6
29474,3
29475,4
29476,2
29477,10
29478,11
29479,10
29480,11
29481,2
29482,13
29483,6
29484,6
29485,7
29486,2
29487,8
29488,2
29489,11
29490,10
29491,10
29492,6
29493,12
29494,8
29495,4
29496,4
29497,0
29498,9
29499,10
29500,13
29501,13
29502,11
29503,1
29504,11
29505,0
29506,8
29507,12
29508,12
29509,3
29510,10
29511,1
29512,8
29513,9
29514,2
29515,10
29516,11
29517,12
29518,9
29519,10
29520,3
29521,6
29522,3
29523,8
29524,0
29525,9
29526,2
29527,0
29528,11
29529,11
29530,0
29531,11
29532,2
29533,6
29534,1
29535,2
29536,1
29537,11
29538,13
29539,13
29540,11
29541,11
29542,8
29543,4
29544,8
29545,8
29546,4
29547,3
29548,11
29549,11
29550,4
29551,0
29552,4
29553,4
29554,13
29555,4
29556,0
29557,1
29558,3
29559,11
29560,13
29561,12
29562,11
29563,0
29564,10
29565,2
29566,9
29567,2
29568,0
29569,13
29570,9
29571,2
29572,7
29573,0
29574,11
29575,1
29576,13
29577,12
29578,2
29579,8
29580,2
29581,2
29582,8
29583,8
29584,10
29585,9
29586,7
29587,4
29588,4
29589,0
29590,5
29591,8
29592,12
29593,12
29594,6
29595,7
29596,11
29597,0
29598,7
29599,2
29600,11
29601,9
29602,13
29603,11
29604,1
29605,4
29606,8
29607,10
29608,11
29609,10
29610,2
29611,2
29612,4
29613,8
29614,11
29615,12
29616,12
29617,0
29618,0
29619,10
29620,7
29621,7
29622,10
29623,2
29624,12
29625,11
29626,1
29627,7
29628,2
29629,3
29630,2
29631,10
29632,2
29633,11
29634,3
29635,8
29636,0
29637,1
29638,6
29639,7
29640,6
29641,11
29642,2
29643,9
29644,6
29645,8
29646,11
29647,3
29648,0
29649,11
29650,4
29651,1
29652,12
29653,1
29654,0
29655,7
29656,10
29657,8
29658,2
29659,10
29660,10
29661,12
29662,7
29663,3
29664,6
29665,1
29666,10
29667,9
29668,8
29669,7
29670,10
29671,12
29672,3
29673,3
29674,7
29675,3
29676,4
29677,4
29678,2
29679,13
29680,6
29681,3
29682,3
29683,13
29684,11
29685,11
29686,10
29687,2
29688,1
29689,0
29690,11
29691,11
29692,9
29693,10
29694,9
29695,2
29696,2
29697,11
29698,6
29699,6
29700,8
29701,11
29702,6
29703,3
29704,8
29705,3
29706,4
29707,10
29708,10
29709,12
29710,1
29711,11
29712,3
29713,6
29714,6
29715,0
29716,1
29717,7
29718,3
29719,8
29720,2
29721,7
29722,5
29723,9
29724,1
29725,12
29726,11
29727,8
29728,4
29729,6
29730,1
29731,1
29732,7
29733,1
29734,0
29735,12
29736,13
29737,0
29738,2
29739,8
29740,6
29741,8
29742,12
29743,5
29744,10
29745,11
29746,7
29747,13
29748,8
29749,0
29750,5
29751,1
29752,4
29753,3
29754,7
29755,0
29756,7
29757,7
29758,2
29759,6
29760,1
29761,10
29762,4
29763,1
29764,13
29765,11
29766,4
29767,3
29768,0
29769,6
29770,8
29771,12
29772,1
29773,0
29774,1
29775,1
29776,2
29777,6
29778,5
29779,3
29780,7
29781,11
29782,11
29783,7
29784,10
29785,0
29786,1
29787,10
29788,5
29789,12
29790,0
29791,12
29792,6
29793,12
29794,7
29795,7
29796,1
29797,8
29798,4
29799,2
29800,0
29801,2
29802,7
29803,11
29804,2
29805,0
29806,7
29807,3
29808,2
29809,1
29810,1
29811,1
29812,6
29813,4
29814,1
29815,8
29816,12
29817,6
29818,8
29819,1
29820,12
29821,0
29822,11
29823,11
29824,4
29825,2
29826,9
29827,0
29828,7
29829,2
29830,1
29831,13
29832,9
29833,2
29834,8
29835,4
29836,13
29837,6
29838,11
29839,1
29840,8
29841,2
29842,0
29843,13
29844,12
29845,7
29846,7
29847,2
29848,10
29849,0
29850,7
29851,3
29852,0
29853,4
29854,1
29855,1
29856,0
29857,3
29858,6
29859,3
29860,9
29861,11
29862,6
29863,12
29864,11
29865,4
29866,0
29867,6
29868,13
29869,7
29870,2
29871,13
29872,2
29873,0
29874,9
29875,8
29876,8
29877,4
29878,7
29879,9
29880,9
29881,7
29882,0
29883,11
29884,7
29885,12
29886,8
29887,4
29888,10
29889,7
29890,13
29891,10
29892,0
29893,10
29894,12
29895,1
29896,12
29897,9
29898,9
29899,10
29900,11
29901,6
29902,3
29903,11
29904,4
29905,2
29906,12
29907,3
29908,8
29909,11
29910,0
29911,10
29912,1
29913,13
29914,6
29915,6
29916,2
29917,12
29918,12
29919,0
29920,3
29921,5
29922,4
29923,0
29924,12
29925,6
29926,11
29927,8
29928,9
29929,13
29930,7
29931,1
29932,13
29933,11
29934,9
29935,2
29936,8
29937,11
29938,12
29939,12
29940,3
29941,3
29942,9
29943,0
29944,8
29945,1
29946,7
29947,0
29948,1
29949,7
29950,12
29951,4
29952,1
29953,3
29954,0
29955,9
29956,1
29957,1
29958,1
29959,8
29960,7
29961,7
29962,6
29963,11
29964,6
29965,10
29966,11
29967,7
29968,8
29969,0
29970,12
29971,6
29972,1
29973,7
29974,11
29975,13
29976,0
29977,12
29978,3
29979,2
29980,9
29981,10
29982,12
29983,13
29984,9
29985,0
29986,10
29987,2
29988,2
29989,2
29990,2
29991,8
29992,11
29993,12
29994,7
29995,11
29996,0
29997,4
29998,10
29999,6
30000,11
30001,11
30002,3
30003,7
30004,1
30005,8
30006,8
30007,0
30008,12
30009,0
30010,3
30011,1
30012,7
30013,2
30014,13
30015,12
30016,1
30017,8
30018,11
30019,7
30020,8
30021,12
30022,1
30023,2
30024,2
30025,4
30026,12
30027,3
30028,11
30029,8
30030,11
30031,2
30032,11
30033,13
30034,0
30035,12
30036,2
30037,0
30038,2
30039,10
30040,9
30041,11
30042,10
30043,8
30044,13
30045,2
30046,11
30047,6
30048,10
30049,10
30050,13
30051,6
30052,5
30053,1
30054,11
30055,10
30056,11
30057,6
30058,2
30059,1
30060,1
30061,1
30062,12
30063,2
30064,11
30065,1
30066,2
30067,13
30068,8
30069,3
30070,11
30071,1
30072,11
30073,3
30074,8
30075,1
30076,9
30077,13
30078,2
30079,7
30080,8
30081,3
30082,9
30083,0
30084,0
30085,2
30086,6
30087,9
30088,0
30089,8
30090,9
30091,1
30092,11
30093,10
30094,0
30095,0
30096,4
30097,12
30098,7
30099,1
30100,9
30101,11
30102,1
30103,11
30104,0
30105,1
30106,2
30107,6
30108,10
30109,2
30110,1
30111,11
30112,12
30113,6
30114,7
30115,10
30116,13
30117,2
30118,13
30119,11
30120,4
30121,7
30122,3
30123,11
30124,13
30125,10
30126,11
30127,0
30128,7
30129,3
30130,10
30131,0
30132,9
30133,12
30134,1
30135,6
30136,3
30137,11
30138,10
30139,0
30140,2
30141,11
30142,10
30143,10
30144,3
30145,7
30146,9
30147,10
30148,6
30149,7
30150,2
30151,6
30152,13
30153,11
30154,12
30155,0
30156,9
30157,1
30158,6
30159,0
30160,1
30161,10
30162,8
30163,11
30164,6
30165,8
30166,1
30167,11
30168,8
30169,7
30170,3
30171,6
30172,9
30173,11
30174,0
30175,1
30176,11
30177,6
30178,2
30179,11
30180,12
30181,7
30182,7
30183,7
30184,12
30185,9
30186,2
30187,6
30188,4
30189,0
30190,13
30191,1
30192,13
30193,11
30194,4
30195,4
30196,10
30197,10
30198,13
30199,8
30200,1
30201,6
30202,6
30203,4
30204,0
30205,4
30206,9
30207,8
30208,2
30209,2
30210,11
30211,2
30212,5
30213,13
30214,0
30215,8
30216,7
30217,3
30218,10
30219,4
30220,4
30221,12
30222,4
30223,0
30224,12
30225,11
30226,2
30227,5
30228,3
30229,3
30230,13
30231,2
30232,12
30233,11
30234,12
30235,11
30236,1
30237,0
30238,4
30239,5
30240,9
30241,13
30242,11
30243,13
30244,7
30245,12
30246,6
30247,2
30248,11
30249,13
30250,8
30251,10
30252,7
30253,11
30254,4
30255,0
30256,10
30257,1
30258,2
30259,1
30260,2
30261,6
30262,9
30263,8
30264,7
30265,1
30266,6
30267,4
30268,12
30269,9
30270,7
30271,7
30272,9
30273,4
30274,3
30275,11
30276,9
30277,7
30278,11
30279,7
30280,13
30281,0
30282,9
30283,7
30284,11
30285,12
30286,12
30287,9
30288,11
30289,4
30290,13
30291,4
30292,1
30293,0
30294,4
30295,7
30296,12
30297,2
30298,1
30299,13
30300,12
30301,8
30302,8
30303,8
30304,0
30305,4
30306,1
30307,2
30308,1
30309,0
30310,2
30311,4
30312,11
30313,7
30314,9
30315,8
30316,0
30317,0
30318,8
30319,4
30320,11
30321,1
30322,12
30323,3
30324,0
30325,6
30326,2
30327,8
30328,1
30329,6
30330,11
30331,9
30332,10
30333,12
30334,11
30335,4
30336,12
30337,13
30338,2
30339,7
30340,12
30341,0
30342,12
30343,1
30344,12
30345,6
30346,7
30347,2
30348,6
30349,13
30350,11
30351,11
30352,2
30353,7
30354,12
30355,12
30356,3
30357,2
30358,4
30359,12
30360,11
30361,11
30362,7
30363,3
30364,6
30365,2
30366,3
30367,12
30368,1
30369,2
30370,12
30371,7
30372,1
30373,3
30374,8
30375,4
30376,11
30377,13
30378,12
30379,11
30380,11
30381,12
30382,6
30383,0
30384,3
30385,1
30386,13
30387,2
30388,2
30389,12
30390,12
30391,4
30392,7
30393,11
30394,7
30395,10
30396,11
30397,1
30398,6
30399,5
30400,11
30401,9
30402,4
30403,2
30404,2
30405,11
30406,13
30407,0
30408,1
30409,11
30410,10
30411,2
30412,12
30413,2
30414,0
30415,8
30416,11
30417,9
30418,10
30419,8
30420,6
30421,1
30422,7
30423,4
30424,7
30425,13
30426,11
30427,4
30428,1
30429,4
30430,13
30431,7
30432,10
30433,1
30434,2
30435,7
30436,12
30437,3
30438,11
30439,9
30440,10
30441,0
30442,0
30443,12
30444,1
30445,2
30446,9
30447,6
30448,11
30449,10
30450,1
30451,0
30452,3
30453,7
30454,3
30455,12
30456,5
30457,8
30458,6
30459,1
30460,0
30461,12
30462,2
30463,5
30464,3
30465,4
30466,1
30467,0
30468,3
30469,11
30470,8
30471,8
30472,0
30473,11
30474,8
30475,1
30476,3
30477,12
30478,10
30479,11
30480,6
30481,2
30482,6
30483,11
30484,0
30485,13
30486,2
30487,11
30488,12
30489,0
30490,5
30491,1
30492,9
30493,3
30494,8
30495,8
30496,11
30497,9
30498,2
30499,0
30500,0
30501,6
30502,3
30503,9
30504,4
30505,11
30506,10
30507,9
30508,0
30509,13
30510,0
30511,0
30512,11
30513,10
30514,11
30515,6
30516,7
30517,7
30518,0
30519,13
30520,5
30521,8
30522,0
30523,1
30524,1
30525,1
30526,2
30527,4
30528,12
30529,11
30530,5
30531,9
30532,10
30533,3
30534,6
30535,3
30536,1
30537,9
30538,1
30539,13
30540,11
30541,1
30542,6
30543,4
30544,4
30545,1
30546,8
30547,0
30548,0
30549,2
30550,13
30551,2
30552,1
30553,12
30554,0
30555,10
30556,0
30557,7
30558,5
30559,0
30560,10
30561,10
30562,12
30563,0
30564,4
30565,10
30566,1
30567,4
30568,2
30569,7
30570,0
30571,1
30572,6
30573,0
30574,11
30575,1
30576,2
30577,8
30578,3
30579,1
30580,11
30581,13
30582,4
30583,11
30584,0
30585,6
30586,0
30587,9
30588,4
30589,13
30590,6
30591,2
30592,0
30593,11
30594,6
30595,1
30596,3
30597,11
30598,3
30599,0
30600,7
30601,2
30602,3
30603,6
30604,12
30605,11
30606,6
30607,1
30608,3
30609,8
30610,2
30611,7
30612,8
30613,1
30614,0
30615,4
30616,11
30617,10
30618,12
30619,11
30620,3
30621,11
30622,11
30623,6
30624,6
30625,1
30626,2
30627,4
30628,6
30629,7
30630,0
30631,7
30632,6
30633,13
30634,7
30635,12
30636,11
30637,13
30638,7
30639,7
30640,4
30641,10
30642,3
30643,6
30644,8
30645,8
30646,3
30647,7
30648,9
30649,6
30650,6
30651,2
30652,12
30653,11
30654,12
30655,2
30656,0
30657,12
30658,12
30659,11
30660,4
30661,2
30662,0
30663,10
30664,2
30665,1
30666,1
30667,2
30668,3
30669,10
30670,11
30671,7
30672,0
30673,6
30674,0
30675,9
30676,10
30677,0
30678,12
30679,1
30680,6
30681,12
30682,12
30683,1
30684,2
30685,11
30686,12
30687,0
30688,6
30689,6
30690,11
30691,10
30692,0
30693,8
30694,12
30695,11
30696,1
30697,9
30698,4
30699,3
30700,8
30701,1
30702,2
30703,9
30704,9
30705,4
30706,3
30707,8
30708,9
30709,7
30710,8
30711,7
30712,11
30713,2
30714,9
30715,8
30716,4
30717,10
30718,4
30719,0
30720,0
30721,0
30722,1
30723,4
30724,0
30725,6
30726,2
30727,4
30728,13
30729,7
30730,10
30731,11
30732,8
30733,13
30734,7
30735,12
30736,8
30737,4
30738,5
30739,11
30740,2
30741,10
30742,11
30743,1
30744,10
30745,10
30746,8
30747,0
30748,7
30749,11
30750,8
30751,12
30752,12
30753,3
30754,11
30755,0
30756,9
30757,9
30758,11
30759,10
30760,9
30761,3
30762,12
30763,2
30764,12
30765,9
30766,9
30767,1
30768,8
30769,0
30770,2
30771,0
30772,0
30773,11
30774,0
30775,4
30776,12
30777,6
30778,3
30779,6
30780,11
30781,13
30782,10
30783,4
30784,13
30785,7
30786,9
30787,13
30788,13
30789,13
30790,2
30791,0
30792,12
30793,0
30794,2
30795,1
30796,2
30797,4
30798,0
30799,4
30800,10
30801,7
30802,11
30803,8
30804,6
30805,1
30806,3
30807,11
30808,2
30809,10
30810,7
30811,1
30812,9
30813,4
30814,6
30815,12
30816,10
30817,12
30818,3
30819,0
30820,13
30821,10
30822,11
30823,11
30824,5
30825,12
30826,0
30827,0
30828,3
30829,13
30830,1
30831,12
30832,13
30833,13
30834,5
30835,10
30836,12
30837,12
30838,8
30839,12
30840,9
30841,3
30842,9
30843,10
30844,13
30845,3
30846,0
30847,1
30848,7
30849,11
30850,10
30851,12
30852,7
30853,2
30854,8
30855,0
30856,0
30857,1
30858,2
30859,3
30860,1
30861,10
30862,7
30863,11
30864,4
30865,10
30866,11
30867,11
30868,6
30869,2
30870,11
30871,3
30872,4
30873,6
30874,1
30875,2
30876,11
30877,0
30878,2
30879,3
30880,10
30881,3
30882,0
30883,7
30884,2
30885,6
30886,7
30887,1
30888,4
30889,1
30890,7
30891,1
30892,1
30893,12
30894,13
30895,11
30896,4
30897,1
30898,5
30899,1
30900,2
30901,13
30902,10
30903,13
30904,13
30905,1
30906,8
30907,1
30908,11
30909,1
30910,11
30911,0
30912,4
30913,0
30914,6
30915,11
30916,1
30917,4
30918,2
30919,2
30920,12
30921,10
30922,12
30923,1
30924,13
30925,1
30926,8
30927,5
30928,10
30929,4
30930,11
30931,1
30932,3
30933,3
30934,7
30935,0
30936,0
30937,11
30938,7
30939,7
30940,11
30941,1
30942,9
30943,9
30944,8
30945,11
30946,11
30947,7
30948,7
30949,1
30950,12
30951,2
30952,10
30953,0
30954,8
30955,8
30956,11
30957,2
30958,0
30959,1
30960,3
30961,0
30962,6
30963,6
30964,13
30965,13
30966,0
30967,8
30968,10
30969,11
30970,9
30971,4
30972,1
30973,1
30974,2
30975,6
30976,3
30977,1
30978,0
30979,13
30980,9
30981,1
30982,12
30983,2
30984,0
30985,8
30986,7
30987,2
30988,11
30989,4
30990,6
30991,1
30992,4
30993,1
30994,4
30995,7
30996,0
30997,4
30998,0
30999,13
31000,10
31001,8
31002,13
31003,0
31004,4
31005,11
31006,10
31007,11
31008,0
31009,0
31010,10
31011,7
31012,12
31013,11
31014,11
31015,11
31016,2
31017,13
31018,7
31019,12
31020,2
31021,12
31022,12
31023,4
31024,0
31025,0
31026,11
31027,9
31028,11
31029,0
31030,2
31031,3
31032,10
31033,1
31034,6
31035,1
31036,7
31037,0
31038,0
31039,8
31040,3
31041,6
31042,7
31043,11
31044,11
31045,12
31046,12
31047,1
31048,12
31049,2
31050,4
31051,7
31052,4
31053,0
31054,12
31055,8
31056,12
31057,11
31058,2
31059,12
31060,7
31061,10
31062,1
31063,7
31064,1
31065,11
31066,4
31067,8
31068,12
31069,0
31070,11
31071,12
31072,12
31073,10
31074,7
31075,7
31076,3
31077,1
31078,11
31079,2
31080,10
31081,10
31082,7
31083,7
31084,2
31085,12
31086,12
31087,8
31088,2
31089,0
31090,0
31091,6
31092,2
31093,13
31094,0
31095,11
31096,3
31097,9
31098,10
31099,2
31100,13
31101,2
31102,13
31103,9
31104,7
31105,1
31106,10
31107,6
31108,8
31109,6
31110,11
31111,0
31112,4
31113,7
31114,8
31115,11
31116,13
31117,2
31118,12
31119,4
31120,6
31121,6
31122,11
31123,10
31124,1
31125,7
31126,0
31127,4
31128,9
31129,11
31130,3
31131,2
31132,7
31133,1
31134,9
31135,1
31136,12
31137,4
31138,11
31139,11
31140,2
31141,6
31142,2
31143,5
31144,6
31145,10
31146,6
31147,10
31148,11
31149,0
31150,4
31151,0
31152,0
31153,7
31154,4
31155,12
31156,1
31157,0
31158,12
31159,4
31160,1
31161,1
31162,0
31163,12
31164,8
31165,6
31166,9
31167,7
31168,0
31169,10
31170,11
31171,7
31172,12
31173,12
31174,12
31175,9
31176,3
31177,0
31178,0
31179,12
31180,11
31181,10
31182,6
31183,11
31184,7
31185,1
31186,11
31187,8
31188,3
31189,10
31190,2
31191,0
31192,6
31193,4
31194,11
31195,6
31196,2
31197,3
31198,11
31199,3
31200,1
31201,12
31202,1
31203,12
31204,13
31205,3
31206,1
31207,12
31208,8
31209,1
31210,0
31211,11
31212,6
31213,0
31214,8
31215,11
31216,11
31217,1
31218,11
31219,13
31220,9
31221,8
31222,11
31223,7
31224,2
31225,12
31226,7
31227,8
31228,3
31229,8
31230,11
31231,9
31232,0
31233,11
31234,0
31235,12
31236,6
31237,11
31238,12
31239,2
31240,11
31241,4
31242,11
31243,11
31244,12
31245,1
31246,2
31247,12
31248,1
31249,2
31250,11
31251,0
31252,6
31253,6
31254,11
31255,11
31256,11
31257,9
31258,4
31259,2
31260,0
31261,8
31262,11
31263,6
31264,1
31265,2
31266,10
31267,1
31268,9
31269,11
31270,13
31271,0
31272,11
31273,0
31274,10
31275,9
31276,11
31277,2
31278,1
31279,7
31280,7
31281,10
31282,6
31283,2
31284,0
31285,4
31286,3
31287,7
31288,7
31289,1
31290,2
31291,2
31292,3
31293,12
31294,1
31295,8
31296,1
31297,9
31298,2
31299,9
31300,0
31301,1
31302,13
31303,8
31304,6
31305,12
31306,0
31307,5
31308,4
31309,6
31310,12
31311,11
31312,4
31313,2
31314,11
31315,4
31316,4
31317,9
31318,6
31319,10
31320,8
31321,2
31322,2
31323,0
31324,8
31325,2
31326,0
31327,9
31328,11
31329,5
31330,0
31331,4
31332,3
31333,1
31334,3
31335,5
31336,2
31337,12
31338,0
31339,0
31340,2
31341,4
31342,3
31343,11
31344,2
31345,12
31346,2
31347,10
31348,11
31349,4
31350,2
31351,6
31352,9
31353,6
31354,8
31355,8
31356,10
31357,6
31358,0
31359,12
31360,2
31361,12
31362,7
31363,1
31364,0
31365,11
31366,11
31367,8
31368,10
31369,4
31370,12
31371,2
31372,12
31373,2
31374,7
31375,8
31376,1
31377,11
31378,9
31379,1
31380,0
31381,11
31382,9
31383,10
31384,12
31385,1
31386,13
31387,5
31388,10
31389,2
31390,8
31391,12
31392,1
31393,2
31394,11
31395,2
31396,11
31397,8
31398,2
31399,6
31400,13
31401,0
31402,4
31403,3
31404,0
31405,12
31406,7
31407,7
31408,8
31409,2
31410,10
31411,12
31412,2
31413,3
31414,11
31415,13
31416,7
31417,3
31418,2
31419,2
31420,0
31421,11
31422,2
31423,8
31424,7
31425,13
31426,2
31427,7
31428,6
31429,7
31430,11
31431,1
31432,4
31433,1
31434,11
31435,12
31436,6
31437,11
31438,9
31439,3
31440,1
31441,2
31442,0
31443,0
31444,1
31445,12
31446,0
31447,11
31448,7
31449,10
31450,1
31451,9
31452,11
31453,7
31454,11
31455,2
31456,2
31457,12
31458,8
31459,11
31460,0
31461,10
31462,8
31463,3
31464,8
31465,13
31466,3
31467,1
31468,4
31469,1
31470,12
31471,9
31472,2
31473,3
31474,5
31475,11
31476,9
31477,4
31478,0
31479,1
31480,7
31481,8
31482,4
31483,12
31484,0
31485,10
31486,12
31487,2
31488,6
31489,6
31490,11
31491,6
31492,12
31493,6
31494,4
31495,10
31496,0
31497,11
31498,0
31499,1
31500,8
31501,12
31502,6
31503,7
31504,2
31505,5
31506,2
31507,11
31508,8
31509,0
31510,13
31511,1
31512,0
31513,3
31514,12
31515,6
31516,8
31517,12
31518,2
31519,9
31520,8
31521,7
31522,7
31523,3
31524,3
31525,0
31526,4
31527,7
31528,10
31529,8
31530,2
31531,1
31532,0
31533,4
31534,0
31535,1
31536,9
31537,8
31538,3
31539,0
31540,11
31541,1
31542,12
31543,11
31544,6
31545,2
31546,11
31547,4
31548,6
31549,3
31550,0
31551,0
31552,11
31553,7
31554,10
31555,13
31556,0
31557,4
31558,13
31559,0
31560,7
31561,0
31562,0
31563,0
31564,10
31565,12
31566,0
31567,12
31568,9
31569,10
31570,6
31571,12
31572,8
31573,6
31574,7
31575,8
31576,4
31577,13
31578,2
31579,4
31580,2
31581,12
31582,8
31583,7
31584,8
31585,2
31586,1
31587,13
31588,0
31589,4
31590,10
31591,8
31592,0
31593,6
31594,0
31595,4
31596,10
31597,9
31598,12
31599,4
31600,6
31601,10
31602,13
31603,9
31604,2
31605,2
31606,4
31607,7
31608,7
31609,0
31610,13
31611,11
31612,8
31613,12
31614,7
31615,11
31616,11
31617,1
31618,10
31619,7
31620,7
31621,8
31622,12
31623,8
31624,3
31625,3
31626,12
31627,0
31628,4
31629,12
31630,10
31631,2
31632,12
31633,8
31634,2
31635,12
31636,2
31637,11
31638,4
31639,10
31640,7
31641,6
31642,12
31643,6
31644,7
31645,5
31646,10
31647,4
31648,13
31649,3
31650,6
31651,3
31652,7
31653,3
31654,11
31655,10
31656,8
31657,2
31658,6
31659,7
31660,6
31661,6
31662,9
31663,7
31664,6
31665,6
31666,3
31667,4
31668,11
31669,7
31670,4
31671,2
31672,7
31673,4
31674,12
31675,1
31676,6
31677,10
31678,13
31679,13
31680,8
31681,10
31682,2
31683,3
31684,12
31685,6
31686,8
31687,6
31688,10
31689,10
31690,6
31691,13
31692,12
31693,2
31694,0
31695,0
31696,1
31697,11
31698,10
31699,3
31700,3
31701,8
31702,0
31703,13
31704,11
31705,3
31706,0
31707,4
31708,1
31709,4
31710,12
31711,11
31712,11
31713,1
31714,1
31715,13
31716,11
31717,9
31718,1
31719,11
31720,0
31721,11
31722,0
31723,7
31724,13
31725,13
31726,7
31727,9
31728,2
31729,11
31730,2
31731,1
31732,10
31733,4
31734,13
31735,11
31736,12
31737,8
31738,13
31739,12
31740,4
31741,1
31742,7
31743,12
31744,12
31745,11
31746,2
31747,1
31748,12
31749,11
31750,8
31751,1
31752,2
31753,9
31754,11
31755,10
31756,0
31757,4
31758,12
31759,7
31760,11
31761,9
31762,11
31763,12
31764,12
31765,1
31766,13
31767,6
31768,0
31769,0
31770,9
31771,0
31772,1
31773,11
31774,10
31775,8
31776,0
31777,13
31778,9
31779,10
31780,4
31781,8
31782,4
31783,4
31784,4
31785,7
31786,10
31787,11
31788,8
31789,6
31790,9
31791,0
31792,1
31793,7
31794,11
31795,9
31796,3
31797,2
31798,2
31799,10
31800,2
31801,11
31802,0
31803,9
31804,0
31805,11
31806,4
31807,7
31808,12
31809,7
31810,6
31811,4
31812,4
31813,9
31814,5
31815,7
31816,10
31817,6
31818,10
31819,11
31820,12
31821,0
31822,3
31823,2
31824,3
31825,8
31826,11
31827,10
31828,11
31829,3
31830,6
31831,10
31832,11
31833,10
31834,10
31835,5
31836,6
31837,10
31838,11
31839,10
31840,12
31841,7
31842,1
31843,1
31844,2
31845,13
31846,2
31847,11
31848,1
31849,9
31850,13
31851,4
31852,0
31853,2
31854,1
31855,4
31856,1
31857,6
31858,9
31859,8
31860,4
31861,11
31862,11
31863,13
31864,6
31865,3
31866,9
31867,7
31868,2
31869,2
31870,2
31871,6
31872,12
31873,5
31874,12
31875,13
31876,11
31877,2
31878,2
31879,10
31880,10
31881,13
31882,6
31883,7
31884,4
31885,7
31886,10
31887,0
31888,10
31889,8
31890,0
31891,11
31892,1
31893,8
31894,4
31895,6
31896,2
31897,9
31898,6
31899,8
31900,0
31901,6
31902,11
31903,2
31904,9
31905,3
31906,12
31907,11
31908,2
31909,2
31910,3
31911,6
31912,13
31913,2
31914,10
31915,8
31916,1
31917,5
31918,4
31919,7
31920,11
31921,11
31922,2
31923,0
31924,6
31925,6
31926,1
31927,9
31928,0
31929,10
31930,8
31931,0
31932,6
31933,11
31934,0
31935,10
31936,4
31937,8
31938,11
31939,1
31940,9
31941,0
31942,4
31943,7
31944,12
31945,2
31946,11
31947,9
31948,8
31949,3
31950,1
31951,0
31952,13
31953,0
31954,10
31955,7
31956,8
31957,7
31958,10
31959,1
31960,1
31961,0
31962,10
31963,11
31964,1
31965,1
31966,0
31967,2
31968,2
31969,3
31970,7
31971,6
31972,12
31973,11
31974,13
31975,7
31976,0
31977,7
31978,1
31979,7
31980,0
31981,2
31982,7
31983,12
31984,2
31985,7
31986,11
31987,12
31988,6
31989,9
31990,10
31991,4
31992,11
31993,1
31994,6
31995,2
31996,0
31997,0
31998,2
31999,3
32000,2
32001,2
32002,12
32003,1
32004,11
32005,4
32006,11
32007,2
32008,2
32009,9
32010,4
32011,13
32012,2
32013,1
32014,12
32015,12
32016,3
32017,10
32018,11
32019,11
32020,7
32021,2
32022,12
32023,9
32024,12
32025,12
32026,2
32027,7
32028,0
32029,4
32030,12
32031,3
32032,2
32033,1
32034,2
32035,2
32036,12
32037,10
32038,4
32039,13
32040,8
32041,5
32042,1
32043,4
32044,4
32045,12
32046,2
32047,6
32048,10
32049,12
32050,0
32051,7
32052,4
32053,0
32054,11
32055,12
32056,4
32057,5
32058,2
32059,10
32060,11
32061,7
32062,7
32063,2
32064,3
32065,4
32066,4
32067,10
32068,0
32069,11
32070,0
32071,0
32072,8
32073,8
32074,4
32075,0
32076,12
32077,8
32078,11
32079,2
32080,2
32081,3
32082,1
32083,2
32084,2
32085,0
32086,6
32087,2
32088,12
32089,11
32090,2
32091,12
32092,2
32093,0
32094,13
32095,9
32096,0
32097,9
32098,7
32099,8
32100,2
32101,8
32102,1
32103,12
32104,13
32105,0
32106,10
32107,2
32108,10
32109,7
32110,2
32111,10
32112,6
32113,12
32114,10
32115,2
32116,10
32117,13
32118,0
32119,11
32120,7
32121,6
32122,8
32123,2
32124,2
32125,12
32126,0
32127,7
32128,9
32129,13
32130,4
32131,4
32132,3
32133,4
32134,4
32135,6
32136,2
32137,3
32138,2
32139,7
32140,11
32141,6
32142,0
32143,3
32144,1
32145,0
32146,5
32147,11
32148,12
32149,2
32150,13
32151,6
32152,0
32153,13
32154,1
32155,1
32156,4
32157,4
32158,0
32159,10
32160,2
32161,11
32162,7
32163,0
32164,5
32165,7
32166,0
32167,8
32168,5
32169,6
32170,1
32171,6
32172,1
32173,10
32174,11
32175,3
32176,6
32177,2
32178,11
32179,12
32180,6
32181,0
32182,6
32183,13
32184,10
32185,10
32186,12
32187,8
32188,10
32189,12
32190,2
32191,10
32192,4
32193,4
32194,1
32195,1
32196,13
32197,7
32198,9
32199,10
32200,8
32201,7
32202,10
32203,11
32204,2
32205,12
32206,11
32207,4
32208,0
32209,6
32210,4
32211,9
32212,1
32213,10
32214,2
32215,10
32216,1
32217,0
32218,3
32219,9
32220,5
32221,0
32222,3
32223,9
32224,1
32225,0
32226,0
32227,6
32228,9
32229,11
32230,6
32231,0
32232,12
32233,11
32234,2
32235,0
32236,2
32237,6
32238,0
32239,1
32240,11
32241,1
32242,4
32243,1
32244,6
32245,10
32246,13
32247,0
32248,6
32249,0
32250,6
32251,0
32252,6
32253,4
32254,10
32255,6
32256,9
32257,10
32258,9
32259,9
32260,13
32261,3
32262,10
32263,10
32264,10
32265,10
32266,2
32267,10
32268,2
32269,6
32270,1
32271,9
32272,0
32273,2
32274,12
32275,10
32276,7
32277,11
32278,8
32279,6
32280,5
32281,3
32282,8
32283,0
32284,6
32285,7
32286,3
32287,3
32288,7
32289,3
32290,10
32291,9
32292,4
32293,2
32294,4
32295,0
32296,13
32297,9
32298,3
32299,2
32300,12
32301,0
32302,1
32303,3
32304,3
32305,7
32306,1
32307,2
32308,6
32309,9
32310,2
32311,12
32312,4
32313,13
32314,13
32315,11
32316,4
32317,0
32318,2
32319,11
32320,7
32321,2
32322,9
32323,4
32324,9
32325,4
32326,0
32327,1
32328,0
32329,12
32330,12
32331,8
32332,1
32333,7
32334,8
32335,2
32336,6
32337,9
32338,0
32339,1
32340,6
32341,12
32342,11
32343,2
32344,10
32345,7
32346,0
32347,1
32348,8
32349,8
32350,2
32351,1
32352,10
32353,8
32354,6
32355,7
32356,10
32357,2
32358,9
32359,11
32360,2
32361,11
32362,7
32363,1
32364,10
32365,7
32366,11
32367,4
32368,9
32369,11
32370,10
32371,7
32372,12
32373,9
32374,4
32375,2
32376,11
32377,11
32378,7
32379,3
32380,2
32381,13
32382,1
32383,3
32384,0
32385,8
32386,2
32387,12
32388,1
32389,4
32390,8
32391,12
32392,1
32393,2
32394,9
32395,12
32396,1
32397,4
32398,11
32399,7
32400,8
32401,9
32402,1
32403,8
32404,0
32405,2
32406,0
32407,4
32408,6
32409,1
32410,2
32411,1
32412,1
32413,1
32414,12
32415,0
32416,0
32417,10
32418,10
32419,4
32420,13
32421,6
32422,8
32423,3
32424,6
32425,9
32426,9
32427,6
32428,6
32429,3
32430,10
32431,11
32432,11
32433,2
32434,0
32435,4
32436,11
32437,6
32438,1
32439,4
32440,12
32441,7
32442,9
32443,4
32444,1
32445,4
32446,11
32447,4
32448,2
32449,7
32450,13
32451,0
32452,7
32453,6
32454,12
32455,12
32456,1
32457,2
32458,10
32459,0
32460,3
32461,2
32462,10
32463,8
32464,2
32465,9
32466,2
32467,12
32468,11
32469,6
32470,10
32471,9
32472,1
32473,4
32474,7
32475,11
32476,12
32477,11
32478,4
32479,0
32480,11
32481,4
32482,13
32483,5
32484,1
32485,2
32486,9
32487,3
32488,8
32489,0
32490,12
32491,8
32492,6
32493,8
32494,13
32495,0
32496,1
32497,11
32498,12
32499,6
32500,10
32501,11
32502,7
32503,6
32504,0
32505,2
32506,0
32507,8
32508,11
32509,3
32510,0
32511,8
32512,9
32513,12
32514,8
32515,10
32516,12
32517,4
32518,9
32519,2
32520,0
32521,2
32522,6
32523,12
32524,11
32525,13
32526,11
32527,11
32528,0
32529,2
32530,9
32531,4
32532,3
32533,0
32534,2
32535,2
32536,12
32537,9
32538,8
32539,13
32540,6
32541,1
32542,4
32543,2
32544,2
32545,10
32546,2
32547,13
32548,13
32549,12
32550,11
32551,4
32552,9
32553,4
32554,6
32555,7
32556,6
32557,6
32558,9
32559,6
32560,3
32561,2
32562,7
32563,8
32564,6
32565,2
32566,8
32567,1
32568,13
32569,6
32570,6
32571,8
32572,13
32573,7
32574,2
32575,11
32576,13
32577,13
32578,4
32579,3
32580,0
32581,8
32582,4
32583,11
32584,4
32585,5
32586,4
32587,1
32588,11
32589,11
32590,10
32591,1
32592,10
32593,9
32594,6
32595,12
32596,10
32597,1
32598,8
32599,8
32600,10
32601,13
32602,10
32603,4
32604,11
32605,0
32606,4
32607,13
32608,11
32609,2
32610,4
32611,4
32612,7
32613,9
32614,10
32615,8
32616,4
32617,1
32618,11
32619,11
32620,9
32621,4
32622,8
32623,11
32624,4
32625,9
32626,3
32627,2
32628,1
32629,2
32630,10
32631,7
32632,1
32633,7
32634,12
32635,0
32636,7
32637,1
32638,11
32639,2
32640,4
32641,12
32642,11
32643,3
32644,1
32645,3
32646,4
32647,1
32648,7
32649,4
32650,9
32651,2
32652,11
32653,0
32654,4
32655,1
32656,10
32657,12
32658,2
32659,0
32660,13
32661,9
32662,9
32663,3
32664,12
32665,0
32666,11
32667,11
32668,1
32669,9
32670,7
32671,11
32672,11
32673,6
32674,4
32675,11
32676,1
32677,12
32678,13
32679,3
32680,6
32681,8
32682,3
32683,1
32684,1
32685,0
32686,7
32687,0
32688,0
32689,0
32690,10
32691,13
32692,0
32693,6
32694,11
32695,2
32696,4
32697,1
32698,13
32699,12
32700,1
32701,8
32702,10
32703,3
32704,3
32705,8
32706,5
32707,2
32708,8
32709,8
32710,9
32711,13
32712,4
32713,9
32714,12
32715,12
32716,2
32717,10
32718,1
32719,5
32720,0
32721,0
32722,3
32723,0
32724,8
32725,8
32726,0
32727,5
32728,13
32729,13
32730,12
32731,8
32732,2
32733,6
32734,10
32735,13
32736,1
32737,7
32738,9
32739,0
32740,2
32741,2
32742,12
32743,2
32744,11
32745,8
32746,2
32747,4
32748,2
32749,1
32750,10
32751,12
32752,0
32753,7
32754,0
32755,4
32756,11
32757,1
32758,9
32759,9
32760,10
32761,11
32762,3
32763,13
32764,10
32765,11
32766,0
32767,2
32768,1
32769,11
32770,7
32771,0
32772,11
32773,0
32774,4
32775,7
32776,2
32777,12
32778,7
32779,3
32780,8
32781,7
32782,6
32783,0
32784,0
32785,2
32786,8
32787,10
32788,1
32789,6
32790,1
32791,4
32792,11
32793,10
32794,7
32795,13
32796,12
32797,3
32798,2
32799,4
32800,2
32801,12
32802,1
32803,1
32804,5
32805,7
32806,1
32807,13
32808,8
32809,1
32810,9
32811,1
32812,1
32813,11
32814,13
32815,1
32816,10
32817,8
32818,8
32819,6
32820,13
32821,6
32822,1
32823,7
32824,10
32825,1
32826,8
32827,8
32828,1
32829,12
32830,0
32831,8
32832,1
32833,11
32834,1
32835,9
32836,12
32837,13
32838,13
32839,5
32840,8
32841,1
32842,7
32843,12
32844,4
32845,2
32846,0
32847,11
32848,2
32849,0
32850,11
32851,2
32852,12
32853,2
32854,11
32855,3
32856,7
32857,7
32858,13
32859,8
32860,5
32861,7
32862,6
32863,3
32864,12
32865,10
32866,5
32867,6
32868,13
32869,10
32870,1
32871,3
32872,2
32873,2
32874,2
32875,12
32876,7
32877,5
32878,0
32879,11
32880,12
32881,4
32882,9
32883,11
32884,6
32885,12
32886,10
32887,10
32888,1
32889,7
32890,8
32891,0
32892,8
32893,7
32894,6
32895,0
32896,10
32897,3
32898,4
32899,5
32900,1
32901,11
32902,0
32903,11
32904,6
32905,8
32906,8
32907,10
32908,12
32909,1
32910,2
32911,13
32912,7
32913,1
32914,8
32915,7
32916,12
32917,3
32918,8
32919,0
32920,0
32921,11
32922,1
32923,7
32924,6
32925,4
32926,2
32927,3
32928,11
32929,7
32930,4
32931,12
32932,10
32933,4
32934,7
32935,7
32936,11
32937,7
32938,11
32939,6
32940,2
32941,5
32942,6
32943,6
32944,4
32945,7
32946,11
32947,1
32948,5
32949,1
32950,6
32951,1
32952,13
32953,3
32954,13
32955,10
32956,7
32957,0
32958,3
32959,1
32960,2
32961,4
32962,0
32963,3
32964,2
32965,2
32966,1
32967,13
32968,2
32969,13
32970,2
32971,6
32972,0
32973,0
32974,11
32975,0
32976,6
32977,13
32978,3
32979,12
32980,13
32981,0
32982,13
32983,12
32984,12
32985,8
32986,11
32987,3
32988,1
32989,8
32990,0
32991,2
32992,6
32993,4
32994,7
32995,1
32996,0
32997,4
32998,4
32999,1
33000,7
33001,11
33002,6
33003,6
33004,11
33005,2
33006,7
33007,0
33008,1
33009,1
33010,10
33011,13
33012,6
33013,1
33014,13
33015,0
33016,6
33017,2
33018,0
33019,10
33020,12
33021,0
33022,11
33023,7
33024,2
33025,0
33026,7
33027,10
33028,11
33029,7
33030,6
33031,11
33032,11
33033,1
33034,2
33035,13
33036,0
33037,9
33038,1
33039,2
33040,2
33041,6
33042,3
33043,7
33044,1
33045,8
33046,12
33047,13
33048,6
33049,12
33050,2
33051,8
33052,11
33053,10
33054,1
33055,6
33056,12
33057,7
33058,12
33059,3
33060,3
33061,0
33062,2
33063,6
33064,11
33065,7
33066,10
33067,11
33068,3
33069,0
33070,11
33071,2
33072,11
33073,9
33074,2
33075,0
33076,7
33077,10
33078,2
33079,11
33080,11
33081,11
33082,12
33083,1
33084,12
33085,11
33086,13
33087,7
33088,11
33089,3
33090,9
33091,0
33092,7
33093,4
33094,2
33095,12
33096,2
33097,11
33098,6
33099,1
33100,2
33101,7
33102,2
33103,10
33104,1
33105,6
33106,4
33107,9
33108,11
33109,2
33110,10
33111,13
33112,1
33113,11
33114,8
33115,11
33116,0
33117,3
33118,10
33119,6
33120,7
33121,4
33122,8
33123,1
33124,8
33125,11
33126,4
33127,10
33128,3
33129,1
33130,8
33131,5
33132,6
33133,8
33134,2
33135,1
33136,1
33137,7
33138,6
33139,4
33140,7
33141,8
33142,1
33143,2
33144,9
33145,7
33146,8
33147,12
33148,0
33149,4
33150,11
33151,11
33152,11
33153,6
33154,11
33155,2
33156,2
33157,5
33158,10
33159,11
33160,4
33161,12
33162,1
33163,1
33164,2
33165,0
33166,2
33167,3
33168,8
33169,13
33170,1
33171,9
33172,4
33173,0
33174,2
33175,1
33176,10
33177,2
33178,12
33179,2
33180,10
33181,0
33182,0
33183,13
33184,3
33185,11
33186,2
33187,2
33188,4
33189,5
33190,2
33191,0
33192,11
33193,6
33194,0
33195,12
33196,3
33197,1
33198,7
33199,13
33200,11
33201,1
33202,11
33203,3
33204,12
33205,2
33206,6
33207,2
33208,0
33209,12
33210,2
33211,6
33212,4
33213,12
33214,2
33215,1
33216,6
33217,11
33218,7
33219,2
33220,3
33221,3
33222,2
33223,1
33224,10
33225,6
33226,0
33227,9
33228,1
33229,3
33230,7
33231,6
33232,13
33233,12
33234,4
33235,8
33236,8
33237,12
33238,0
33239,9
33240,11
33241,1
33242,10
33243,12
33244,4
33245,6
33246,2
33247,7
33248,1
33249,6
33250,5
33251,8
33252,9
33253,4
33254,11
33255,10
33256,0
33257,0
33258,4
33259,0
33260,2
33261,7
33262,0
33263,1
33264,2
33265,11
33266,11
33267,4
33268,0
33269,11
33270,12
33271,12
33272,0
33273,0
33274,2
33275,11
33276,6
33277,11
33278,11
33279,8
33280,8
33281,8
33282,12
33283,7
33284,6
33285,4
33286,11
33287,3
33288,13
33289,3
33290,0
33291,9
33292,13
33293,13
33294,9
33295,0
33296,6
33297,11
33298,0
33299,2
33300,8
33301,3
33302,5
33303,1
33304,7
33305,11
33306,7
33307,2
33308,11
33309,11
33310,3
33311,1
33312,0
33313,2
33314,8
33315,1
33316,6
33317,6
33318,3
33319,10
33320,8
33321,11
33322,5
33323,10
33324,5
33325,0
33326,2
33327,4
33328,5
33329,5
33330,9
33331,2
33332,2
33333,6
33334,11
33335,13
33336,11
33337,5
33338,1
33339,1
33340,2
33341,2
33342,1
33343,0
33344,7
33345,4
33346,4
33347,2
33348,6
33349,0
33350,2
33351,11
33352,12
33353,7
33354,8
33355,12
33356,1
33357,6
33358,8
33359,3
33360,2
33361,1
33362,1
33363,11
33364,7
33365,0
33366,2
33367,11
33368,1
33369,0
33370,11
33371,13
33372,11
33373,13
33374,6
33375,6
33376,0
33377,4
33378,12
33379,11
33380,8
33381,2
33382,7
33383,8
33384,11
33385,3
33386,4
33387,2
33388,8
33389,8
33390,0
33391,10
33392,7
33393,3
33394,11
33395,4
33396,8
33397,0
33398,3
33399,1
33400,0
33401,7
33402,2
33403,7
33404,6
33405,5
33406,11
33407,5
33408,9
33409,0
33410,10
33411,11
33412,6
33413,12
33414,8
33415,2
33416,2
33417,4
33418,2
33419,8
33420,7
33421,4
33422,8
33423,10
33424,8
33425,10
33426,4
33427,0
33428,10
33429,7
33430,5
33431,3
33432,11
33433,0
33434,11
33435,12
33436,3
33437,8
33438,8
33439,9
33440,5
33441,11
33442,2
33443,2
33444,1
33445,8
33446,12
33447,7
33448,4
33449,3
33450,12
33451,10
33452,12
33453,11
33454,9
33455,0
33456,11
33457,12
33458,10
33459,2
33460,11
33461,9
33462,12
33463,12
33464,10
33465,9
33466,5
33467,7
33468,0
33469,11
33470,11
33471,4
33472,0
33473,9
33474,10
33475,7
33476,3
33477,7
33478,3
33479,2
33480,5
33481,11
33482,0
33483,0
33484,0
33485,10
33486,12
33487,2
33488,5
33489,12
33490,8
33491,10
33492,3
33493,8
33494,0
33495,12
33496,1
33497,10
33498,11
33499,4
33500,2
33501,1
33502,2
33503,11
33504,8
33505,0
33506,8
33507,10
33508,3
33509,11
33510,8
33511,11
33512,6
33513,2
33514,4
33515,1
33516,2
33517,4
33518,12
33519,7
33520,9
33521,8
33522,10
33523,1
33524,11
33525,8
33526,4
33527,0
33528,10
33529,0
33530,2
33531,1
33532,6
33533,0
33534,0
33535,8
33536,5
33537,12
33538,1
33539,2
33540,13
33541,13
33542,6
33543,8
33544,1
33545,7
33546,2
33547,1
33548,8
33549,11
33550,7
33551,11
33552,11
33553,6
33554,9
33555,6
33556,5
33557,1
33558,2
33559,7
33560,3
33561,2
33562,11
33563,0
33564,3
33565,5
33566,0
33567,6
33568,2
33569,7
33570,13
33571,3
33572,9
33573,9
33574,11
33575,1
33576,3
33577,6
33578,7
33579,6
33580,4
33581,10
33582,3
33583,9
33584,11
33585,7
33586,7
33587,4
33588,10
33589,2
33590,3
33591,9
33592,8
33593,9
33594,13
33595,4
33596,10
33597,4
33598,3
33599,2
33600,10
33601,3
33602,2
33603,11
33604,1
33605,6
33606,1
33607,9
33608,4
33609,11
33610,9
33611,11
33612,10
33613,2
33614,2
33615,3
33616,1
33617,7
33618,7
33619,7
33620,10
33621,2
33622,11
33623,6
33624,1
33625,0
33626,11
33627,11
33628,11
33629,11
33630,10
33631,12
33632,7
33633,1
33634,7
33635,0
33636,12
33637,0
33638,2
33639,13
33640,13
33641,6
33642,1
33643,11
33644,8
33645,4
33646,1
33647,2
33648,13
33649,6
33650,10
33651,12
33652,10
33653,7
33654,13
33655,8
33656,0
33657,10
33658,1
33659,12
33660,13
33661,13
33662,11
33663,2
33664,10
33665,7
33666,11
33667,5
33668,7
33669,1
33670,3
33671,3
33672,12
33673,2
33674,12
33675,7
33676,12
33677,11
33678,8
33679,12
33680,11
33681,11
33682,1
33683,10
33684,6
33685,1
33686,13
33687,11
33688,11
33689,11
33690,12
33691,11
33692,10
33693,0
33694,8
33695,0
33696,2
33697,4
33698,1
33699,8
33700,2
33701,0
33702,2
33703,6
33704,7
33705,9
33706,11
33707,0
33708,1
33709,6
33710,8
33711,2
33712,3
33713,2
33714,10
33715,8
33716,1
33717,2
33718,12
33719,6
33720,13
33721,6
33722,6
33723,2
33724,2
33725,0
33726,0
33727,6
33728,6
33729,7
33730,7
33731,1
33732,7
33733,2
33734,9
33735,2
33736,6
33737,0
33738,13
33739,1
33740,6
33741,11
33742,8
33743,2
33744,4
33745,4
33746,4
33747,12
33748,3
33749,10
33750,1
33751,2
33752,10
33753,1
33754,7
33755,1
33756,9
33757,10
33758,12
33759,9
33760,8
33761,0
33762,9
33763,2
33764,7
33765,9
33766,12
33767,6
33768,6
33769,6
33770,0
33771,3
33772,0
33773,12
33774,2
33775,0
33776,9
33777,1
33778,8
33779,6
33780,0
33781,11
33782,2
33783,13
33784,4
33785,8
33786,1
33787,13
33788,2
33789,8
33790,8
33791,12
33792,11
33793,3
33794,8
33795,12
33796,9
33797,8
33798,10
33799,11
33800,4
33801,6
33802,10
33803,6
33804,6
33805,6
33806,1
33807,2
33808,3
33809,7
33810,1
33811,7
33812,12
33813,6
33814,11
33815,11
33816,1
33817,6
33818,11
33819,11
33820,11
33821,7
33822,11
33823,2
33824,1
33825,9
33826,12
33827,10
33828,10
33829,7
33830,11
33831,11
33832,0
33833,1
33834,10
33835,8
33836,0
33837,2
33838,8
33839,0
33840,1
33841,12
33842,0
33843,2
33844,4
33845,6
33846,6
33847,1
33848,1
33849,7
33850,7
33851,4
33852,13
33853,1
33854,13
33855,3
33856,12
33857,11
33858,10
33859,13
33860,6
33861,5
33862,12
33863,9
33864,2
33865,8
33866,2
33867,7
33868,7
33869,11
33870,1
33871,0
33872,7
33873,7
33874,13
33875,3
33876,8
33877,12
33878,11
33879,6
33880,8
33881,4
33882,1
33883,6
33884,0
33885,6
33886,7
33887,9
33888,2
33889,2
33890,8
33891,8
33892,2
33893,4
33894,5
33895,2
33896,2
33897,3
33898,3
33899,4
33900,5
33901,11
33902,13
33903,13
33904,8
33905,8
33906,10
33907,5
33908,10
33909,12
33910,8
33911,1
33912,6
33913,0
33914,10
33915,7
33916,0
33917,10
33918,9
33919,9
33920,6
33921,7
33922,2
33923,12
33924,5
33925,12
33926,6
33927,0
33928,11
33929,4
33930,0
33931,12
33932,11
33933,0
33934,2
33935,1
33936,9
33937,10
33938,8
33939,3
33940,2
33941,10
33942,1
33943,1
33944,11
33945,11
33946,1
33947,2
33948,6
33949,3
33950,11
33951,2
33952,11
33953,3
33954,4
33955,2
33956,8
33957,6
33958,2
33959,6
33960,12
33961,0
33962,1
33963,1
33964,6
33965,10
33966,8
33967,1
33968,4
33969,1
33970,8
33971,1
33972,0
33973,2
33974,12
33975,8
33976,9
33977,2
33978,3
33979,6
33980,9
33981,8
33982,1
33983,1
33984,1
33985,8
33986,6
33987,1
33988,7
33989,7
33990,4
33991,7
33992,0
33993,0
33994,6
33995,2
33996,9
33997,7
33998,6
33999,1
34000,4
34001,6
34002,8
34003,1
34004,6
34005,11
34006,8
34007,12
34008,10
34009,0
34010,5
34011,11
34012,9
34013,11
34014,0
34015,4
34016,9
34017,6
34018,2
34019,8
34020,2
34021,7
34022,12
34023,12
34024,1
34025,3
34026,8
34027,1
34028,7
34029,2
34030,4
34031,7
34032,9
34033,12
34034,13
34035,9
34036,2
34037,11
34038,6
34039,12
34040,1
34041,2
34042,2
34043,10
34044,12
34045,0
34046,3
34047,0
34048,9
34049,8
34050,9
34051,11
34052,1
34053,9
34054,6
34055,11
34056,4
34057,13
34058,2
34059,0
34060,2
34061,13
34062,12
34063,13
34064,13
34065,2
34066,8
34067,0
34068,11
34069,4
34070,4
34071,0
34072,12
34073,13
34074,8
34075,6
34076,11
34077,9
34078,1
34079,2
34080,4
34081,10
34082,8
34083,8
34084,11
34085,6
34086,5
34087,12
34088,4
34089,2
34090,11
34091,6
34092,0
34093,2
34094,12
34095,3
34096,11
34097,1
34098,8
34099,1
34100,12
34101,7
34102,0
34103,0
34104,1
34105,13
34106,8
34107,6
34108,9
34109,0
34110,3
34111,0
34112,6
34113,8
34114,11
34115,1
34116,4
34117,2
34118,0
34119,5
34120,3
34121,0
34122,2
34123,4
34124,12
34125,0
34126,0
34127,3
34128,0
34129,13
34130,10
34131,4
34132,11
34133,8
34134,11
34135,10
34136,2
34137,6
34138,4
34139,4
34140,0
34141,3
34142,1
34143,2
34144,12
34145,1
34146,12
34147,0
34148,10
34149,2
34150,12
34151,11
34152,7
34153,2
34154,7
34155,7
34156,7
34157,2
34158,1
34159,13
34160,10
34161,0
34162,10
34163,11
34164,1
34165,5
34166,7
34167,6
34168,13
34169,7
34170,2
34171,0
34172,10
34173,2
34174,8
34175,7
34176,11
34177,6
34178,0
34179,1
34180,3
34181,1
34182,2
34183,3
34184,8
34185,6
34186,1
34187,8
34188,6
34189,1
34190,8
34191,8
34192,1
34193,9
34194,2
34195,8
34196,5
34197,8
34198,13
34199,1
34200,12
34201,13
34202,0
34203,4
34204,12
34205,9
34206,10
34207,0
34208,0
34209,2
34210,8
34211,0
34212,7
34213,0
34214,6
34215,1
34216,0
34217,2
34218,6
34219,4
34220,2
34221,6
34222,0
34223,7
34224,11
34225,0
34226,3
34227,1
34228,1
34229,12
34230,10
34231,3
34232,8
34233,3
34234,1
34235,2
34236,7
34237,1
34238,13
34239,4
34240,13
34241,7
34242,1
34243,1
34244,3
34245,11
34246,10
34247,6
34248,2
34249,9
34250,1
34251,2
34252,0
34253,10
34254,0
34255,0
34256,8
34257,6
34258,11
34259,4
34260,2
34261,3
34262,2
34263,6
34264,8
34265,11
34266,3
34267,13
34268,11
34269,13
34270,6
34271,2
34272,0
34273,11
34274,0
34275,2
34276,12
34277,11
34278,10
34279,0
34280,8
34281,6
34282,6
34283,11
34284,0
34285,2
34286,9
34287,2
34288,7
34289,9
34290,3
34291,12
34292,7
34293,7
34294,2
34295,1
34296,10
34297,11
34298,13
34299,2
34300,10
34301,6
34302,2
34303,7
34304,2
34305,1
34306,0
34307,7
34308,7
34309,0
34310,8
34311,12
34312,11
34313,0
34314,12
34315,11
34316,2
34317,9
34318,3
34319,2
34320,12
34321,1
34322,12
34323,8
34324,11
34325,0
34326,4
34327,11
34328,11
34329,4
34330,8
34331,5
34332,12
34333,6
34334,7
34335,0
34336,0
34337,1
34338,9
34339,10
34340,11
34341,1
34342,8
34343,8
34344,12
34345,4
34346,11
34347,4
34348,1
34349,11
34350,7
34351,8
34352,7
34353,11
34354,2
34355,4
34356,7
34357,0
34358,8
34359,8
34360,0
34361,8
34362,6
34363,10
34364,2
34365,2
34366,11
34367,11
34368,1
34369,6
34370,11
34371,0
34372,8
34373,3
34374,7
34375,11
34376,12
34377,11
34378,6
34379,1
34380,13
34381,3
34382,12
34383,1
34384,2
34385,10
34386,8
34387,8
34388,6
34389,4
34390,10
34391,11
34392,2
34393,6
34394,6
34395,2
34396,8
34397,0
34398,7
34399,2
34400,12
34401,4
34402,8
34403,0
34404,11
34405,2
34406,0
34407,9
34408,6
34409,8
34410,0
34411,6
34412,11
34413,1
34414,7
34415,7
34416,5
34417,2
34418,10
34419,2
34420,6
34421,2
34422,3
34423,0
34424,2
34425,2
34426,10
34427,11
34428,0
34429,11
34430,7
34431,2
34432,13
34433,12
34434,3
34435,13
34436,4
34437,9
34438,11
34439,4
34440,7
34441,9
34442,1
34443,7
34444,0
34445,6
34446,6
34447,11
34448,2
34449,10
34450,11
34451,1
34452,0
34453,4
34454,9
34455,7
34456,6
34457,2
34458,2
34459,12
34460,3
34461,8
34462,6
34463,7
34464,0
34465,7
34466,0
34467,1
34468,1
34469,7
34470,0
34471,13
34472,6
34473,11
34474,2
34475,2
34476,6
34477,6
34478,4
34479,4
34480,9
34481,1
34482,1
34483,12
34484,4
34485,5
34486,4
34487,7
34488,11
34489,12
34490,6
34491,9
34492,11
34493,8
34494,4
34495,2
34496,3
34497,5
34498,12
34499,9
34500,2
34501,3
34502,6
34503,9
34504,10
34505,9
34506,8
34507,1
34508,2
34509,7
34510,1
34511,6
34512,11
34513,12
34514,6
34515,10
34516,2
34517,5
34518,0
34519,4
34520,4
34521,4
34522,13
34523,12
34524,1
34525,11
34526,6
34527,1
34528,7
34529,9
34530,0
34531,12
34532,11
34533,11
34534,11
34535,1
34536,3
34537,6
34538,4
34539,4
34540,12
34541,8
34542,10
34543,7
34544,11
34545,1
34546,2
34547,4
34548,11
34549,6
34550,0
34551,13
34552,9
34553,0
34554,2
34555,0
34556,7
34557,12
34558,8
34559,9
34560,6
34561,11
34562,6
34563,13
34564,12
34565,0
34566,1
34567,0
34568,7
34569,13
34570,0
34571,13
34572,4
34573,7
34574,1
34575,0
34576,6
34577,2
34578,11
34579,13
34580,10
34581,7
34582,7
34583,8
34584,6
34585,12
34586,5
34587,3
34588,10
34589,1
34590,1
34591,3
34592,11
34593,11
34594,6
34595,10
34596,12
34597,6
34598,3
34599,8
34600,13
34601,7
34602,1
34603,13
34604,1
34605,1
34606,10
34607,0
34608,11
34609,2
34610,2
34611,9
34612,12
34613,4
34614,12
34615,3
34616,1
34617,12
34618,6
34619,11
34620,8
34621,1
34622,1
34623,11
34624,11
34625,1
34626,3
34627,1
34628,1
34629,1
34630,9
34631,4
34632,6
34633,10
34634,7
34635,10
34636,9
34637,3
34638,8
34639,12
34640,1
34641,0
34642,12
34643,11
34644,4
34645,6
34646,5
34647,6
34648,7
34649,1
34650,13
34651,1
34652,12
34653,3
34654,11
34655,6
34656,0
34657,1
34658,1
34659,1
34660,11
34661,8
34662,2
34663,11
34664,12
34665,12
34666,7
34667,5
34668,0
34669,11
34670,3
34671,1
34672,0
34673,6
34674,7
34675,2
34676,0
34677,1
34678,11
34679,3
34680,11
34681,3
34682,10
34683,6
34684,7
34685,10
34686,11
34687,1
34688,10
34689,7
34690,1
34691,11
34692,9
34693,13
34694,11
34695,12
34696,11
34697,7
34698,1
34699,7
34700,3
34701,6
34702,10
34703,3
34704,8
34705,0
34706,7
34707,12
34708,12
34709,4
34710,10
34711,0
34712,8
34713,8
34714,3
34715,11
34716,2
34717,3
34718,1
34719,11
34720,8
34721,4
34722,10
34723,5
34724,0
34725,9
34726,2
34727,1
34728,0
34729,8
34730,2
34731,4
34732,10
34733,11
34734,3
34735,2
34736,2
34737,7
34738,3
34739,11
34740,2
34741,10
34742,9
34743,1
34744,11
34745,4
34746,10
34747,13
34748,8
34749,0
34750,6
34751,8
34752,0
34753,4
34754,1
34755,12
34756,10
34757,1
34758,2
34759,11
34760,6
34761,7
34762,7
34763,3
34764,9
34765,12
34766,2
34767,11
34768,7
34769,11
34770,8
34771,0
34772,0
34773,0
34774,12
34775,13
34776,2
34777,0
34778,13
34779,10
34780,4
34781,1
34782,11
34783,12
34784,6
34785,2
34786,6
34787,7
34788,7
34789,3
34790,5
34791,8
34792,11
34793,1
34794,12
34795,6
34796,2
34797,12
34798,1
34799,0
34800,1
34801,1
34802,11
34803,2
34804,11
34805,11
34806,2
34807,12
34808,10
34809,11
34810,13
34811,8
34812,5
34813,8
34814,11
34815,12
34816,10
34817,1
34818,6
34819,8
34820,3
34821,1
34822,3
34823,11
34824,1
34825,2
34826,9
34827,8
34828,11
34829,8
34830,12
34831,1
34832,7
34833,1
34834,13
34835,1
34836,1
34837,9
34838,7
34839,1
34840,7
34841,7
34842,1
34843,1
34844,2
34845,11
34846,3
34847,11
34848,11
34849,10
34850,1
34851,3
34852,10
34853,12
34854,7
34855,10
34856,3
34857,11
34858,4
34859,12
34860,8
34861,10
34862,11
34863,7
34864,4
34865,10
34866,2
34867,7
34868,2
34869,11
34870,4
34871,3
34872,6
34873,4
34874,0
34875,13
34876,12
34877,11
34878,9
34879,11
34880,11
34881,4
34882,11
34883,12
34884,0
34885,10
34886,6
34887,1
34888,12
34889,8
34890,9
34891,12
34892,2
34893,6
34894,0
34895,10
34896,7
34897,0
34898,2
34899,13
34900,11
34901,7
34902,10
34903,2
34904,1
34905,8
34906,7
34907,6
34908,3
34909,2
34910,10
34911,10
34912,7
34913,11
34914,8
34915,2
34916,12
34917,0
34918,5
34919,2
34920,3
34921,11
34922,9
34923,2
34924,1
34925,12
34926,2
34927,0
34928,13
34929,6
34930,7
34931,8
34932,4
34933,11
34934,0
34935,2
34936,0
34937,7
34938,7
34939,3
34940,6
34941,11
34942,7
34943,12
34944,12
34945,0
34946,12
34947,2
34948,6
34949,5
34950,1
34951,6
34952,2
34953,12
34954,6
34955,8
34956,13
34957,5
34958,1
34959,11
34960,2
34961,2
34962,9
34963,11
34964,7
34965,2
34966,10
34967,6
34968,10
34969,11
34970,3
34971,0
34972,6
34973,11
34974,7
34975,11
34976,7
34977,1
34978,13
34979,9
34980,10
34981,12
34982,6
34983,8
34984,6
34985,8
34986,5
34987,4
34988,2
34989,3
34990,11
34991,13
34992,6
34993,3
34994,4
34995,7
34996,1
34997,2
34998,12
34999,3
35000,4
35001,7
35002,6
35003,11
35004,0
35005,9
35006,13
35007,6
35008,11
35009,5
35010,11
35011,12
35012,7
35013,1
35014,2
35015,1
35016,7
35017,0
35018,6
35019,7
35020,0
35021,0
35022,2
35023,9
35024,13
35025,1
35026,6
35027,10
35028,11
35029,2
35030,7
35031,11
35032,2
35033,3
35034,11
35035,1
35036,8
35037,1
35038,6
35039,2
35040,10
35041,13
35042,0
35043,3
35044,12
35045,11
35046,13
35047,0
35048,11
35049,2
35050,2
35051,12
35052,7
35053,3
35054,1
35055,7
35056,1
35057,4
35058,2
35059,4
35060,8
35061,1
35062,11
35063,12
35064,1
35065,1
35066,6
35067,7
35068,11
35069,8
35070,2
35071,2
35072,12
35073,10
35074,6
35075,2
35076,11
35077,10
35078,6
35079,6
35080,10
35081,2
35082,6
35083,10
35084,10
35085,10
35086,11
35087,2
35088,8
35089,13
35090,10
35091,7
35092,5
35093,7
35094,0
35095,11
35096,7
35097,0
35098,1
35099,2
35100,7
35101,12
35102,12
35103,6
35104,11
35105,11
35106,7
35107,11
35108,12
35109,3
35110,1
35111,13
35112,4
35113,2
35114,12
35115,0
35116,9
35117,4
35118,13
35119,4
35120,8
35121,7
35122,4
35123,2
35124,3
35125,4
35126,2
35127,7
35128,6
35129,7
35130,12
35131,0
35132,0
35133,11
35134,2
35135,11
35136,1
35137,8
35138,11
35139,0
35140,7
35141,6
35142,8
35143,1
35144,13
35145,12
35146,0
35147,9
35148,4
35149,1
35150,11
35151,7
35152,6
35153,13
35154,0
35155,11
35156,4
35157,0
35158,1
35159,11
35160,2
35161,0
35162,0
35163,6
35164,11
35165,2
35166,2
35167,8
35168,4
35169,1
35170,1
35171,8
35172,8
35173,7
35174,11
35175,3
35176,6
35177,1
35178,4
35179,6
35180,11
35181,6
35182,2
35183,9
35184,0
35185,0
35186,12
35187,6
35188,0
35189,8
35190,0
35191,9
35192,11
35193,3
35194,4
35195,0
35196,11
35197,3
35198,11
35199,11
35200,12
35201,11
35202,13
35203,7
35204,8
35205,3
35206,0
35207,13
35208,2
35209,8
35210,0
35211,7
35212,5
35213,3
35214,13
35215,1
35216,2
35217,3
35218,2
35219,1
35220,10
35221,1
35222,0
35223,8
35224,9
35225,7
35226,3
35227,10
35228,1
35229,4
35230,1
35231,6
35232,1
35233,3
35234,2
35235,2
35236,12
35237,1
35238,7
35239,7
35240,1
35241,2
35242,12
35243,2
35244,0
35245,11
35246,11
35247,6
35248,8
35249,0
35250,7
35251,0
35252,7
35253,5
35254,0
35255,10
35256,6
35257,7
35258,0
35259,2
35260,1
35261,7
35262,11
35263,11
35264,6
35265,10
35266,0
35267,11
35268,2
35269,6
35270,12
35271,6
35272,6
35273,4
35274,8
35275,7
35276,7
35277,0
35278,10
35279,13
35280,4
35281,7
35282,3
35283,0
35284,7
35285,0
35286,11
35287,8
35288,1
35289,12
35290,3
35291,4
35292,9
35293,3
35294,2
35295,2
35296,0
35297,11
35298,4
35299,4
35300,0
35301,13
35302,12
35303,11
35304,12
35305,4
35306,4
35307,3
35308,9
35309,5
35310,8
35311,3
35312,9
35313,6
35314,10
35315,2
35316,10
35317,6
35318,4
35319,1
35320,0
35321,11
35322,11
35323,10
35324,7
35325,1
35326,4
35327,0
35328,10
35329,4
35330,7
35331,7
35332,1
35333,3
35334,12
35335,0
35336,6
35337,4
35338,13
35339,8
35340,1
35341,6
35342,0
35343,13
35344,2
35345,12
35346,7
35347,6
35348,0
35349,12
35350,3
35351,11
35352,10
35353,8
35354,7
35355,10
35356,7
35357,12
35358,3
35359,9
35360,3
35361,0
35362,0
35363,8
35364,1
35365,5
35366,8
35367,7
35368,2
35369,6
35370,1
35371,9
35372,2
35373,10
35374,6
35375,8
35376,0
35377,11
35378,1
35379,2
35380,11
35381,1
35382,2
35383,8
35384,1
35385,3
35386,12
35387,4
35388,1
35389,7
35390,6
35391,2
35392,0
35393,11
35394,11
35395,2
35396,1
35397,10
35398,1
35399,7
35400,8
35401,3
35402,4
35403,2
35404,2
35405,7
35406,13
35407,2
35408,8
35409,3
35410,4
35411,6
35412,7
35413,9
35414,5
35415,0
35416,10
35417,2
35418,6
35419,6
35420,12
35421,0
35422,2
35423,9
35424,10
35425,11
35426,12
35427,7
35428,12
35429,1
35430,2
35431,6
35432,13
35433,12
35434,2
35435,2
35436,0
35437,12
35438,3
35439,1
35440,10
35441,11
35442,8
35443,8
35444,4
35445,8
35446,9
35447,13
35448,1
35449,12
35450,7
35451,3
35452,3
35453,12
35454,4
35455,11
35456,1
35457,10
35458,6
35459,13
35460,2
35461,13
35462,10
35463,1
35464,13
35465,7
35466,13
35467,2
35468,8
35469,4
35470,11
35471,1
35472,13
35473,1
35474,11
35475,4
35476,6
35477,1
35478,13
35479,12
35480,3
35481,3
35482,0
35483,7
35484,7
35485,8
35486,10
35487,7
35488,2
35489,12
35490,11
35491,11
35492,4
35493,10
35494,7
35495,8
35496,1
35497,4
35498,3
35499,3
35500,3
35501,11
35502,1
35503,4
35504,2
35505,0
35506,2
35507,11
35508,10
35509,8
35510,1
35511,12
35512,9
35513,11
35514,2
35515,13
35516,11
35517,12
35518,1
35519,10
35520,12
35521,4
35522,10
35523,10
35524,12
35525,4
35526,2
35527,2
35528,1
35529,2
35530,2
35531,9
35532,2
35533,0
35534,6
35535,10
35536,8
35537,11
35538,6
35539,6
35540,11
35541,6
35542,2
35543,2
35544,8
35545,8
35546,2
35547,11
35548,1
35549,3
35550,0
35551,12
35552,0
35553,9
35554,4
35555,8
35556,11
35557,0
35558,2
35559,0
35560,4
35561,10
35562,2
35563,11
35564,0
35565,9
35566,8
35567,6
35568,7
35569,6
35570,10
35571,0
35572,2
35573,1
35574,11
35575,3
35576,13
35577,6
35578,2
35579,0
35580,11
35581,4
35582,2
35583,1
35584,3
35585,1
35586,12
35587,4
35588,2
35589,12
35590,3
35591,6
35592,10
35593,6
35594,4
35595,13
35596,0
35597,6
35598,3
35599,1
35600,4
35601,12
35602,0
35603,2
35604,12
35605,9
35606,5
35607,6
35608,7
35609,2
35610,0
35611,9
35612,13
35613,8
35614,9
35615,11
35616,8
35617,9
35618,7
35619,7
35620,6
35621,0
35622,11
35623,4
35624,12
35625,9
35626,2
35627,10
35628,6
35629,11
35630,3
35631,11
35632,12
35633,1
35634,4
35635,5
35636,2
35637,10
35638,11
35639,11
35640,12
35641,2
35642,7
35643,3
35644,3
35645,2
35646,13
35647,0
35648,1
35649,13
35650,10
35651,12
35652,3
35653,11
35654,7
35655,6
35656,11
35657,3
35658,4
35659,6
35660,7
35661,7
35662,6
35663,11
35664,11
35665,2
35666,11
35667,12
35668,12
35669,6
35670,9
35671,1
35672,6
35673,10
35674,6
35675,4
35676,1
35677,2
35678,9
35679,8
35680,4
35681,2
35682,8
35683,6
35684,2
35685,9
35686,11
35687,11
35688,11
35689,4
35690,7
35691,0
35692,8
35693,0
35694,2
35695,12
35696,2
35697,7
35698,0
35699,8
35700,9
35701,1
35702,7
35703,11
35704,10
35705,12
35706,11
35707,2
35708,11
35709,1
35710,9
35711,8
35712,4
35713,9
35714,2
35715,10
35716,7
35717,0
35718,2
35719,8
35720,1
35721,7
35722,12
35723,9
35724,11
35725,12
35726,13
35727,4
35728,2
35729,12
35730,2
35731,8
35732,3
35733,0
35734,2
35735,3
35736,9
35737,6
35738,0
35739,8
35740,0
35741,2
35742,6
35743,4
35744,8
35745,1
35746,2
35747,0
35748,8
35749,0
35750,7
35751,4
35752,2
35753,7
35754,11
35755,11
35756,11
35757,6
35758,4
35759,11
35760,8
35761,0
35762,11
35763,4
35764,1
35765,6
35766,8
35767,2
35768,4
35769,0
35770,11
35771,2
35772,9
35773,9
35774,6
35775,2
35776,3
35777,6
35778,7
35779,12
35780,13
35781,12
35782,4
35783,6
35784,9
35785,7
35786,9
35787,2
35788,11
35789,6
35790,0
35791,0
35792,10
35793,6
35794,9
35795,1
35796,1
35797,11
35798,8
35799,7
35800,0
35801,11
35802,10
35803,0
35804,3
35805,10
35806,0
35807,9
35808,11
35809,5
35810,9
35811,7
35812,7
35813,13
35814,2
35815,1
35816,10
35817,8
35818,0
35819,2
35820,4
35821,0
35822,7
35823,7
35824,1
35825,3
35826,0
35827,2
35828,8
35829,11
35830,8
35831,8
35832,11
35833,4
35834,8
35835,10
35836,12
35837,11
35838,6
35839,7
35840,10
35841,0
35842,6
35843,2
35844,0
35845,7
35846,2
35847,8
35848,1
35849,12
35850,2
35851,6
35852,11
35853,10
35854,4
35855,1
35856,11
35857,11
35858,8
35859,7
35860,4
35861,10
35862,0
35863,4
35864,3
35865,10
35866,10
35867,2
35868,11
35869,3
35870,6
35871,2
35872,1
35873,4
35874,2
35875,6
35876,8
35877,4
35878,13
35879,7
35880,9
35881,7
35882,2
35883,7
35884,6
35885,8
35886,8
35887,13
35888,1
35889,11
35890,11
35891,1
35892,12
35893,4
35894,2
35895,11
35896,6
35897,6
35898,3
35899,4
35900,12
35901,9
35902,7
35903,11
35904,8
35905,13
35906,3
35907,7
35908,13
35909,2
35910,3
35911,12
35912,1
35913,1
35914,6
35915,8
35916,9
35917,0
35918,2
35919,6
35920,0
35921,1
35922,5
35923,1
35924,2
35925,1
35926,3
35927,6
35928,6
35929,1
35930,7
35931,0
35932,7
35933,6
35934,1
35935,0
35936,11
35937,7
35938,12
35939,2
35940,6
35941,12
35942,6
35943,6
35944,10
35945,2
35946,1
35947,1
35948,12
35949,0
35950,8
35951,7
35952,8
35953,8
35954,4
35955,4
35956,3
35957,8
35958,0
35959,1
35960,12
35961,7
35962,1
35963,3
35964,8
35965,0
35966,1
35967,9
35968,0
35969,5
35970,8
35971,11
35972,13
35973,10
35974,3
35975,8
35976,6
35977,0
35978,3
35979,10
35980,11
35981,2
35982,10
35983,4
35984,1
35985,2
35986,4
35987,0
35988,8
35989,13
35990,12
35991,0
35992,13
35993,7
35994,9
35995,12
35996,8
35997,1
35998,0
35999,8
36000,12
36001,12
36002,9
36003,6
36004,5
36005,10
36006,11
36007,3
36008,1
36009,12
36010,11
36011,2
36012,2
36013,12
36014,13
36015,12
36016,0
36017,0
36018,11
36019,12
36020,11
36021,11
36022,1
36023,9
36024,8
36025,0
36026,11
36027,0
36028,12
36029,13
36030,10
36031,10
36032,7
36033,11
36034,8
36035,1
36036,1
36037,12
36038,13
36039,9
36040,2
36041,0
36042,9
36043,0
36044,6
36045,7
36046,7
36047,13
36048,2
36049,8
36050,2
36051,0
36052,11
36053,4
36054,3
36055,2
36056,7
36057,12
36058,13
36059,10
36060,8
36061,0
36062,1
36063,6
36064,4
36065,7
36066,0
36067,2
36068,11
36069,12
36070,2
36071,8
36072,0
36073,4
36074,10
36075,0
36076,3
36077,3
36078,11
36079,10
36080,1
36081,4
36082,3
36083,5
36084,9
36085,1
36086,13
36087,6
36088,3
36089,7
36090,6
36091,0
36092,4
36093,5
36094,8
36095,10
36096,12
36097,10
36098,8
36099,0
36100,12
36101,6
36102,8
36103,6
36104,12
36105,7
36106,8
36107,4
36108,3
36109,6
36110,0
36111,0
36112,1
36113,2
36114,4
36115,11
36116,7
36117,7
36118,11
36119,10
36120,7
36121,2
36122,11
36123,9
36124,7
36125,0
36126,1
36127,4
36128,12
36129,12
36130,2
36131,7
36132,8
36133,6
36134,4
36135,8
36136,4
36137,2
36138,7
36139,11
36140,1
36141,12
36142,3
36143,6
36144,11
36145,4
36146,13
36147,11
36148,11
36149,13
36150,10
36151,2
36152,1
36153,2
36154,3
36155,2
36156,13
36157,11
36158,0
36159,6
36160,6
36161,10
36162,12
36163,6
36164,0
36165,2
36166,8
36167,4
36168,2
36169,1
36170,2
36171,6
36172,3
36173,10
36174,7
36175,2
36176,6
36177,1
36178,13
36179,12
36180,7
36181,2
36182,7
36183,11
36184,6
36185,13
36186,7
36187,12
36188,7
36189,10
36190,2
36191,1
36192,4
36193,0
36194,1
36195,12
36196,6
36197,0
36198,7
36199,0
36200,4
36201,13
36202,1
36203,3
36204,0
36205,7
36206,1
36207,7
36208,9
36209,11
36210,10
36211,12
36212,4
36213,13
36214,7
36215,13
36216,13
36217,9
36218,10
36219,4
36220,6
36221,0
36222,4
36223,2
36224,7
36225,2
36226,9
36227,0
36228,0
36229,12
36230,7
36231,0
36232,2
36233,11
36234,0
36235,1
36236,13
36237,6
36238,8
36239,11
36240,11
36241,8
36242,0
36243,10
36244,11
36245,12
36246,1
36247,7
36248,2
36249,8
36250,11
36251,1
36252,1
36253,4
36254,9
36255,11
36256,10
36257,0
36258,6
36259,8
36260,2
36261,0
36262,0
36263,11
36264,8
36265,2
36266,1
36267,1
36268,7
36269,11
36270,0
36271,1
36272,4
36273,0
36274,8
36275,2
36276,10
36277,11
36278,11
36279,10
36280,10
36281,1
36282,13
36283,11
36284,6
36285,11
36286,6
36287,11
36288,7
36289,10
36290,2
36291,2
36292,2
36293,8
36294,12
36295,0
36296,0
36297,6
36298,5
36299,0
36300,12
36301,8
36302,0
36303,12
36304,9
36305,7
36306,0
36307,11
36308,1
36309,7
36310,3
36311,6
36312,2
36313,11
36314,5
36315,1
36316,12
36317,10
36318,12
36319,12
36320,4
36321,13
36322,7
36323,1
36324,2
36325,2
36326,0
36327,0
36328,3
36329,12
36330,3
36331,12
36332,0
36333,2
36334,8
36335,6
36336,3
36337,11
36338,6
36339,2
36340,1
36341,4
36342,8
36343,1
36344,9
36345,10
36346,8
36347,11
36348,11
36349,8
36350,6
36351,11
36352,11
36353,10
36354,7
36355,2
36356,0
36357,8
36358,3
36359,11
36360,4
36361,1
36362,0
36363,4
36364,2
36365,9
36366,1
36367,0
36368,12
36369,11
36370,0
36371,1
36372,11
36373,0
36374,11
36375,6
36376,3
36377,8
36378,3
36379,1
36380,0
36381,1
36382,4
36383,0
36384,9
36385,3
36386,1
36387,10
36388,8
36389,0
36390,1
36391,2
36392,6
36393,7
36394,0
36395,2
36396,2
36397,2
36398,11
36399,1
36400,11
36401,2
36402,12
36403,3
36404,7
36405,4
36406,0
36407,7
36408,9
36409,11
36410,12
36411,10
36412,7
36413,8
36414,6
36415,9
36416,1
36417,1
36418,8
36419,2
36420,12
36421,2
36422,6
36423,2
36424,9
36425,3
36426,0
36427,1
36428,7
36429,9
36430,13
36431,1
36432,4
36433,1
36434,11
36435,11
36436,12
36437,7
36438,0
36439,4
36440,12
36441,3
36442,8
36443,13
36444,1
36445,2
36446,4
36447,4
36448,13
36449,10
36450,1
36451,11
36452,2
36453,10
36454,8
36455,0
36456,5
36457,7
36458,12
36459,4
36460,3
36461,10
36462,4
36463,9
36464,11
36465,10
36466,4
36467,10
36468,11
36469,13
36470,8
36471,7
36472,3
36473,11
36474,5
36475,1
36476,10
36477,6
36478,5
36479,8
36480,10
36481,7
36482,12
36483,13
36484,1
36485,12
36486,5
36487,3
36488,11
36489,6
36490,13
36491,8
36492,1
36493,0
36494,2
36495,7
36496,2
36497,3
36498,12
36499,2
36500,2
36501,1
36502,0
36503,0
36504,7
36505,9
36506,1
36507,10
36508,8
36509,0
36510,10
36511,0
36512,1
36513,1
36514,1
36515,6
36516,10
36517,12
36518,6
36519,2
36520,10
36521,1
36522,3
36523,0
36524,8
36525,4
36526,13
36527,10
36528,9
36529,4
36530,10
36531,6
36532,2
36533,0
36534,7
36535,10
36536,10
36537,10
36538,2
36539,2
36540,1
36541,5
36542,0
36543,11
36544,11
36545,11
36546,13
36547,2
36548,11
36549,0
36550,0
36551,11
36552,4
36553,12
36554,12
36555,2
36556,7
36557,10
36558,6
36559,6
36560,1
36561,6
36562,4
36563,4
36564,0
36565,13
36566,0
36567,3
36568,9
36569,4
36570,7
36571,11
36572,1
36573,9
36574,5
36575,4
36576,6
36577,2
36578,1
36579,12
36580,11
36581,0
36582,11
36583,6
36584,12
36585,10
36586,8
36587,7
36588,2
36589,6
36590,6
36591,8
36592,11
36593,0
36594,0
36595,6
36596,3
36597,2
36598,8
36599,6
36600,3
36601,12
36602,1
36603,7
36604,10
36605,1
36606,7
36607,5
36608,2
36609,12
36610,1
36611,9
36612,11
36613,4
36614,0
36615,1
36616,1
36617,11
36618,11
36619,9
36620,12
36621,9
36622,2
36623,11
36624,2
36625,1
36626,8
36627,2
36628,6
36629,8
36630,0
36631,4
36632,1
36633,9
36634,1
36635,10
36636,10
36637,9
36638,8
36639,6
36640,8
36641,0
36642,9
36643,6
36644,2
36645,2
36646,0
36647,11
36648,13
36649,7
36650,0
36651,10
36652,4
36653,12
36654,11
36655,0
36656,10
36657,8
36658,8
36659,6
36660,3
36661,1
36662,4
36663,2
36664,1
36665,12
36666,2
36667,0
36668,8
36669,0
36670,13
36671,7
36672,2
36673,5
36674,0
36675,2
36676,10
36677,1
36678,9
36679,6
36680,0
36681,6
36682,0
36683,8
36684,7
36685,4
36686,4
36687,7
36688,1
36689,2
36690,3
36691,9
36692,2
36693,11
36694,6
36695,11
36696,4
36697,11
36698,2
36699,1
36700,7
36701,3
36702,0
36703,4
36704,11
36705,0
36706,8
36707,8
36708,10
36709,11
36710,8
36711,13
36712,12
36713,2
36714,10
36715,1
36716,0
36717,6
36718,8
36719,12
36720,11
36721,5
36722,4
36723,0
36724,0
36725,10
36726,0
36727,11
36728,7
36729,10
36730,13
36731,3
36732,9
36733,1
36734,1
36735,3
36736,6
36737,2
36738,13
36739,3
36740,13
36741,11
36742,12
36743,3
36744,10
36745,0
36746,11
36747,13
36748,2
36749,7
36750,10
36751,5
36752,13
36753,3
36754,11
36755,10
36756,1
36757,4
36758,0
36759,1
36760,11
36761,7
36762,2
36763,12
36764,13
36765,0
36766,1
36767,2
36768,13
36769,2
36770,2
36771,3
36772,11
36773,7
36774,8
36775,0
36776,11
36777,1
36778,6
36779,13
36780,1
36781,10
36782,11
36783,3
36784,11
36785,1
36786,10
36787,7
36788,8
36789,11
36790,4
36791,3
36792,12
36793,3
36794,6
36795,11
36796,0
36797,10
36798,3
36799,7
36800,2
36801,8
36802,9
36803,0
36804,9
36805,7
36806,4
36807,10
36808,9
36809,12
36810,11
36811,2
36812,4
36813,2
36814,8
36815,6
36816,1
36817,4
36818,4
36819,9
36820,0
36821,13
36822,13
36823,10
36824,11
36825,12
36826,11
36827,6
36828,2
36829,7
36830,11
36831,2
36832,12
36833,11
36834,7
36835,7
36836,11
36837,2
36838,1
36839,1
36840,1
36841,10
36842,5
36843,11
36844,6
36845,6
36846,13
36847,0
36848,4
36849,11
36850,1
36851,4
36852,4
36853,0
36854,1
36855,7
36856,2
36857,6
36858,2
36859,0
36860,1
36861,8
36862,1
36863,11
36864,7
36865,0
36866,6
36867,2
36868,7
36869,0
36870,1
36871,11
36872,1
36873,11
36874,8
36875,3
36876,6
36877,12
36878,6
36879,0
36880,9
36881,9
36882,4
36883,13
36884,6
36885,4
36886,13
36887,13
36888,1
36889,7
36890,12
36891,2
36892,12
36893,11
36894,2
36895,7
36896,11
36897,3
36898,2
36899,3
36900,1
36901,13
36902,11
36903,3
36904,2
36905,6
36906,2
36907,11
36908,4
36909,8
36910,0
36911,11
36912,12
36913,2
36914,2
36915,12
36916,2
36917,0
36918,12
36919,3
36920,8
36921,12
36922,2
36923,12
36924,4
36925,7
36926,13
36927,7
36928,12
36929,8
36930,1
36931,9
36932,1
36933,0
36934,9
36935,3
36936,12
36937,4
36938,0
36939,8
36940,8
36941,12
36942,12
36943,11
36944,1
36945,2
36946,4
36947,3
36948,3
36949,10
36950,12
36951,2
36952,12
36953,11
36954,3
36955,11
36956,1
36957,7
36958,6
36959,11
36960,11
36961,12
36962,0
36963,1
36964,4
36965,4
36966,6
36967,4
36968,13
36969,2
36970,1
36971,2
36972,10
36973,0
36974,8
36975,1
36976,2
36977,10
36978,12
36979,8
36980,0
36981,2
36982,3
36983,1
36984,0
36985,4
36986,10
36987,13
36988,6
36989,11
36990,1
36991,2
36992,13
36993,11
36994,3
36995,2
36996,2
36997,6
36998,12
36999,2
37000,13
37001,11
37002,7
37003,0
37004,2
37005,12
37006,1
37007,13
37008,0
37009,6
37010,6
37011,7
37012,8
37013,12
37014,11
37015,7
37016,6
37017,0
37018,7
37019,11
37020,2
37021,0
37022,12
37023,0
37024,6
37025,4
37026,7
37027,9
37028,1
37029,3
37030,11
37031,8
37032,6
37033,11
37034,12
37035,12
37036,3
37037,8
37038,4
37039,6
37040,4
37041,9
37042,7
37043,3
37044,1
37045,4
37046,1
37047,6
37048,3
37049,2
37050,4
37051,13
37052,12
37053,3
37054,7
37055,9
37056,2
37057,8
37058,6
37059,6
37060,1
37061,12
37062,12
37063,6
37064,0
37065,9
37066,10
37067,6
37068,8
37069,11
37070,11
37071,11
37072,4
37073,4
37074,2
37075,7
37076,4
37077,3
37078,4
37079,11
37080,6
37081,11
37082,9
37083,4
37084,11
37085,8
37086,9
37087,1
37088,13
37089,4
37090,2
37091,11
37092,3
37093,3
37094,0
37095,11
37096,12
37097,11
37098,11
37099,10
37100,2
37101,12
37102,2
37103,7
37104,6
37105,1
37106,10
37107,0
37108,7
37109,8
37110,11
37111,10
37112,13
37113,11
37114,8
37115,7
37116,12
37117,4
37118,1
37119,9
37120,11
37121,12
37122,3
37123,2
37124,9
37125,8
37126,4
37127,11
37128,2
37129,4
37130,2
37131,0
37132,11
37133,4
37134,4
37135,0
37136,8
37137,4
37138,5
37139,10
37140,6
37141,6
37142,2
37143,8
37144,2
37145,0
37146,12
37147,8
37148,7
37149,11
37150,7
37151,12
37152,12
37153,10
37154,2
37155,0
37156,7
37157,4
37158,4
37159,7
37160,2
37161,7
37162,9
37163,13
37164,2
37165,2
37166,0
37167,7
37168,9
37169,4
37170,2
37171,12
37172,3
37173,8
37174,8
37175,0
37176,1
37177,1
37178,12
37179,10
37180,12
37181,7
37182,12
37183,4
37184,7
37185,12
37186,10
37187,6
37188,1
37189,7
37190,4
37191,1
37192,0
37193,8
37194,11
37195,2
37196,7
37197,12
37198,13
37199,11
37200,2
37201,3
37202,12
37203,8
37204,1
37205,3
37206,2
37207,2
37208,4
37209,12
37210,6
37211,7
37212,1
37213,13
37214,8
37215,4
37216,5
37217,6
37218,1
37219,10
37220,5
37221,9
37222,8
37223,9
37224,6
37225,12
37226,1
37227,1
37228,11
37229,2
37230,1
37231,2
37232,0
37233,13
37234,11
37235,1
37236,2
37237,13
37238,13
37239,8
37240,9
37241,13
37242,12
37243,10
37244,13
37245,2
37246,6
37247,2
37248,6
37249,7
37250,10
37251,10
37252,0
37253,5
37254,0
37255,6
37256,7
37257,0
37258,10
37259,4
37260,11
37261,12
37262,2
37263,11
37264,13
37265,3
37266,2
37267,0
37268,11
37269,6
37270,6
37271,12
37272,8
37273,10
37274,3
37275,10
37276,2
37277,12
37278,11
37279,4
37280,12
37281,3
37282,7
37283,0
37284,6
37285,0
37286,11
37287,11
37288,1
37289,2
37290,7
37291,2
37292,1
37293,4
37294,4
37295,10
37296,8
37297,11
37298,8
37299,8
37300,8
37301,1
37302,1
37303,12
37304,9
37305,11
37306,4
37307,0
37308,8
37309,3
37310,11
37311,9
37312,7
37313,8
37314,11
37315,12
37316,11
37317,8
37318,8
37319,1
37320,7
37321,11
37322,6
37323,11
37324,9
37325,10
37326,7
37327,4
37328,7
37329,4
37330,11
37331,10
37332,10
37333,3
37334,11
37335,0
37336,1
37337,8
37338,12
37339,4
37340,8
37341,1
37342,12
37343,7
37344,11
37345,0
37346,9
37347,0
37348,11
37349,7
37350,8
37351,8
37352,1
37353,0
37354,2
37355,0
37356,6
37357,9
37358,8
37359,4
37360,13
37361,8
37362,3
37363,13
37364,0
37365,2
37366,4
37367,12
37368,7
37369,0
37370,2
37371,0
37372,11
37373,2
37374,2
37375,4
37376,12
37377,11
37378,11
37379,6
37380,0
37381,11
37382,0
37383,3
37384,7
37385,5
37386,4
37387,8
37388,2
37389,13
37390,13
37391,1
37392,10
37393,11
37394,1
37395,0
37396,10
37397,6
37398,2
37399,12
37400,4
37401,0
37402,10
37403,2
37404,8
37405,11
37406,5
37407,2
37408,6
37409,1
37410,10
37411,9
37412,11
37413,7
37414,4
37415,0
37416,13
37417,10
37418,11
37419,1
37420,11
37421,0
37422,5
37423,13
37424,13
37425,10
37426,0
37427,7
37428,11
37429,7
37430,4
37431,8
37432,12
37433,9
37434,4
37435,2
37436,11
37437,0
37438,6
37439,12
37440,1
37441,3
37442,2
37443,5
37444,7
37445,9
37446,8
37447,5
37448,8
37449,9
37450,1
37451,6
37452,2
37453,0
37454,12
37455,12
37456,11
37457,0
37458,4
37459,13
37460,13
37461,7
37462,12
37463,7
37464,8
37465,6
37466,8
37467,1
37468,6
37469,1
37470,11
37471,4
37472,9
37473,0
37474,0
37475,13
37476,13
37477,6
37478,8
37479,8
37480,1
37481,2
37482,3
37483,0
37484,4
37485,1
37486,7
37487,9
37488,3
37489,1
37490,3
37491,12
37492,1
37493,11
37494,11
37495,3
37496,0
37497,4
37498,8
37499,10
37500,13
37501,5
37502,5
37503,7
37504,2
37505,13
37506,1
37507,8
37508,0
37509,6
37510,11
37511,6
37512,4
37513,3
37514,3
37515,12
37516,1
37517,3
37518,9
37519,12
37520,9
37521,12
37522,0
37523,9
37524,12
37525,4
37526,7
37527,6
37528,0
37529,1
37530,3
37531,1
37532,7
37533,11
37534,4
37535,9
37536,9
37537,11
37538,11
37539,6
37540,1
37541,11
37542,6
37543,1
37544,7
37545,5
37546,1
37547,9
37548,8
37549,5
37550,5
37551,2
37552,8
37553,8
37554,0
37555,12
37556,10
37557,1
37558,2
37559,10
37560,12
37561,9
37562,3
37563,1
37564,0
37565,1
37566,6
37567,11
37568,8
37569,3
37570,4
37571,10
37572,11
37573,0
37574,3
37575,4
37576,9
37577,11
37578,0
37579,1
37580,8
37581,0
37582,1
37583,7
37584,11
37585,3
37586,9
37587,2
37588,6
37589,12
37590,3
37591,10
37592,9
37593,1
37594,13
37595,1
37596,11
37597,2
37598,1
37599,6
37600,9
37601,7
37602,11
37603,6
37604,4
37605,6
37606,6
37607,10
37608,7
37609,3
37610,11
37611,2
37612,10
37613,4
37614,13
37615,5
37616,11
37617,9
37618,6
37619,1
37620,11
37621,0
37622,6
37623,12
37624,10
37625,7
37626,11
37627,1
37628,13
37629,0
37630,7
37631,2
37632,8
37633,8
37634,8
37635,6
37636,9
37637,12
37638,7
37639,13
37640,0
37641,10
37642,1
37643,3
37644,13
37645,0
37646,9
37647,2
37648,10
37649,4
37650,0
37651,0
37652,5
37653,13
37654,13
37655,12
37656,8
37657,11
37658,6
37659,12
37660,10
37661,13
37662,1
37663,13
37664,7
37665,1
37666,3
37667,10
37668,2
37669,7
37670,1
37671,3
37672,5
37673,2
37674,1
37675,11
37676,8
37677,1
37678,8
37679,11
37680,7
37681,9
37682,11
37683,10
37684,9
37685,2
37686,3
37687,2
37688,9
37689,2
37690,0
37691,1
37692,1
37693,10
37694,1
37695,11
37696,0
37697,13
37698,11
37699,12
37700,0
37701,12
37702,6
37703,0
37704,4
37705,3
37706,1
37707,6
37708,2
37709,1
37710,11
37711,6
37712,13
37713,13
37714,10
37715,8
37716,0
37717,3
37718,6
37719,2
37720,12
37721,0
37722,12
37723,1
37724,1
37725,0
37726,1
37727,4
37728,3
37729,2
37730,1
37731,11
37732,0
37733,11
37734,2
37735,7
37736,6
37737,0
37738,13
37739,4
37740,3
37741,2
37742,6
37743,13
37744,12
37745,6
37746,1
37747,6
37748,6
37749,3
37750,0
37751,6
37752,1
37753,1
37754,12
37755,2
37756,7
37757,8
37758,13
37759,11
37760,12
37761,0
37762,8
37763,2
37764,0
37765,12
37766,11
37767,2
37768,6
37769,12
37770,8
37771,4
37772,12
37773,8
37774,10
37775,11
37776,11
37777,11
37778,12
37779,3
37780,11
37781,7
37782,1
37783,1
37784,5
37785,0
37786,10
37787,12
37788,11
37789,6
37790,2
37791,2
37792,6
37793,4
37794,11
37795,12
37796,13
37797,10
37798,7
37799,13
37800,1
37801,0
37802,2
37803,10
37804,1
37805,4
37806,4
37807,0
37808,12
37809,5
37810,4
37811,10
37812,10
37813,1
37814,8
37815,10
37816,4
37817,8
37818,11
37819,3
37820,8
37821,3
37822,4
37823,11
37824,2
37825,2
37826,5
37827,0
37828,13
37829,10
37830,1
37831,13
37832,12
37833,0
37834,1
37835,9
37836,0
37837,12
37838,8
37839,1
37840,2
37841,11
37842,12
37843,4
37844,1
37845,8
37846,6
37847,11
37848,9
37849,2
37850,1
37851,7
37852,0
37853,8
37854,0
37855,6
37856,8
37857,0
37858,3
37859,3
37860,2
37861,0
37862,6
37863,11
37864,13
37865,11
37866,7
37867,9
37868,9
37869,13
37870,1
37871,0
37872,2
37873,4
37874,12
37875,3
37876,11
37877,4
37878,4
37879,12
37880,9
37881,1
37882,12
37883,8
37884,2
37885,11
37886,9
37887,10
37888,1
37889,9
37890,1
37891,7
37892,12
37893,12
37894,4
37895,7
37896,0
37897,9
37898,12
37899,4
37900,1
37901,1
37902,6
37903,0
37904,8
37905,3
37906,4
37907,10
37908,8
37909,12
37910,3
37911,0
37912,8
37913,3
37914,12
37915,9
37916,1
37917,1
37918,2
37919,10
37920,0
37921,11
37922,11
37923,8
37924,11
37925,8
37926,7
37927,1
37928,11
37929,13
37930,2
37931,8
37932,4
37933,9
37934,6
37935,0
37936,7
37937,2
37938,2
37939,11
37940,9
37941,6
37942,2
37943,1
37944,12
37945,1
37946,0
37947,1
37948,2
37949,2
37950,12
37951,8
37952,11
37953,8
37954,8
37955,2
37956,2
37957,11
37958,4
37959,13
37960,0
37961,1
37962,3
37963,2
37964,8
37965,2
37966,4
37967,13
37968,1
37969,2
37970,0
37971,1
37972,5
37973,11
37974,7
37975,9
37976,0
37977,11
37978,0
37979,4
37980,2
37981,10
37982,4
37983,6
37984,11
37985,6
37986,10
37987,12
37988,1
37989,2
37990,7
37991,9
37992,8
37993,2
37994,12
37995,1
37996,10
37997,3
37998,7
37999,7
38000,1
38001,9
38002,11
38003,7
38004,0
38005,9
38006,12
38007,0
38008,12
38009,9
38010,11
38011,0
38012,12
38013,7
38014,10
38015,3
38016,7
38017,1
38018,4
38019,11
38020,8
38021,13
38022,0
38023,9
38024,0
38025,8
38026,8
38027,6
38028,9
38029,2
38030,3
38031,1
38032,7
38033,12
38034,2
38035,4
38036,2
38037,5
38038,2
38039,0
38040,7
38041,10
38042,2
38043,9
38044,7
38045,11
38046,11
38047,8
38048,11
38049,4
38050,6
38051,7
38052,10
38053,4
38054,1
38055,9
38056,13
38057,0
38058,2
38059,6
38060,3
38061,9
38062,2
38063,0
38064,1
38065,8
38066,0
38067,6
38068,13
38069,3
38070,1
38071,11
38072,6
38073,2
38074,0
38075,0
38076,12
38077,3
38078,2
38079,4
38080,10
38081,5
38082,2
38083,6
38084,4
38085,0
38086,1
38087,7
38088,4
38089,2
38090,0
38091,13
38092,13
38093,9
38094,1
38095,8
38096,8
38097,4
38098,1
38099,2
38100,4
38101,6
38102,10
38103,8
38104,11
38105,6
38106,10
38107,12
38108,10
38109,2
38110,8
38111,11
38112,6
38113,7
38114,6
38115,2
38116,6
38117,0
38118,10
38119,12
38120,9
38121,8
38122,8
38123,3
38124,1
38125,6
38126,0
38127,10
38128,10
38129,1
38130,2
38131,4
38132,1
38133,2
38134,3
38135,12
38136,10
38137,11
38138,0
38139,2
38140,0
38141,11
38142,1
38143,11
38144,12
38145,12
38146,2
38147,7
38148,10
38149,10
38150,8
38151,9
38152,6
38153,8
38154,6
38155,4
38156,10
38157,3
38158,7
38159,5
38160,4
38161,5
38162,6
38163,0
38164,2
38165,1
38166,3
38167,8
38168,8
38169,12
38170,2
38171,6
38172,6
38173,10
38174,1
38175,8
38176,13
38177,4
38178,2
38179,4
38180,4
38181,0
38182,12
38183,10
38184,1
38185,1
38186,0
38187,7
38188,3
38189,4
38190,12
38191,12
38192,2
38193,4
38194,1
38195,11
38196,11
38197,6
38198,11
38199,2
38200,6
38201,6
38202,10
38203,12
38204,9
38205,8
38206,6
38207,1
38208,8
38209,11
38210,3
38211,1
38212,9
38213,6
38214,1
38215,12
38216,4
38217,12
38218,2
38219,0
38220,8
38221,0
38222,1
38223,0
38224,0
38225,1
38226,11
38227,6
38228,6
38229,10
38230,11
38231,3
38232,8
38233,8
38234,8
38235,12
38236,11
38237,11
38238,1
38239,11
38240,2
38241,7
38242,3
38243,2
38244,11
38245,6
38246,6
38247,9
38248,10
38249,2
38250,3
38251,13
38252,7
38253,4
38254,10
38255,2
38256,4
38257,7
38258,2
38259,11
38260,0
38261,11
38262,13
38263,11
38264,3
38265,4
38266,0
38267,6
38268,0
38269,2
38270,10
38271,1
38272,11
38273,10
38274,0
38275,7
38276,8
38277,1
38278,3
38279,0
38280,7
38281,8
38282,9
38283,4
38284,10
38285,8
38286,10
38287,6
38288,9
38289,1
38290,0
38291,4
38292,11
38293,1
38294,1
38295,6
38296,6
38297,7
38298,1
38299,8
38300,8
38301,8
38302,2
38303,13
38304,7
38305,4
38306,1
38307,8
38308,4
38309,2
38310,1
38311,8
38312,11
38313,11
38314,2
38315,6
38316,4
38317,11
38318,8
38319,9
38320,13
38321,4
38322,11
38323,1
38324,6
38325,3
38326,3
38327,1
38328,12
38329,10
38330,1
38331,0
38332,0
38333,12
38334,2
38335,12
38336,8
38337,9
38338,10
38339,11
38340,11
38341,10
38342,8
38343,8
38344,9
38345,8
38346,0
38347,7
38348,13
38349,0
38350,10
38351,2
38352,12
38353,6
38354,4
38355,12
38356,4
38357,6
38358,1
38359,13
38360,1
38361,4
38362,3
38363,2
38364,8
38365,9
38366,10
38367,2
38368,2
38369,1
38370,6
38371,2
38372,8
38373,2
38374,0
38375,12
38376,7
38377,10
38378,1
38379,9
38380,0
38381,0
38382,3
38383,4
38384,2
38385,10
38386,11
38387,2
38388,13
38389,12
38390,3
38391,12
38392,2
38393,9
38394,4
38395,4
38396,4
38397,3
38398,10
38399,5
38400,7
38401,1
38402,11
38403,5
38404,6
38405,4
38406,11
38407,4
38408,0
38409,0
38410,7
38411,10
38412,13
38413,8
38414,9
38415,7
38416,8
38417,2
38418,12
38419,7
38420,12
38421,2
38422,1
38423,2
38424,0
38425,9
38426,8
38427,1
38428,2
38429,12
38430,8
38431,9
38432,2
38433,12
38434,11
38435,8
38436,3
38437,4
38438,8
38439,3
38440,5
38441,10
38442,7
38443,4
38444,2
38445,4
38446,2
38447,0
38448,10
38449,11
38450,8
38451,1
38452,10
38453,1
38454,0
38455,10
38456,11
38457,4
38458,13
38459,11
38460,4
38461,1
38462,0
38463,12
38464,5
38465,1
38466,10
38467,13
38468,5
38469,11
38470,10
38471,0
38472,1
38473,0
38474,8
38475,1
38476,0
38477,13
38478,13
38479,9
38480,12
38481,1
38482,9
38483,2
38484,4
38485,4
38486,9
38487,7
38488,1
38489,2
38490,0
38491,10
38492,0
38493,3
38494,11
38495,3
38496,0
38497,1
38498,7
38499,10
38500,11
38501,9
38502,12
38503,7
38504,9
38505,1
38506,9
38507,4
38508,6
38509,1
38510,1
38511,10
38512,10
38513,6
38514,11
38515,8
38516,10
38517,4
38518,0
38519,8
38520,7
38521,2
38522,6
38523,10
38524,6
38525,1
38526,8
38527,12
38528,11
38529,8
38530,7
38531,0
38532,3
38533,13
38534,6
38535,5
38536,6
38537,8
38538,0
38539,1
38540,6
38541,1
38542,1
38543,12
38544,1
38545,0
38546,11
38547,12
38548,7
38549,5
38550,11
38551,4
38552,9
38553,1
38554,4
38555,12
38556,2
38557,3
38558,10
38559,11
38560,10
38561,1
38562,1
38563,4
38564,8
38565,0
38566,0
38567,1
38568,8
38569,9
38570,7
38571,6
38572,6
38573,10
38574,7
38575,1
38576,10
38577,1
38578,10
38579,8
38580,0
38581,8
38582,3
38583,11
38584,4
38585,13
38586,2
38587,1
38588,2
38589,6
38590,11
38591,7
38592,6
38593,7
38594,4
38595,4
38596,7
38597,4
38598,12
38599,2
38600,6
38601,13
38602,3
38603,11
38604,1
38605,13
38606,12
38607,2
38608,4
38609,0
38610,11
38611,0
38612,3
38613,3
38614,0
38615,13
38616,10
38617,4
38618,0
38619,2
38620,0
38621,7
38622,4
38623,1
38624,13
38625,10
38626,7
38627,1
38628,2
38629,12
38630,11
38631,11
38632,0
38633,11
38634,3
38635,8
38636,10
38637,0
38638,10
38639,9
38640,8
38641,1
38642,0
38643,8
38644,10
38645,11
38646,6
38647,13
38648,9
38649,0
38650,12
38651,3
38652,8
38653,7
38654,6
38655,12
38656,0
38657,1
38658,4
38659,2
38660,6
38661,2
38662,10
38663,11
38664,7
38665,11
38666,1
38667,9
38668,7
38669,1
38670,9
38671,2
38672,13
38673,11
38674,10
38675,11
38676,0
38677,10
38678,1
38679,2
38680,1
38681,8
38682,6
38683,11
38684,10
38685,13
38686,5
38687,4
38688,5
38689,4
38690,5
38691,5
38692,1
38693,9
38694,2
38695,11
38696,6
38697,12
38698,13
38699,1
38700,2
38701,0
38702,12
38703,11
38704,0
38705,10
38706,6
38707,1
38708,4
38709,13
38710,2
38711,10
38712,8
38713,1
38714,13
38715,7
38716,4
38717,1
38718,0
38719,9
38720,0
38721,12
38722,2
38723,0
38724,13
38725,1
38726,2
38727,12
38728,1
38729,2
38730,3
38731,12
38732,2
38733,0
38734,5
38735,2
38736,2
38737,2
38738,12
38739,13
38740,13
38741,1
38742,8
38743,4
38744,9
38745,3
38746,0
38747,4
38748,8
38749,3
38750,7
38751,9
38752,12
38753,4
38754,6
38755,6
38756,12
38757,1
38758,11
38759,0
38760,6
38761,12
38762,0
38763,10
38764,2
38765,0
38766,9
38767,10
38768,11
38769,7
38770,12
38771,4
38772,2
38773,12
38774,11
38775,0
38776,8
38777,2
38778,7
38779,4
38780,7
38781,1
38782,2
38783,0
38784,6
38785,6
38786,1
38787,11
38788,2
38789,1
38790,13
38791,8
38792,13
38793,11
38794,12
38795,4
38796,10
38797,0
38798,11
38799,4
38800,12
38801,2
38802,11
38803,12
38804,9
38805,1
38806,11
38807,8
38808,11
38809,11
38810,8
38811,2
38812,2
38813,1
38814,11
38815,1
38816,12
38817,7
38818,6
38819,10
38820,4
38821,0
38822,12
38823,7
38824,12
38825,7
38826,10
38827,1
38828,12
38829,7
38830,4
38831,4
38832,1
38833,1
38834,6
38835,13
38836,4
38837,1
38838,2
38839,4
38840,2
38841,13
38842,13
38843,9
38844,6
38845,0
38846,6
38847,1
38848,0
38849,0
38850,0
38851,9
38852,12
38853,8
38854,13
38855,0
38856,4
38857,4
38858,9
38859,12
38860,1
38861,11
38862,10
38863,11
38864,4
38865,12
38866,6
38867,4
38868,4
38869,4
38870,4
38871,4
38872,12
38873,1
38874,0
38875,8
38876,8
38877,1
38878,13
38879,4
38880,8
38881,3
38882,2
38883,0
38884,8
38885,7
38886,0
38887,10
38888,11
38889,8
38890,7
38891,12
38892,6
38893,3
38894,4
38895,13
38896,8
38897,8
38898,3
38899,4
38900,3
38901,1
38902,4
38903,4
38904,4
38905,11
38906,4
38907,8
38908,12
38909,9
38910,1
38911,8
38912,1
38913,0
38914,1
38915,0
38916,12
38917,2
38918,1
38919,3
38920,0
38921,6
38922,7
38923,11
38924,0
38925,10
38926,2
38927,8
38928,10
38929,8
38930,0
38931,6
38932,4
38933,7
38934,8
38935,2
38936,7
38937,11
38938,1
38939,12
38940,9
38941,9
38942,6
38943,3
38944,2
38945,6
38946,12
38947,6
38948,1
38949,11
38950,1
38951,13
38952,12
38953,10
38954,11
38955,8
38956,2
38957,4
38958,13
38959,0
38960,11
38961,4
38962,6
38963,8
38964,1
38965,12
38966,13
38967,13
38968,9
38969,0
38970,7
38971,12
38972,8
38973,2
38974,11
38975,11
38976,12
38977,8
38978,1
38979,10
38980,0
38981,12
38982,0
38983,1
38984,10
38985,5
38986,11
38987,11
38988,10
38989,13
38990,10
38991,4
38992,7
38993,6
38994,1
38995,11
38996,7
38997,7
38998,8
38999,12
39000,4
39001,0
39002,10
39003,9
39004,5
39005,13
39006,3
39007,11
39008,11
39009,4
39010,13
39011,1
39012,2
39013,2
39014,12
39015,12
39016,11
39017,2
39018,13
39019,3
39020,8
39021,6
39022,0
39023,13
39024,8
39025,0
39026,4
39027,12
39028,10
39029,3
39030,3
39031,11
39032,8
39033,0
39034,12
39035,8
39036,2
39037,4
39038,9
39039,12
39040,6
39041,12
39042,7
39043,2
39044,11
39045,11
39046,0
39047,6
39048,12
39049,1
39050,11
39051,7
39052,10
39053,0
39054,2
39055,7
39056,1
39057,12
39058,8
39059,11
39060,7
39061,1
39062,8
39063,12
39064,4
39065,0
39066,2
39067,7
39068,0
39069,8
39070,9
39071,11
39072,8
39073,7
39074,11
39075,1
39076,11
39077,0
39078,4
39079,10
39080,12
39081,12
39082,12
39083,2
39084,4
39085,13
39086,2
39087,11
39088,9
39089,6
39090,6
39091,12
39092,10
39093,11
39094,7
39095,12
39096,12
39097,7
39098,12
39099,10
39100,1
39101,7
39102,13
39103,12
39104,10
39105,11
39106,0
39107,0
39108,10
39109,0
39110,12
39111,2
39112,9
39113,8
39114,1
39115,7
39116,6
39117,2
39118,4
39119,0
39120,6
39121,11
39122,0
39123,2
39124,11
39125,7
39126,0
39127,8
39128,2
39129,1
39130,11
39131,7
39132,12
39133,10
39134,11
39135,11
39136,7
39137,0
39138,1
39139,11
39140,13
39141,11
39142,4
39143,10
39144,0
39145,5
39146,9
39147,5
39148,2
39149,9
39150,2
39151,1
39152,12
39153,7
39154,0
39155,8
39156,9
39157,1
39158,8
39159,3
39160,12
39161,2
39162,6
39163,0
39164,5
39165,8
39166,7
39167,7
39168,6
39169,10
39170,10
39171,10
39172,1
39173,3
39174,2
39175,2
39176,0
39177,12
39178,2
39179,0
39180,7
39181,6
39182,10
39183,11
39184,12
39185,4
39186,2
39187,7
39188,11
39189,8
39190,7
39191,0
39192,7
39193,4
39194,4
39195,8
39196,5
39197,0
39198,1
39199,3
39200,7
39201,4
39202,12
39203,6
39204,12
39205,12
39206,6
39207,9
39208,4
39209,10
39210,2
39211,7
39212,8
39213,2
39214,2
39215,2
39216,11
39217,6
39218,11
39219,1
39220,6
39221,4
39222,9
39223,6
39224,1
39225,4
39226,6
39227,11
39228,10
39229,11
39230,9
39231,4
39232,10
39233,13
39234,7
39235,9
39236,11
39237,7
39238,12
39239,9
39240,12
39241,5
39242,13
39243,7
39244,11
39245,12
39246,3
39247,2
39248,9
39249,11
39250,12
39251,0
39252,2
39253,0
39254,10
39255,11
39256,12
39257,10
39258,11
39259,10
39260,13
39261,10
39262,9
39263,2
39264,12
39265,10
39266,9
39267,2
39268,4
39269,8
39270,11
39271,8
39272,11
39273,11
39274,11
39275,6
39276,2
39277,13
39278,2
39279,0
39280,2
39281,1
39282,2
39283,1
39284,3
39285,1
39286,3
39287,11
39288,4
39289,7
39290,12
39291,6
39292,11
39293,7
39294,8
39295,1
39296,9
39297,1
39298,13
39299,7
39300,12
39301,12
39302,4
39303,6
39304,9
39305,11
39306,2
39307,0
39308,11
39309,3
39310,3
39311,5
39312,8
39313,4
39314,13
39315,1
39316,3
39317,4
39318,1
39319,0
39320,7
39321,7
39322,4
39323,1
39324,8
39325,2
39326,1
39327,0
39328,2
39329,7
39330,11
39331,7
39332,2
39333,1
39334,13
39335,4
39336,7
39337,9
39338,11
39339,4
39340,9
39341,12
39342,11
39343,10
39344,11
39345,9
39346,11
39347,0
39348,2
39349,10
39350,9
39351,4
39352,13
39353,0
39354,4
39355,0
39356,13
39357,2
39358,3
39359,2
39360,10
39361,9
39362,2
39363,8
39364,0
39365,2
39366,2
39367,7
39368,6
39369,7
39370,0
39371,1
39372,4
39373,8
39374,9
39375,3
39376,9
39377,10
39378,2
39379,1
39380,7
39381,11
39382,8
39383,12
39384,0
39385,12
39386,7
39387,9
39388,12
39389,2
39390,12
39391,6
39392,2
39393,2
39394,11
39395,7
39396,6
39397,13
39398,4
39399,2
39400,8
39401,3
39402,10
39403,0
39404,3
39405,9
39406,11
39407,7
39408,2
39409,3
39410,13
39411,11
39412,6
39413,7
39414,6
39415,2
39416,3
39417,0
39418,0
39419,1
39420,6
39421,2
39422,4
39423,10
39424,2
39425,12
39426,3
39427,4
39428,12
39429,0
39430,12
39431,11
39432,0
39433,8
39434,12
39435,0
39436,1
39437,8
39438,8
39439,8
39440,8
39441,4
39442,0
39443,11
39444,7
39445,4
39446,5
39447,4
39448,0
39449,10
39450,10
39451,1
39452,4
39453,0
39454,2
39455,2
39456,11
39457,2
39458,8
39459,7
39460,7
39461,7
39462,7
39463,1
39464,1
39465,0
39466,4
39467,7
39468,12
39469,2
39470,8
39471,11
39472,4
39473,7
39474,12
39475,0
39476,2
39477,11
39478,12
39479,10
39480,1
39481,1
39482,9
39483,0
39484,11
39485,11
39486,12
39487,4
39488,13
39489,2
39490,4
39491,0
39492,12
39493,13
39494,3
39495,10
39496,4
39497,9
39498,1
39499,13
39500,9
39501,5
39502,6
39503,2
39504,0
39505,13
39506,13
39507,1
39508,13
39509,0
39510,1
39511,1
39512,9
39513,2
39514,12
39515,8
39516,6
39517,0
39518,9
39519,13
39520,13
39521,13
39522,8
39523,1
39524,4
39525,1
39526,0
39527,12
39528,2
39529,9
39530,8
39531,10
39532,2
39533,1
39534,6
39535,6
39536,8
39537,2
39538,8
39539,2
39540,9
39541,3
39542,10
39543,7
39544,6
39545,10
39546,0
39547,5
39548,12
39549,0
39550,9
39551,4
39552,12
39553,12
39554,6
39555,12
39556,3
39557,1
39558,3
39559,0
39560,12
39561,0
39562,11
39563,12
39564,2
39565,8
39566,1
39567,4
39568,4
39569,6
39570,12
39571,12
39572,1
39573,4
39574,6
39575,11
39576,13
39577,11
39578,0
39579,7
39580,2
39581,11
39582,1
39583,3
39584,6
39585,9
39586,10
39587,13
39588,3
39589,3
39590,0
39591,0
39592,8
39593,10
39594,11
39595,0
39596,1
39597,3
39598,12
39599,9
39600,13
39601,4
39602,11
39603,13
39604,13
39605,11
39606,11
39607,7
39608,11
39609,1
39610,8
39611,7
39612,7
39613,8
39614,1
39615,8
39616,1
39617,4
39618,7
39619,8
39620,7
39621,6
39622,3
39623,0
39624,1
39625,12
39626,11
39627,8
39628,11
39629,1
39630,0
39631,7
39632,2
39633,2
39634,4
39635,7
39636,4
39637,10
39638,13
39639,2
39640,4
39641,1
39642,1
39643,1
39644,10
39645,12
39646,0
39647,10
39648,6
39649,11
39650,12
39651,0
39652,11
39653,1
39654,0
39655,11
39656,2
39657,6
39658,12
39659,11
39660,1
39661,4
39662,4
39663,12
39664,3
39665,11
39666,13
39667,8
39668,3
39669,6
39670,11
39671,0
39672,4
39673,12
39674,2
39675,13
39676,13
39677,11
39678,4
39679,12
39680,12
39681,11
39682,11
39683,11
39684,1
39685,8
39686,0
39687,11
39688,2
39689,3
39690,10
39691,0
39692,13
39693,11
39694,0
39695,2
39696,2
39697,2
39698,7
39699,8
39700,5
39701,7
39702,8
39703,11
39704,2
39705,0
39706,5
39707,2
39708,1
39709,13
39710,11
39711,1
39712,2
39713,5
39714,0
39715,10
39716,3
39717,5
39718,1
39719,11
39720,5
39721,2
39722,2
39723,2
39724,6
39725,12
39726,12
39727,11
39728,11
39729,2
39730,2
39731,1
39732,12
39733,6
39734,3
39735,3
39736,0
39737,0
39738,11
39739,3
39740,3
39741,0
39742,13
39743,7
39744,12
39745,1
39746,6
39747,7
39748,9
39749,4
39750,8
39751,2
39752,10
39753,0
39754,3
39755,11
39756,8
39757,7
39758,7
39759,6
39760,9
39761,9
39762,10
39763,2
39764,8
39765,13
39766,0
39767,0
39768,9
39769,1
39770,3
39771,11
39772,11
39773,7
39774,2
39775,11
39776,4
39777,1
39778,11
39779,4
39780,2
39781,1
39782,6
39783,13
39784,2
39785,8
39786,0
39787,13
39788,10
39789,11
39790,0
39791,6
39792,4
39793,6
39794,11
39795,12
39796,4
39797,6
39798,8
39799,6
39800,3
39801,8
39802,11
39803,11
39804,6
39805,11
39806,9
39807,10
39808,7
39809,0
39810,9
39811,8
39812,0
39813,9
39814,7
39815,9
39816,12
39817,7
39818,13
39819,1
39820,1
39821,13
39822,0
39823,0
39824,0
39825,7
39826,1
39827,1
39828,7
39829,8
39830,1
39831,4
39832,0
39833,8
39834,2
39835,11
39836,13
39837,13
39838,0
39839,4
39840,7
39841,1
39842,7
39843,6
39844,7
39845,7
39846,11
39847,11
39848,12
39849,11
39850,10
39851,6
39852,6
39853,4
39854,1
39855,10
39856,0
39857,12
39858,2
39859,1
39860,13
39861,0
39862,11
39863,4
39864,11
39865,7
39866,13
39867,0
39868,0
39869,3
39870,1
39871,10
39872,0
39873,7
39874,13
39875,6
39876,7
39877,7
39878,2
39879,4
39880,12
39881,12
39882,0
39883,4
39884,6
39885,2
39886,13
39887,12
39888,1
39889,2
39890,5
39891,6
39892,0
39893,11
39894,5
39895,10
39896,6
39897,2
39898,11
39899,11
39900,10
39901,4
39902,0
39903,10
39904,7
39905,6
39906,6
39907,12
39908,2
39909,11
39910,2
39911,5
39912,2
39913,11
39914,2
39915,10
39916,1
39917,0
39918,2
39919,4
39920,1
39921,6
39922,11
39923,2
39924,6
39925,6
39926,3
39927,13
39928,5
39929,11
39930,11
39931,12
39932,13
39933,12
39934,7
39935,12
39936,10
39937,1
39938,7
39939,2
39940,1
39941,1
39942,4
39943,6
39944,11
39945,9
39946,3
39947,0
39948,2
39949,12
39950,2
39951,4
39952,12
39953,0
39954,10
39955,6
39956,1
39957,6
39958,13
39959,6
39960,8
39961,4
39962,7
39963,11
39964,1
39965,2
39966,13
39967,11
39968,8
39969,4
39970,7
39971,6
39972,7
39973,10
39974,13
39975,2
39976,0
39977,12
39978,3
39979,6
39980,1
39981,8
39982,0
39983,8
39984,13
39985,13
39986,7
39987,9
39988,3
39989,7
39990,10
39991,11
39992,4
39993,0
39994,7
39995,7
39996,7
39997,4
39998,2
39999,9
40000,1
40001,6
40002,4
40003,4
40004,1
40005,4
40006,0
40007,13
40008,6
40009,1
40010,10
40011,4
40012,2
40013,2
40014,12
40015,0
40016,11
40017,2
40018,10
40019,11
40020,13
40021,3
40022,0
40023,0
40024,1
40025,0
40026,4
40027,11
40028,6
40029,12
40030,13
40031,11
40032,6
40033,11
40034,12
40035,4
40036,0
40037,6
40038,0
40039,6
40040,10
40041,7
40042,7
40043,11
40044,0
40045,6
40046,10
40047,4
40048,0
40049,12
40050,0
40051,12
40052,6
40053,1
40054,11
40055,0
40056,1
40057,13
40058,4
40059,0
40060,0
40061,10
40062,8
40063,7
40064,7
40065,0
40066,11
40067,1
40068,11
40069,2
40070,1
40071,9
40072,6
40073,2
40074,1
40075,12
40076,2
40077,1
40078,11
40079,3
40080,1
40081,6
40082,4
40083,4
40084,1
40085,7
40086,11
40087,2
40088,8
40089,4
40090,7
40091,1
40092,8
40093,13
40094,12
40095,11
40096,8
40097,11
40098,4
40099,11
40100,10
40101,7
40102,4
40103,10
40104,0
40105,2
40106,0
40107,2
40108,3
40109,5
40110,0
40111,5
40112,7
40113,11
40114,0
40115,2
40116,2
40117,6
40118,12
40119,1
40120,11
40121,6
40122,8
40123,3
40124,13
40125,12
40126,1
40127,7
40128,6
40129,7
40130,11
40131,12
40132,6
40133,10
40134,7
40135,1
40136,1
40137,10
40138,13
40139,13
40140,11
40141,6
40142,4
40143,8
40144,0
40145,6
40146,13
40147,2
40148,8
40149,11
40150,1
40151,7
40152,12
40153,6
40154,11
40155,6
40156,0
40157,1
40158,0
40159,1
40160,0
40161,2
40162,6
40163,6
40164,11
40165,2
40166,3
40167,0
40168,4
40169,13
40170,13
40171,7
40172,7
40173,7
40174,2
40175,11
40176,2
40177,4
40178,6
40179,2
40180,1
40181,1
40182,13
40183,11
40184,2
40185,10
40186,2
40187,8
40188,1
40189,2
40190,10
40191,9
40192,3
40193,0
40194,12
40195,1
40196,6
40197,2
40198,10
40199,2
40200,13
40201,5
40202,9
40203,12
40204,2
40205,8
40206,4
40207,10
40208,10
40209,9
40210,1
40211,13
40212,11
40213,13
40214,13
40215,8
40216,11
40217,8
40218,1
40219,8
40220,9
40221,2
40222,9
40223,6
40224,10
40225,9
40226,10
40227,10
40228,12
40229,2
40230,11
40231,4
40232,4
40233,11
40234,6
40235,11
40236,1
40237,1
40238,6
40239,11
40240,12
40241,8
40242,1
40243,11
40244,8
40245,12
40246,3
40247,11
40248,2
40249,2
40250,10
40251,13
40252,10
40253,0
40254,11
40255,12
40256,0
40257,12
40258,2
40259,0
40260,12
40261,6
40262,2
40263,11
40264,7
40265,3
40266,0
40267,2
40268,2
40269,3
40270,8
40271,11
40272,13
40273,11
40274,1
40275,2
40276,8
40277,9
40278,2
40279,7
40280,12
40281,0
40282,4
40283,6
40284,6
40285,12
40286,9
40287,9
40288,12
40289,10
40290,7
40291,2
40292,4
40293,8
40294,8
40295,4
40296,8
40297,10
40298,7
40299,11
40300,4
40301,8
40302,11
40303,7
40304,1
40305,4
40306,12
40307,0
40308,1
40309,0
40310,2
40311,5
40312,11
40313,12
40314,13
40315,1
40316,8
40317,3
40318,2
40319,10
40320,1
40321,4
40322,2
40323,0
40324,0
40325,12
40326,3
40327,0
40328,3
40329,11
40330,0
40331,4
40332,11
40333,7
40334,7
40335,12
40336,7
40337,6
40338,8
40339,1
40340,3
40341,12
40342,13
40343,10
40344,13
40345,11
40346,13
40347,0
40348,12
40349,0
40350,7
40351,4
40352,3
40353,7
40354,2
40355,6
40356,9
40357,1
40358,6
40359,1
40360,4
40361,9
40362,4
40363,0
40364,8
40365,11
40366,12
40367,4
40368,10
40369,5
40370,2
40371,4
40372,7
40373,12
40374,0
40375,8
40376,4
40377,9
40378,8
40379,1
40380,6
40381,0
40382,7
40383,6
40384,4
40385,11
40386,2
40387,2
40388,4
40389,1
40390,2
40391,11
40392,12
40393,13
40394,7
40395,8
40396,5
40397,13
40398,11
40399,7
40400,4
40401,12
40402,0
40403,3
40404,1
40405,11
40406,9
40407,1
40408,0
40409,2
40410,8
40411,9
40412,0
40413,7
40414,10
40415,0
40416,8
40417,4
40418,12
40419,11
40420,4
40421,2
40422,7
40423,13
40424,11
40425,3
40426,13
40427,4
40428,0
40429,12
40430,3
40431,6
40432,10
40433,1
40434,2
40435,1
40436,12
40437,6
40438,4
40439,3
40440,2
40441,6
40442,1
40443,6
40444,4
40445,0
40446,2
40447,13
40448,6
40449,1
40450,0
40451,0
40452,13
40453,7
40454,4
40455,7
40456,5
40457,9
40458,2
40459,6
40460,8
40461,0
40462,6
40463,4
40464,11
40465,0
40466,7
40467,9
40468,10
40469,8
40470,7
40471,12
40472,6
40473,2
40474,13
40475,8
40476,0
40477,2
40478,7
40479,11
40480,10
40481,13
40482,4
40483,0
40484,4
40485,2
40486,1
40487,2
40488,0
40489,12
40490,10
40491,9
40492,8
40493,2
40494,2
40495,11
40496,12
40497,6
40498,12
40499,1
40500,13
40501,8
40502,6
40503,1
40504,13
40505,7
40506,2
40507,6
40508,2
40509,10
40510,11
40511,11
40512,11
40513,8
40514,10
40515,6
40516,13
40517,8
40518,6
40519,4
40520,1
40521,9
40522,7
40523,8
40524,12
40525,1
40526,13
40527,8
40528,8
40529,4
40530,0
40531,7
40532,10
40533,12
40534,9
40535,0
40536,7
40537,1
40538,0
40539,4
40540,11
40541,0
40542,2
40543,2
40544,7
40545,4
40546,2
40547,7
40548,1
40549,11
40550,1
40551,10
40552,11
40553,0
40554,10
40555,2
40556,2
40557,1
40558,1
40559,8
40560,4
40561,0
40562,0
40563,1
40564,12
40565,11
40566,2
40567,2
40568,3
40569,12
40570,2
40571,2
40572,10
40573,0
40574,0
40575,12
40576,8
40577,2
40578,11
40579,8
40580,2
40581,12
40582,4
40583,12
40584,4
40585,2
40586,8
40587,11
40588,4
40589,7
40590,10
40591,6
40592,6
40593,8
40594,11
40595,12
40596,11
40597,11
40598,8
40599,7
40600,7
40601,2
40602,7
40603,12
40604,1
40605,11
40606,11
40607,7
40608,7
40609,2
40610,13
40611,6
40612,9
40613,7
40614,4
40615,0
40616,2
40617,13
40618,2
40619,4
40620,1
40621,9
40622,2
40623,8
40624,1
40625,0
40626,2
40627,11
40628,10
40629,0
40630,6
40631,6
40632,6
40633,4
40634,11
40635,3
40636,12
40637,10
40638,10
40639,2
40640,1
40641,7
40642,2
40643,10
40644,8
40645,12
40646,6
40647,7
40648,4
40649,2
40650,8
40651,3
40652,3
40653,11
40654,11
40655,4
40656,12
40657,13
40658,8
40659,1
40660,12
40661,13
40662,13
40663,6
40664,11
40665,8
40666,9
40667,4
40668,4
40669,12
40670,11
40671,10
40672,12
40673,7
40674,9
40675,0
40676,10
40677,7
40678,3
40679,7
40680,6
40681,11
40682,8
40683,8
40684,2
40685,0
40686,4
40687,8
40688,8
40689,7
40690,13
40691,2
40692,10
40693,12
40694,2
40695,3
40696,8
40697,0
40698,8
40699,1
40700,6
40701,12
40702,4
40703,5
40704,3
40705,1
40706,8
40707,0
40708,1
40709,1
40710,1
40711,8
40712,7
40713,13
40714,8
40715,1
40716,13
40717,11
40718,0
40719,0
40720,4
40721,11
40722,8
40723,1
40724,8
40725,0
40726,6
40727,11
40728,8
40729,0
40730,2
40731,6
40732,0
40733,3
40734,9
40735,6
40736,12
40737,9
40738,2
40739,13
40740,3
40741,13
40742,13
40743,12
40744,12
40745,4
40746,13
40747,4
40748,3
40749,8
40750,1
40751,10
40752,11
40753,13
40754,11
40755,9
40756,2
40757,7
40758,7
40759,0
40760,2
40761,9
40762,13
40763,1
40764,0
40765,1
40766,2
40767,4
40768,3
40769,2
40770,2
40771,12
40772,3
40773,11
40774,4
40775,4
40776,11
40777,2
40778,2
40779,13
40780,11
40781,6
40782,8
40783,11
40784,4
40785,6
40786,8
40787,11
40788,12
40789,6
40790,9
40791,3
40792,10
40793,3
40794,4
40795,2
40796,13
40797,9
40798,2
40799,7
40800,2
40801,11
40802,4
40803,3
40804,7
40805,8
40806,2
40807,11
40808,2
40809,1
40810,7
40811,6
40812,1
40813,7
40814,5
40815,13
40816,7
40817,9
40818,11
40819,3
40820,11
40821,3
40822,6
40823,6
40824,4
40825,7
40826,2
40827,12
40828,10
40829,1
40830,13
40831,6
40832,10
40833,6
40834,1
40835,0
40836,12
40837,2
40838,0
40839,9
40840,13
40841,11
40842,6
40843,8
40844,10
40845,4
40846,6
40847,7
40848,4
40849,0
40850,12
40851,7
40852,4
40853,10
40854,0
40855,11
40856,11
40857,0
40858,12
40859,10
40860,6
40861,11
40862,12
40863,2
40864,0
40865,12
40866,12
40867,11
40868,10
40869,7
40870,2
40871,0
40872,11
40873,3
40874,9
40875,4
40876,12
40877,3
40878,1
40879,2
40880,3
40881,8
40882,6
40883,4
40884,12
40885,13
40886,11
40887,8
40888,13
40889,8
40890,1
40891,12
40892,11
40893,7
40894,7
40895,6
40896,7
40897,0
40898,1
40899,5
40900,9
40901,12
40902,13
40903,11
40904,12
40905,3
40906,10
40907,5
40908,7
40909,11
40910,12
40911,2
40912,1
40913,3
40914,4
40915,10
40916,0
40917,2
40918,4
40919,11
40920,0
40921,1
40922,0
40923,1
40924,6
40925,1
40926,4
40927,11
40928,1
40929,4
40930,0
40931,6
40932,11
40933,1
40934,1
40935,8
40936,2
40937,0
40938,12
40939,12
40940,10
40941,11
40942,8
40943,2
40944,6
40945,1
40946,11
40947,11
40948,13
40949,3
40950,13
40951,1
40952,0
40953,10
40954,2
40955,3
40956,0
40957,6
40958,1
40959,7
40960,6
40961,12
40962,6
40963,7
40964,0
40965,1
40966,8
40967,8
40968,3
40969,8
40970,1
40971,12
40972,7
40973,2
40974,10
40975,13
40976,1
40977,5
40978,7
40979,12
40980,11
40981,1
40982,2
40983,0
40984,11
40985,9
40986,0
40987,6
40988,12
40989,9
40990,4
40991,2
40992,10
40993,6
40994,6
40995,0
40996,4
40997,7
40998,2
40999,9
41000,6
41001,12
41002,8
41003,1
41004,9
41005,3
41006,4
41007,12
41008,8
41009,1
41010,2
41011,6
41012,4
41013,13
41014,0
41015,6
41016,3
41017,8
41018,11
41019,11
41020,0
41021,2
41022,7
41023,12
41024,13
41025,2
41026,12
41027,1
41028,11
41029,2
41030,2
41031,1
41032,0
41033,11
41034,11
41035,2
41036,4
41037,11
41038,5
41039,10
41040,2
41041,10
41042,1
41043,7
41044,12
41045,8
41046,8
41047,0
41048,1
41049,13
41050,4
41051,11
41052,7
41053,9
41054,9
41055,7
41056,7
41057,7
41058,11
41059,3
41060,4
41061,2
41062,0
41063,11
41064,4
41065,0
41066,13
41067,2
41068,3
41069,8
41070,11
41071,2
41072,10
41073,0
41074,12
41075,1
41076,6
41077,10
41078,2
41079,1
41080,9
41081,6
41082,10
41083,10
41084,7
41085,1
41086,0
41087,1
41088,4
41089,12
41090,7
41091,13
41092,1
41093,2
41094,3
41095,7
41096,11
41097,2
41098,10
41099,3
41100,7
41101,12
41102,11
41103,2
41104,1
41105,8
41106,4
41107,4
41108,2
41109,1
41110,9
41111,7
41112,0
41113,4
41114,1
41115,8
41116,0
41117,12
41118,8
41119,0
41120,12
41121,0
41122,8
41123,7
41124,2
41125,2
41126,7
41127,2
41128,13
41129,13
41130,5
41131,1
41132,7
41133,7
41134,6
41135,7
41136,10
41137,0
41138,1
41139,12
41140,6
41141,11
41142,1
41143,6
41144,3
41145,6
41146,8
41147,8
41148,1
41149,11
41150,8
41151,2
41152,7
41153,10
41154,10
41155,2
41156,4
41157,1
41158,10
41159,5
41160,4
41161,4
41162,11
41163,3
41164,13
41165,4
41166,8
41167,0
41168,10
41169,0
41170,2
41171,0
41172,9
41173,4
41174,6
41175,2
41176,7
41177,12
41178,2
41179,8
41180,8
41181,10
41182,9
41183,1
41184,11
41185,7
41186,12
41187,7
41188,1
41189,3
41190,4
41191,1
41192,0
41193,4
41194,4
41195,4
41196,11
41197,11
41198,12
41199,1
41200,2
41201,10
41202,11
41203,7
41204,0
41205,13
41206,0
41207,12
41208,6
41209,12
41210,9
41211,4
41212,13
41213,0
41214,6
41215,10
41216,8
41217,1
41218,4
41219,7
41220,11
41221,10
41222,1
41223,0
41224,11
41225,10
41226,11
41227,5
41228,13
41229,11
41230,11
41231,1
41232,3
41233,11
41234,1
41235,10
41236,11
41237,8
41238,11
41239,1
41240,1
41241,13
41242,7
41243,0
41244,4
41245,6
41246,8
41247,1
41248,8
41249,0
41250,11
41251,4
41252,7
41253,4
41254,8
41255,2
41256,2
41257,0
41258,11
41259,2
41260,7
41261,2
41262,1
41263,0
41264,1
41265,4
41266,2
41267,11
41268,9
41269,4
41270,13
41271,8
41272,0
41273,2
41274,2
41275,0
41276,2
41277,4
41278,1
41279,0
41280,10
41281,13
41282,2
41283,3
41284,1
41285,0
41286,13
41287,3
41288,4
41289,12
41290,0
41291,2
41292,13
41293,3
41294,3
41295,0
41296,2
41297,7
41298,3
41299,9
41300,6
41301,12
41302,7
41303,4
41304,1
41305,4
41306,0
41307,11
41308,5
41309,6
41310,6
41311,4
41312,8
41313,2
41314,0
41315,1
41316,2
41317,6
41318,1
41319,5
41320,13
41321,13
41322,6
41323,0
41324,6
41325,7
41326,9
41327,1
41328,12
41329,1
41330,4
41331,13
41332,1
41333,11
41334,4
41335,0
41336,1
41337,7
41338,1
41339,0
41340,0
41341,0
41342,13
41343,1
41344,11
41345,12
41346,9
41347,12
41348,3
41349,4
41350,0
41351,13
41352,12
41353,11
41354,2
41355,4
41356,10
41357,11
41358,11
41359,1
41360,0
41361,11
41362,8
41363,10
41364,0
41365,7
41366,0
41367,2
41368,1
41369,1
41370,12
41371,11
41372,7
41373,11
41374,2
41375,4
41376,6
41377,3
41378,0
41379,11
41380,8
41381,3
41382,9
41383,6
41384,10
41385,4
41386,12
41387,2
41388,8
41389,9
41390,10
41391,7
41392,11
41393,8
41394,10
41395,13
41396,13
41397,1
41398,2
41399,7
41400,12
41401,6
41402,1
41403,12
41404,0
41405,4
41406,1
41407,2
41408,13
41409,7
41410,8
41411,2
41412,12
41413,7
41414,5
41415,2
41416,6
41417,7
41418,13
41419,13
41420,1
41421,11
41422,9
41423,5
41424,4
41425,11
41426,9
41427,1
41428,11
41429,2
41430,3
41431,6
41432,11
41433,1
41434,9
41435,3
41436,7
41437,3
41438,2
41439,0
41440,1
41441,6
41442,11
41443,4
41444,8
41445,12
41446,12
41447,2
41448,9
41449,6
41450,11
41451,7
41452,2
41453,1
41454,3
41455,3
41456,11
41457,1
41458,11
41459,6
41460,12
41461,10
41462,13
41463,2
41464,10
41465,12
41466,2
41467,12
41468,11
41469,2
41470,12
41471,2
41472,0
41473,2
41474,0
41475,12
41476,8
41477,12
41478,3
41479,13
41480,7
41481,9
41482,7
41483,3
41484,8
41485,0
41486,2
41487,7
41488,4
41489,7
41490,11
41491,1
41492,13
41493,4
41494,11
41495,3
41496,2
41497,0
41498,13
41499,8
41500,2
41501,1
41502,12
41503,2
41504,11
41505,2
41506,7
41507,1
41508,8
41509,2
41510,4
41511,13
41512,12
41513,10
41514,1
41515,0
41516,6
41517,9
41518,0
41519,7
41520,11
41521,8
41522,10
41523,1
41524,2
41525,6
41526,9
41527,1
41528,4
41529,1
41530,7
41531,6
41532,10
41533,8
41534,9
41535,13
41536,3
41537,9
41538,13
41539,13
41540,0
41541,6
41542,12
41543,12
41544,11
41545,1
41546,7
41547,1
41548,6
41549,0
41550,7
41551,11
41552,2
41553,11
41554,10
41555,13
41556,7
41557,8
41558,8
41559,1
41560,10
41561,11
41562,8
41563,12
41564,5
41565,0
41566,7
41567,7
41568,12
41569,11
41570,8
41571,4
41572,0
41573,4
41574,6
41575,1
41576,6
41577,4
41578,9
41579,8
41580,7
41581,10
41582,11
41583,4
41584,11
41585,8
41586,2
41587,9
41588,8
41589,3
41590,10
41591,4
41592,11
41593,10
41594,11
41595,2
41596,7
41597,4
41598,2
41599,2
41600,4
41601,2
41602,7
41603,7
41604,3
41605,2
41606,0
41607,6
41608,12
41609,1
41610,5
41611,10
41612,2
41613,9
41614,6
41615,0
41616,2
41617,11
41618,1
41619,11
41620,11
41621,12
41622,7
41623,8
41624,0
41625,12
41626,8
41627,4
41628,1
41629,1
41630,12
41631,0
41632,0
41633,12
41634,2
41635,9
41636,4
41637,9
41638,12
41639,11
41640,0
41641,10
41642,8
41643,11
41644,1
41645,7
41646,10
41647,4
41648,7
41649,10
41650,3
41651,2
41652,3
41653,0
41654,13
41655,2
41656,0
41657,7
41658,12
41659,0
41660,2
41661,1
41662,13
41663,5
41664,13
41665,0
41666,3
41667,2
41668,1
41669,10
41670,1
41671,7
41672,13
41673,0
41674,2
41675,7
41676,3
41677,11
41678,0
41679,11
41680,2
41681,4
41682,0
41683,0
41684,0
41685,7
41686,10
41687,6
41688,4
41689,11
41690,2
41691,11
41692,7
41693,4
41694,13
41695,9
41696,6
41697,4
41698,2
41699,11
41700,3
41701,9
41702,2
41703,2
41704,13
41705,2
41706,11
41707,2
41708,11
41709,6
41710,9
41711,4
41712,7
41713,0
41714,3
41715,10
41716,2
41717,6
41718,1
41719,5
41720,0
41721,10
41722,7
41723,11
41724,9
41725,2
41726,4
41727,3
41728,1
41729,3
41730,10
41731,7
41732,2
41733,2
41734,9
41735,12
41736,13
41737,4
41738,10
41739,4
41740,11
41741,8
41742,0
41743,2
41744,4
41745,1
41746,2
41747,10
41748,3
41749,2
41750,2
41751,2
41752,13
41753,1
41754,11
41755,1
41756,6
41757,13
41758,2
41759,8
41760,11
41761,10
41762,6
41763,12
41764,6
41765,3
41766,1
41767,1
41768,12
41769,2
41770,1
41771,12
41772,1
41773,0
41774,6
41775,11
41776,13
41777,11
41778,7
41779,1
41780,13
41781,8
41782,10
41783,11
41784,3
41785,8
41786,13
41787,0
41788,13
41789,6
41790,6
41791,1
41792,1
41793,11
41794,4
41795,2
41796,6
41797,0
41798,1
41799,10
41800,13
41801,8
41802,6
41803,11
41804,1
41805,9
41806,1
41807,8
41808,1
41809,4
41810,9
41811,7
41812,10
41813,1
41814,12
41815,11
41816,1
41817,10
41818,8
41819,12
41820,7
41821,10
41822,12
41823,2
41824,1
41825,0
41826,0
41827,2
41828,1
41829,9
41830,2
41831,12
41832,11
41833,13
41834,8
41835,11
41836,8
41837,2
41838,3
41839,1
41840,6
41841,6
41842,2
41843,9
41844,2
41845,9
41846,2
41847,10
41848,6
41849,1
41850,13
41851,13
41852,10
41853,6
41854,0
41855,3
41856,4
41857,7
41858,9
41859,13
41860,4
41861,7
41862,11
41863,8
41864,7
41865,2
41866,7
41867,12
41868,6
41869,12
41870,0
41871,0
41872,13
41873,10
41874,13
41875,10
41876,8
41877,9
41878,2
41879,9
41880,1
41881,4
41882,7
41883,6
41884,11
41885,1
41886,0
41887,4
41888,2
41889,11
41890,8
41891,4
41892,3
41893,10
41894,11
41895,10
41896,2
41897,1
41898,11
41899,11
41900,2
41901,13
41902,1
41903,7
41904,1
41905,1
41906,3
41907,9
41908,12
41909,1
41910,6
41911,3
41912,2
41913,10
41914,2
41915,1
41916,4
41917,6
41918,13
41919,10
41920,8
41921,5
41922,13
41923,0
41924,1
41925,1
41926,11
41927,4
41928,2
41929,7
41930,6
41931,10
41932,6
41933,11
41934,2
41935,2
41936,1
41937,12
41938,9
41939,10
41940,1
41941,12
41942,8
41943,7
41944,3
41945,0
41946,4
41947,7
41948,3
41949,0
41950,13
41951,6
41952,8
41953,1
41954,6
41955,3
41956,10
41957,1
41958,1
41959,0
41960,8
41961,2
41962,3
41963,13
41964,1
41965,11
41966,6
41967,8
41968,3
41969,10
41970,2
41971,11
41972,4
41973,7
41974,11
41975,1
41976,10
41977,1
41978,12
41979,10
41980,12
41981,11
41982,10
41983,1
41984,3
41985,10
41986,12
41987,9
41988,8
41989,0
41990,13
41991,2
41992,0
41993,2
41994,6
41995,6
41996,13
41997,2
41998,11
41999,0
42000,1
42001,11
42002,4
42003,2
42004,11
42005,10
42006,11
42007,2
42008,1
42009,1
42010,13
42011,11
42012,10
42013,12
42014,12
42015,7
42016,0
42017,13
42018,7
42019,11
42020,11
42021,9
42022,9
42023,1
42024,9
42025,7
42026,11
42027,7
42028,1
42029,7
42030,11
42031,11
42032,8
42033,0
42034,4
42035,3
42036,3
42037,11
42038,11
42039,1
42040,0
42041,3
42042,3
42043,13
42044,0
42045,7
42046,10
42047,11
42048,13
42049,2
42050,0
42051,8
42052,3
42053,1
42054,3
42055,4
42056,0
42057,6
42058,8
42059,12
42060,12
42061,9
42062,6
42063,7
42064,8
42065,0
42066,3
42067,11
42068,4
42069,6
42070,2
42071,10
42072,6
42073,1
42074,8
42075,6
42076,3
42077,2
42078,13
42079,6
42080,11
42081,8
42082,6
42083,10
42084,6
42085,6
42086,10
42087,3
42088,7
42089,12
42090,0
42091,10
42092,6
42093,9
42094,1
42095,2
42096,4
42097,1
42098,3
42099,1
42100,6
42101,1
42102,4
42103,3
42104,6
42105,13
42106,9
42107,6
42108,10
42109,1
42110,0
42111,7
42112,0
42113,4
42114,8
42115,2
42116,1
42117,2
42118,11
42119,0
42120,4
42121,3
42122,11
42123,0
42124,6
42125,8
42126,4
42127,7
42128,4
42129,7
42130,11
42131,12
42132,12
42133,12
42134,3
42135,9
42136,6
42137,13
42138,1
42139,11
42140,0
42141,0
42142,1
42143,11
42144,2
42145,12
42146,10
42147,10
42148,4
42149,11
42150,2
42151,12
42152,1
42153,11
42154,11
42155,9
42156,11
42157,1
42158,12
42159,13
42160,11
42161,2
42162,8
42163,12
42164,8
42165,9
42166,10
42167,11
42168,11
42169,1
42170,6
42171,11
42172,10
42173,10
42174,1
42175,2
42176,0
42177,8
42178,0
42179,10
42180,12
42181,6
42182,0
42183,13
42184,12
42185,11
42186,12
42187,11
42188,6
42189,0
42190,11
42191,12
42192,11
42193,11
42194,6
42195,6
42196,3
42197,6
42198,8
42199,10
42200,5
42201,12
42202,12
42203,11
42204,4
42205,12
42206,12
42207,12
42208,6
42209,12
42210,0
42211,0
42212,13
42213,3
42214,0
42215,7
42216,12
42217,8
42218,11
42219,13
42220,2
42221,13
42222,6
42223,12
42224,1
42225,4
42226,5
42227,12
42228,13
42229,11
42230,9
42231,9
42232,11
42233,6
42234,9
42235,0
42236,7
42237,10
42238,5
42239,2
42240,7
42241,10
42242,0
42243,2
42244,4
42245,8
42246,3
42247,4
42248,12
42249,11
42250,3
42251,4
42252,11
42253,13
42254,10
42255,11
42256,7
42257,7
42258,8
42259,8
42260,4
42261,8
42262,2
42263,3
42264,9
42265,13
42266,6
42267,2
42268,3
42269,12
42270,11
42271,11
42272,0
42273,13
42274,12
42275,6
42276,4
42277,7
42278,10
42279,8
42280,2
42281,2
42282,10
42283,6
42284,3
42285,6
42286,9
42287,6
42288,3
42289,11
42290,0
42291,10
42292,13
42293,1
42294,7
42295,11
42296,7
42297,0
42298,2
42299,6
42300,12
42301,11
42302,3
42303,6
42304,7
42305,4
42306,11
42307,11
42308,3
42309,2
42310,11
42311,8
42312,4
42313,2
42314,12
42315,6
42316,1
42317,2
42318,10
42319,8
42320,1
42321,7
42322,11
42323,11
42324,2
42325,2
42326,13
42327,3
42328,13
42329,3
42330,9
42331,12
42332,12
42333,6
42334,12
42335,13
42336,13
42337,7
42338,0
42339,12
42340,0
42341,7
42342,6
42343,10
42344,6
42345,0
42346,2
42347,8
42348,12
42349,9
42350,3
42351,3
42352,7
42353,1
42354,4
42355,7
42356,3
42357,11
42358,0
42359,3
42360,8
42361,8
42362,1
42363,9
42364,7
42365,0
42366,1
42367,5
42368,11
42369,2
42370,1
42371,2
42372,3
42373,1
42374,1
42375,11
42376,1
42377,12
42378,9
42379,7
42380,7
42381,4
42382,10
42383,12
42384,0
42385,2
42386,7
42387,1
42388,9
42389,10
42390,11
42391,3
42392,8
42393,4
42394,6
42395,11
42396,1
42397,2
42398,1
42399,0
42400,0
42401,11
42402,2
42403,11
42404,0
42405,6
42406,10
42407,13
42408,8
42409,1
42410,13
42411,5
42412,0
42413,0
42414,2
42415,2
42416,11
42417,13
42418,3
42419,3
42420,0
42421,12
42422,6
42423,4
42424,10
42425,4
42426,11
42427,7
42428,5
42429,2
42430,3
42431,13
42432,11
42433,12
42434,1
42435,2
42436,11
42437,12
42438,11
42439,10
42440,13
42441,6
42442,7
42443,7
42444,11
42445,4
42446,4
42447,9
42448,8
42449,3
42450,10
42451,2
42452,12
42453,11
42454,6
42455,0
42456,8
42457,8
42458,9
42459,10
42460,3
42461,1
42462,11
42463,9
42464,2
42465,1
42466,1
42467,2
42468,13
42469,1
42470,11
42471,9
42472,0
42473,12
42474,6
42475,11
42476,1
42477,1
42478,0
42479,8
42480,2
42481,0
42482,0
42483,11
42484,10
42485,8
42486,0
42487,4
42488,2
42489,10
42490,6
42491,10
42492,4
42493,4
42494,6
42495,1
42496,9
42497,1
42498,12
42499,2
42500,11
42501,6
42502,2
42503,9
42504,9
42505,7
42506,11
42507,12
42508,2
42509,8
42510,9
42511,0
42512,7
42513,3
42514,2
42515,12
42516,11
42517,3
42518,3
42519,1
42520,8
42521,9
42522,13
42523,8
42524,10
42525,13
42526,5
42527,7
42528,11
42529,1
42530,2
42531,3
42532,11
42533,12
42534,2
42535,7
42536,10
42537,13
42538,0
42539,6
42540,7
42541,12
42542,4
42543,0
42544,1
42545,11
42546,11
42547,10
42548,2
42549,6
42550,1
42551,12
42552,6
42553,12
42554,11
42555,11
42556,0
42557,4
42558,4
42559,4
42560,8
42561,11
42562,0
42563,10
42564,13
42565,7
42566,0
42567,13
42568,6
42569,11
42570,4
42571,13
42572,9
42573,9
42574,7
42575,4
42576,1
42577,0
42578,13
42579,11
42580,3
42581,3
42582,1
42583,10
42584,12
42585,0
42586,4
42587,13
42588,10
42589,9
42590,7
42591,1
42592,2
42593,2
42594,11
42595,1
42596,12
42597,2
42598,12
42599,1
42600,0
42601,0
42602,5
42603,12
42604,4
42605,4
42606,10
42607,2
42608,1
42609,3
42610,1
42611,2
42612,12
42613,11
42614,2
42615,2
42616,13
42617,3
42618,1
42619,4
42620,2
42621,11
42622,3
42623,10
42624,2
42625,1
42626,8
42627,1
42628,0
42629,7
42630,1
42631,7
42632,8
42633,1
42634,11
42635,1
42636,2
42637,11
42638,4
42639,4
42640,1
42641,8
42642,4
42643,1
42644,3
42645,3
42646,6
42647,13
42648,6
42649,3
42650,0
42651,11
42652,13
42653,7
42654,7
42655,1
42656,9
42657,4
42658,6
42659,4
42660,6
42661,8
42662,10
42663,8
42664,11
42665,10
42666,1
42667,12
42668,8
42669,1
42670,0
42671,2
42672,8
42673,8
42674,6
42675,12
42676,2
42677,3
42678,7
42679,2
42680,0
42681,7
42682,10
42683,7
42684,13
42685,9
42686,6
42687,10
42688,12
42689,6
42690,6
42691,2
42692,12
42693,0
42694,7
42695,7
42696,0
42697,0
42698,7
42699,1
42700,3
42701,0
42702,13
42703,7
42704,2
42705,8
42706,13
42707,1
42708,2
42709,11
42710,10
42711,11
42712,2
42713,10
42714,7
42715,8
42716,11
42717,10
42718,1
42719,3
42720,0
42721,12
42722,13
42723,2
42724,3
42725,0
42726,5
42727,11
42728,10
42729,13
42730,4
42731,1
42732,11
42733,7
42734,13
42735,2
42736,0
42737,2
42738,6
42739,6
42740,3
42741,1
42742,13
42743,9
42744,11
42745,3
42746,1
42747,11
42748,2
42749,11
42750,12
42751,1
42752,1
42753,0
42754,10
42755,2
42756,3
42757,6
42758,8
42759,2
42760,4
42761,11
42762,8
42763,0
42764,0
42765,10
42766,7
42767,12
42768,6
42769,1
42770,1
42771,12
42772,4
42773,13
42774,1
42775,0
42776,6
42777,1
42778,6
42779,9
42780,12
42781,6
42782,9
42783,0
42784,3
42785,7
42786,4
42787,13
42788,0
42789,10
42790,8
42791,12
42792,10
42793,1
42794,4
42795,12
42796,4
42797,8
42798,1
42799,0
42800,7
42801,6
42802,1
42803,2
42804,4
42805,0
42806,3
42807,2
42808,0
42809,4
42810,8
42811,10
42812,0
42813,1
42814,1
42815,2
42816,1
42817,4
42818,10
42819,1
42820,11
42821,9
42822,12
42823,11
42824,1
42825,7
42826,9
42827,0
42828,9
42829,4
42830,0
42831,11
42832,4
42833,7
42834,3
42835,1
42836,6
42837,11
42838,11
42839,1
42840,10
42841,7
42842,11
42843,1
42844,3
42845,11
42846,8
42847,6
42848,1
42849,4
42850,2
42851,12
42852,1
42853,1
42854,8
42855,0
42856,11
42857,4
42858,8
42859,1
42860,2
42861,11
42862,2
42863,0
42864,12
42865,2
42866,8
42867,8
42868,11
42869,8
42870,0
42871,6
42872,6
42873,8
42874,10
42875,8
42876,2
42877,9
42878,2
42879,8
42880,12
42881,10
42882,1
42883,10
42884,8
42885,1
42886,0
42887,9
42888,7
42889,7
42890,10
42891,12
42892,10
42893,0
42894,2
42895,6
42896,12
42897,11
42898,4
42899,8
42900,10
42901,6
42902,6
42903,6
42904,7
42905,5
42906,12
42907,11
42908,8
42909,7
42910,8
42911,0
42912,6
42913,4
42914,8
42915,2
42916,10
42917,10
42918,2
42919,0
42920,8
42921,0
42922,1
42923,4
42924,7
42925,8
42926,0
42927,8
42928,0
42929,7
42930,1
42931,4
42932,9
42933,11
42934,9
42935,2
42936,13
42937,7
42938,11
42939,6
42940,13
42941,3
42942,1
42943,12
42944,1
42945,2
42946,8
42947,2
42948,2
42949,7
42950,11
42951,0
42952,7
42953,11
42954,1
42955,11
42956,13
42957,9
42958,1
42959,2
42960,0
42961,0
42962,3
42963,4
42964,7
42965,2
42966,13
42967,9
42968,8
42969,7
42970,11
42971,3
42972,6
42973,11
42974,3
42975,4
42976,7
42977,9
42978,4
42979,0
42980,0
42981,13
42982,9
42983,12
42984,1
42985,2
42986,11
42987,0
42988,2
42989,11
42990,9
42991,7
42992,2
42993,2
42994,9
42995,8
42996,11
42997,1
42998,8
42999,8
43000,1
43001,12
43002,7
43003,4
43004,6
43005,6
43006,2
43007,11
43008,10
43009,6
43010,4
43011,3
43012,12
43013,8
43014,1
43015,1
43016,3
43017,3
43018,10
43019,2
43020,9
43021,11
43022,2
43023,11
43024,5
43025,0
43026,2
43027,9
43028,10
43029,1
43030,11
43031,1
43032,13
43033,12
43034,6
43035,11
43036,11
43037,12
43038,3
43039,2
43040,0
43041,10
43042,0
43043,1
43044,2
43045,2
43046,2
43047,6
43048,10
43049,2
43050,3
43051,6
43052,0
43053,2
43054,9
43055,6
43056,2
43057,11
43058,6
43059,8
43060,9
43061,2
43062,7
43063,3
43064,0
43065,8
43066,1
43067,8
43068,1
43069,12
43070,5
43071,6
43072,9
43073,13
43074,11
43075,0
43076,11
43077,0
43078,4
43079,8
43080,0
43081,0
43082,12
43083,0
43084,12
43085,10
43086,1
43087,12
43088,7
43089,0
43090,9
43091,1
43092,2
43093,9
43094,11
43095,4
43096,1
43097,7
43098,12
43099,11
43100,3
43101,12
43102,6
43103,7
43104,7
43105,2
43106,11
43107,11
43108,6
43109,13
43110,10
43111,1
43112,11
43113,11
43114,10
43115,6
43116,3
43117,0
43118,3
43119,12
43120,7
43121,10
43122,13
43123,12
43124,9
43125,6
43126,0
43127,0
43128,0
43129,13
43130,13
43131,0
43132,13
43133,10
43134,13
43135,2
43136,12
43137,2
43138,1
43139,2
43140,0
43141,1
43142,8
43143,11
43144,10
43145,0
43146,1
43147,10
43148,10
43149,2
43150,0
43151,3
43152,12
43153,11
43154,0
43155,13
43156,1
43157,6
43158,1
43159,1
43160,8
43161,11
43162,7
43163,6
43164,1
43165,6
43166,6
43167,12
43168,12
43169,5
43170,6
43171,10
43172,2
43173,3
43174,7
43175,12
43176,8
43177,8
43178,13
43179,8
43180,12
43181,11
43182,3
43183,0
43184,10
43185,12
43186,2
43187,2
43188,4
43189,11
43190,13
43191,8
43192,0
43193,13
43194,0
43195,0
43196,8
43197,0
43198,4
43199,1
43200,2
43201,9
43202,0
43203,2
43204,0
43205,1
43206,7
43207,12
43208,11
43209,2
43210,6
43211,2
43212,6
43213,11
43214,7
43215,8
43216,12
43217,7
43218,11
43219,2
43220,7
43221,1
43222,11
43223,12
43224,1
43225,0
43226,13
43227,11
43228,7
43229,2
43230,10
43231,11
43232,2
43233,11
43234,8
43235,5
43236,3
43237,8
43238,6
43239,1
43240,2
43241,1
43242,6
43243,0
43244,8
43245,12
43246,11
43247,8
43248,6
43249,12
43250,10
43251,4
43252,7
43253,4
43254,4
43255,2
43256,9
43257,11
43258,11
43259,11
43260,10
43261,0
43262,0
43263,12
43264,0
43265,6
43266,8
43267,4
43268,3
43269,11
43270,11
43271,13
43272,4
43273,9
43274,4
43275,0
43276,7
43277,7
43278,6
43279,10
43280,0
43281,2
43282,6
43283,0
43284,0
43285,13
43286,4
43287,6
43288,12
43289,1
43290,6
43291,12
43292,7
43293,8
43294,0
43295,2
43296,12
43297,2
43298,3
43299,0
43300,11
43301,6
43302,0
43303,7
43304,13
43305,3
43306,3
43307,2
43308,11
43309,11
43310,11
43311,12
43312,7
43313,0
43314,0
43315,1
43316,0
43317,1
43318,10
43319,2
43320,2
43321,6
43322,2
43323,8
43324,0
43325,7
43326,6
43327,2
43328,12
43329,12
43330,0
43331,6
43332,2
43333,0
43334,8
43335,7
43336,8
43337,11
43338,0
43339,0
43340,9
43341,0
43342,7
43343,10
43344,2
43345,13
43346,6
43347,0
43348,1
43349,12
43350,8
43351,9
43352,12
43353,3
43354,9
43355,6
43356,11
43357,12
43358,7
43359,2
43360,12
43361,7
43362,4
43363,4
43364,1
43365,8
43366,13
43367,0
43368,11
43369,1
43370,0
43371,12
43372,0
43373,2
43374,6
43375,7
43376,12
43377,6
43378,0
43379,0
43380,8
43381,11
43382,7
43383,10
43384,2
43385,1
43386,2
43387,7
43388,3
43389,0
43390,4
43391,4
43392,1
43393,11
43394,13
43395,10
43396,12
43397,7
43398,9
43399,1
43400,1
43401,2
43402,13
43403,8
43404,5
43405,2
43406,9
43407,0
43408,6
43409,8
43410,0
43411,2
43412,4
43413,1
43414,12
43415,0
43416,1
43417,11
43418,7
43419,4
43420,6
43421,2
43422,7
43423,9
43424,10
43425,2
43426,10
43427,1
43428,2
43429,0
43430,10
43431,11
43432,1
43433,4
43434,6
43435,12
43436,0
43437,2
43438,12
43439,6
43440,4
43441,6
43442,3
43443,0
43444,0
43445,12
43446,1
43447,11
43448,6
43449,12
43450,7
43451,2
43452,1
43453,8
43454,4
43455,1
43456,0
43457,10
43458,1
43459,13
43460,2
43461,12
43462,7
43463,1
43464,4
43465,1
43466,10
43467,2
43468,11
43469,2
43470,3
43471,8
43472,4
43473,6
43474,2
43475,1
43476,9
43477,3
43478,0
43479,7
43480,6
43481,6
43482,6
43483,12
43484,0
43485,0
43486,8
43487,9
43488,8
43489,11
43490,6
43491,3
43492,4
43493,13
43494,11
43495,11
43496,1
43497,2
43498,1
43499,8
43500,10
43501,4
43502,6
43503,2
43504,10
43505,12
43506,8
43507,13
43508,8
43509,4
43510,1
43511,7
43512,3
43513,8
43514,11
43515,7
43516,13
43517,2
43518,2
43519,7
43520,13
43521,12
43522,1
43523,5
43524,7
43525,11
43526,11
43527,2
43528,11
43529,4
43530,12
43531,1
43532,0
43533,1
43534,2
43535,6
43536,6
43537,10
43538,4
43539,0
43540,10
43541,11
43542,6
43543,12
43544,13
43545,9
43546,1
43547,0
43548,6
43549,3
43550,10
43551,1
43552,11
43553,1
43554,3
43555,1
43556,3
43557,12
43558,2
43559,2
43560,2
43561,1
43562,2
43563,13
43564,4
43565,12
43566,2
43567,12
43568,7
43569,2
43570,3
43571,7
43572,0
43573,12
43574,11
43575,13
43576,0
43577,9
43578,12
43579,1
43580,11
43581,3
43582,11
43583,9
43584,1
43585,3
43586,0
43587,10
43588,10
43589,3
43590,4
43591,12
43592,12
43593,11
43594,0
43595,4
43596,2
43597,7
43598,8
43599,13
43600,3
43601,6
43602,12
43603,2
43604,0
43605,11
43606,12
43607,7
43608,9
43609,8
43610,13
43611,2
43612,0
43613,8
43614,9
43615,13
43616,6
43617,2
43618,8
43619,2
43620,12
43621,5
43622,6
43623,4
43624,10
43625,12
43626,11
43627,1
43628,10
43629,12
43630,12
43631,8
43632,11
43633,8
43634,12
43635,6
43636,9
43637,0
43638,12
43639,11
43640,11
43641,4
43642,11
43643,9
43644,6
43645,5
43646,11
43647,1
43648,12
43649,0
43650,9
43651,6
43652,12
43653,2
43654,12
43655,12
43656,6
43657,6
43658,3
43659,2
43660,11
43661,13
43662,11
43663,13
43664,2
43665,12
43666,1
43667,8
43668,13
43669,7
43670,13
43671,13
43672,11
43673,9
43674,11
43675,9
43676,4
43677,6
43678,0
43679,4
43680,11
43681,1
43682,10
43683,11
43684,7
43685,0
43686,9
43687,12
43688,4
43689,11
43690,10
43691,2
43692,10
43693,4
43694,7
43695,9
43696,6
43697,8
43698,9
43699,9
43700,1
43701,12
43702,12
43703,2
43704,8
43705,10
43706,7
43707,4
43708,6
43709,6
43710,8
43711,0
43712,13
43713,10
43714,8
43715,10
43716,1
43717,2
43718,12
43719,3
43720,6
43721,6
43722,4
43723,2
43724,2
43725,4
43726,3
43727,12
43728,3
43729,3
43730,3
43731,8
43732,10
43733,0
43734,3
43735,3
43736,0
43737,0
43738,7
43739,4
43740,1
43741,4
43742,0
43743,10
43744,5
43745,4
43746,4
43747,0
43748,2
43749,3
43750,2
43751,1
43752,7
43753,13
43754,13
43755,1
43756,4
43757,13
43758,11
43759,0
43760,7
43761,13
43762,3
43763,0
43764,12
43765,10
43766,2
43767,1
43768,6
43769,4
43770,7
43771,7
43772,11
43773,7
43774,6
43775,4
43776,13
43777,10
43778,1
43779,2
43780,13
43781,8
43782,2
43783,1
43784,11
43785,2
43786,6
43787,2
43788,2
43789,11
43790,10
43791,8
43792,9
43793,12
43794,8
43795,1
43796,1
43797,9
43798,7
43799,0
43800,3
43801,8
43802,7
43803,0
43804,2
43805,6
43806,3
43807,11
43808,13
43809,2
43810,12
43811,13
43812,0
43813,5
43814,13
43815,3
43816,9
43817,3
43818,7
43819,0
43820,1
43821,0
43822,3
43823,13
43824,3
43825,0
43826,2
43827,0
43828,11
43829,7
43830,8
43831,8
43832,0
43833,2
43834,9
43835,6
43836,11
43837,11
43838,10
43839,1
43840,12
43841,1
43842,11
43843,1
43844,7
43845,3
43846,8
43847,9
43848,6
43849,11
43850,13
43851,7
43852,7
43853,9
43854,0
43855,13
43856,9
43857,11
43858,1
43859,13
43860,1
43861,6
43862,2
43863,12
43864,3
43865,1
43866,11
43867,1
43868,7
43869,6
43870,6
43871,10
43872,7
43873,0
43874,2
43875,1
43876,12
43877,8
43878,6
43879,2
43880,3
43881,2
43882,10
43883,0
43884,1
43885,0
43886,7
43887,2
43888,12
43889,11
43890,3
43891,4
43892,13
43893,2
43894,2
43895,10
43896,1
43897,9
43898,8
43899,11
43900,6
43901,6
43902,13
43903,11
43904,7
43905,12
43906,2
43907,11
43908,8
43909,1
43910,7
43911,1
43912,1
43913,10
43914,6
43915,11
43916,7
43917,11
43918,11
43919,12
43920,10
43921,6
43922,12
43923,7
43924,5
43925,4
43926,0
43927,1
43928,12
43929,7
43930,5
43931,2
43932,0
43933,13
43934,6
43935,10
43936,13
43937,2
43938,6
43939,0
43940,12
43941,4
43942,6
43943,12
43944,9
43945,1
43946,5
43947,11
43948,10
43949,5
43950,11
43951,0
43952,2
43953,2
43954,9
43955,7
43956,13
43957,8
43958,6
43959,11
43960,8
43961,11
43962,11
43963,3
43964,11
43965,11
43966,8
43967,8
43968,7
43969,11
43970,13
43971,7
43972,2
43973,8
43974,0
43975,12
43976,7
43977,0
43978,1
43979,3
43980,9
43981,12
43982,13
43983,11
43984,4
43985,7
43986,4
43987,10
43988,10
43989,7
43990,8
43991,0
43992,10
43993,11
43994,2
43995,1
43996,13
43997,8
43998,11
43999,11
44000,9
44001,7
44002,5
44003,7
44004,7
44005,11
44006,4
44007,6
44008,2
44009,6
44010,5
44011,4
44012,6
44013,10
44014,7
44015,4
44016,13
44017,10
44018,5
44019,9
44020,8
44021,0
44022,0
44023,3
44024,2
44025,8
44026,8
44027,4
44028,9
44029,0
44030,11
44031,10
44032,10
44033,10
44034,6
44035,12
44036,8
44037,8
44038,2
44039,13
44040,8
44041,2
44042,4
44043,0
44044,7
44045,1
44046,10
44047,2
44048,11
44049,0
44050,4
44051,2
44052,10
44053,6
44054,7
44055,13
44056,11
44057,2
44058,1
44059,6
44060,12
44061,8
44062,0
44063,2
44064,8
44065,6
44066,4
44067,7
44068,11
44069,6
44070,8
44071,12
44072,11
44073,1
44074,6
44075,12
44076,6
44077,0
44078,6
44079,12
44080,1
44081,0
44082,6
44083,1
44084,12
44085,3
44086,0
44087,12
44088,6
44089,1
44090,2
44091,3
44092,9
44093,2
44094,2
44095,1
44096,2
44097,8
44098,0
44099,11
44100,0
44101,0
44102,6
44103,10
44104,4
44105,11
44106,9
44107,3
44108,1
44109,8
44110,1
44111,2
44112,12
44113,2
44114,6
44115,11
44116,12
44117,4
44118,10
44119,2
44120,0
44121,3
44122,13
44123,1
44124,12
44125,1
44126,4
44127,3
44128,1
44129,9
44130,5
44131,2
44132,13
44133,10
44134,11
44135,6
44136,8
44137,8
44138,4
44139,7
44140,6
44141,4
44142,1
44143,6
44144,9
44145,7
44146,1
44147,12
44148,7
44149,12
44150,12
44151,6
44152,2
44153,8
44154,4
44155,13
44156,13
44157,1
44158,11
44159,3
44160,1
44161,8
44162,7
44163,1
44164,7
44165,12
44166,11
44167,10
44168,10
44169,12
44170,0
44171,6
44172,3
44173,0
44174,0
44175,11
44176,7
44177,0
44178,6
44179,11
44180,11
44181,8
44182,7
44183,11
44184,9
44185,6
44186,4
44187,11
44188,12
44189,12
44190,4
44191,8
44192,1
44193,0
44194,8
44195,8
44196,12
44197,0
44198,8
44199,2
44200,5
44201,9
44202,3
44203,7
44204,13
44205,6
44206,2
44207,4
44208,5
44209,0
44210,9
44211,12
44212,6
44213,6
44214,4
44215,2
44216,13
44217,2
44218,6
44219,6
44220,0
44221,0
44222,11
44223,3
44224,13
44225,8
44226,3
44227,11
44228,2
44229,1
44230,2
44231,11
44232,12
44233,0
44234,10
44235,9
44236,6
44237,1
44238,0
44239,6
44240,6
44241,4
44242,13
44243,2
44244,13
44245,7
44246,8
44247,10
44248,3
44249,12
44250,3
44251,2
44252,4
44253,2
44254,11
44255,9
44256,10
44257,11
44258,11
44259,2
44260,6
44261,1
44262,5
44263,11
44264,13
44265,1
44266,13
44267,10
44268,12
44269,6
44270,2
44271,8
44272,11
44273,1
44274,8
44275,0
44276,8
44277,2
44278,10
44279,1
44280,2
44281,8
44282,8
44283,13
44284,10
44285,2
44286,4
44287,11
44288,0
44289,2
44290,7
44291,7
44292,8
44293,1
44294,6
44295,6
44296,9
44297,11
44298,1
44299,7
44300,2
44301,11
44302,5
44303,8
44304,6
44305,0
44306,1
44307,11
44308,11
44309,6
44310,0
44311,6
44312,4
44313,7
44314,3
44315,8
44316,2
44317,11
44318,8
44319,3
44320,12
44321,6
44322,0
44323,13
44324,12
44325,13
44326,8
44327,6
44328,9
44329,13
44330,7
44331,10
44332,7
44333,12
44334,4
44335,5
44336,1
44337,1
44338,12
44339,12
44340,11
44341,0
44342,5
44343,5
44344,10
44345,2
44346,2
44347,2
44348,7
44349,4
44350,1
44351,0
44352,1
44353,6
44354,2
44355,1
44356,2
44357,2
44358,12
44359,0
44360,4
44361,8
44362,13
44363,11
44364,11
44365,1
44366,11
44367,12
44368,11
44369,1
44370,2
44371,7
44372,1
44373,13
44374,7
44375,2
44376,2
44377,11
44378,6
44379,8
44380,4
44381,12
44382,12
44383,7
44384,7
44385,4
44386,9
44387,11
44388,1
44389,8
44390,4
44391,1
44392,13
44393,6
44394,10
44395,1
44396,2
44397,0
44398,3
44399,2
44400,11
44401,12
44402,0
44403,11
44404,0
44405,8
44406,10
44407,10
44408,7
44409,3
44410,13
44411,0
44412,1
44413,13
44414,2
44415,1
44416,0
44417,11
44418,13
44419,2
44420,2
44421,3
44422,6
44423,0
44424,9
44425,7
44426,1
44427,12
44428,3
44429,3
44430,3
44431,11
44432,3
44433,2
44434,6
44435,4
44436,7
44437,12
44438,9
44439,2
44440,0
44441,1
44442,0
44443,13
44444,11
44445,11
44446,1
44447,6
44448,11
44449,12
44450,5
44451,6
44452,8
44453,3
44454,1
44455,11
44456,6
44457,6
44458,7
44459,12
44460,8
44461,3
44462,7
44463,10
44464,1
44465,2
44466,13
44467,4
44468,3
44469,13
44470,11
44471,10
44472,7
44473,12
44474,4
44475,9
44476,0
44477,4
44478,7
44479,2
44480,8
44481,10
44482,11
44483,0
44484,3
44485,10
44486,1
44487,3
44488,5
44489,2
44490,3
44491,6
44492,4
44493,9
44494,7
44495,2
44496,7
44497,9
44498,8
44499,0
44500,7
44501,1
44502,5
44503,9
44504,10
44505,9
44506,2
44507,4
44508,12
44509,0
44510,1
44511,4
44512,1
44513,10
44514,9
44515,4
44516,13
44517,10
44518,6
44519,3
44520,13
44521,8
44522,2
44523,6
44524,7
44525,9
44526,8
44527,7
44528,7
44529,4
44530,11
44531,12
44532,2
44533,0
44534,0
44535,0
44536,0
44537,10
44538,1
44539,4
44540,7
44541,13
44542,2
44543,12
44544,5
44545,8
44546,0
44547,4
44548,8
44549,11
44550,3
44551,8
44552,11
44553,10
44554,13
44555,0
44556,11
44557,10
44558,8
44559,4
44560,13
44561,1
44562,13
44563,10
44564,1
44565,11
44566,9
44567,0
44568,7
44569,0
44570,0
44571,4
44572,13
44573,3
44574,9
44575,11
44576,13
44577,0
44578,6
44579,12
44580,13
44581,9
44582,8
44583,0
44584,1
44585,7
44586,0
44587,2
44588,7
44589,1
44590,0
44591,2
44592,9
44593,0
44594,13
44595,12
44596,11
44597,0
44598,11
44599,3
44600,13
44601,11
44602,3
44603,12
44604,13
44605,3
44606,11
44607,11
44608,0
44609,2
44610,8
44611,7
44612,11
44613,0
44614,11
44615,11
44616,8
44617,1
44618,8
44619,11
44620,0
44621,3
44622,6
44623,8
44624,6
44625,0
44626,7
44627,7
44628,6
44629,8
44630,2
44631,8
44632,7
44633,3
44634,1
44635,6
44636,2
44637,1
44638,2
44639,3
44640,3
44641,11
44642,0
44643,10
44644,11
44645,13
44646,2
44647,0
44648,11
44649,7
44650,8
44651,13
44652,4
44653,4
44654,10
44655,0
44656,8
44657,4
44658,9
44659,13
44660,1
44661,6
44662,0
44663,2
44664,6
44665,10
44666,0
44667,12
44668,1
44669,12
44670,6
44671,3
44672,12
44673,5
44674,0
44675,3
44676,2
44677,13
44678,6
44679,11
44680,3
44681,6
44682,12
44683,1
44684,11
44685,6
44686,2
44687,2
44688,12
44689,3
44690,2
44691,11
44692,13
44693,4
44694,0
44695,12
44696,2
44697,1
44698,2
44699,1
44700,3
44701,1
44702,2
44703,0
44704,11
44705,12
44706,8
44707,9
44708,2
44709,1
44710,9
44711,2
44712,10
44713,11
44714,9
44715,7
44716,2
44717,10
44718,6
44719,6
44720,13
44721,11
44722,0
44723,13
44724,13
44725,7
44726,1
44727,0
44728,11
44729,10
44730,8
44731,0
44732,10
44733,5
44734,8
44735,11
44736,6
44737,0
44738,5
44739,9
44740,12
44741,11
44742,11
44743,0
44744,8
44745,11
44746,7
44747,6
44748,1
44749,0
44750,13
44751,1
44752,11
44753,2
44754,8
44755,10
44756,13
44757,4
44758,9
44759,4
44760,11
44761,9
44762,11
44763,8
44764,12
44765,9
44766,7
44767,6
44768,3
44769,7
44770,0
44771,9
44772,12
44773,7
44774,13
44775,10
44776,7
44777,8
44778,3
44779,13
44780,2
44781,12
44782,10
44783,9
44784,2
44785,3
44786,1
44787,7
44788,4
44789,13
44790,1
44791,0
44792,11
44793,2
44794,6
44795,9
44796,7
44797,1
44798,2
44799,12
44800,2
44801,0
44802,11
44803,10
44804,9
44805,7
44806,8
44807,4
44808,2
44809,1
44810,7
44811,0
44812,0
44813,6
44814,0
44815,1
44816,3
44817,11
44818,5
44819,0
44820,11
44821,0
44822,2
44823,0
44824,8
44825,3
44826,12
44827,2
44828,0
44829,1
44830,11
44831,6
44832,1
44833,6
44834,6
44835,9
44836,11
44837,8
44838,11
44839,2
44840,7
44841,4
44842,6
44843,0
44844,7
44845,13
44846,11
44847,8
44848,1
44849,7
44850,11
44851,2
44852,6
44853,2
44854,7
44855,9
44856,7
44857,11
44858,7
44859,1
44860,12
44861,3
44862,2
44863,9
44864,4
44865,1
44866,2
44867,0
44868,2
44869,0
44870,11
44871,12
44872,1
44873,11
44874,1
44875,1
44876,10
44877,1
44878,1
44879,6
44880,11
44881,10
44882,10
44883,8
44884,3
44885,10
44886,8
44887,10
44888,0
44889,3
44890,2
44891,11
44892,9
44893,10
44894,11
44895,3
44896,1
44897,12
44898,6
44899,12
44900,11
44901,12
44902,6
44903,0
44904,2
44905,8
44906,2
44907,9
44908,7
44909,6
44910,8
44911,11
44912,2
44913,8
44914,8
44915,0
44916,6
44917,12
44918,0
44919,4
44920,9
44921,6
44922,6
44923,2
44924,9
44925,11
44926,2
44927,0
44928,1
44929,3
44930,13
44931,0
44932,12
44933,12
44934,7
44935,6
44936,4
44937,0
44938,4
44939,1
44940,6
44941,11
44942,0
44943,10
44944,13
44945,11
44946,8
44947,7
44948,8
44949,0
44950,3
44951,0
44952,7
44953,3
44954,10
44955,2
44956,7
44957,1
44958,12
44959,2
44960,4
44961,8
44962,12
44963,11
44964,2
44965,4
44966,13
44967,9
44968,8
44969,1
44970,4
44971,4
44972,12
44973,12
44974,13
44975,1
44976,6
44977,8
44978,3
44979,4
44980,4
44981,7
44982,2
44983,11
44984,8
44985,13
44986,11
44987,13
44988,11
44989,0
44990,8
44991,11
44992,12
44993,8
44994,4
44995,8
44996,5
44997,12
44998,3
44999,1
45000,13
45001,4
45002,2
45003,13
45004,1
45005,1
45006,4
45007,5
45008,12
45009,0
45010,11
45011,1
45012,13
45013,2
45014,12
45015,1
45016,11
45017,6
45018,13
45019,0
45020,1
45021,3
45022,4
45023,11
45024,13
45025,6
45026,1
45027,2
45028,11
45029,1
45030,4
45031,12
45032,2
45033,11
45034,10
45035,7
45036,7
45037,6
45038,13
45039,6
45040,8
45041,2
45042,0
45043,8
45044,0
45045,2
45046,4
45047,12
45048,6
45049,9
45050,7
45051,12
45052,2
45053,6
45054,11
45055,11
45056,12
45057,1
45058,13
45059,12
45060,10
45061,13
45062,6
45063,12
45064,10
45065,6
45066,11
45067,2
45068,6
45069,4
45070,13
45071,0
45072,0
45073,4
45074,8
45075,0
45076,13
45077,1
45078,0
45079,6
45080,12
45081,4
45082,0
45083,6
45084,11
45085,11
45086,7
45087,10
45088,11
45089,0
45090,12
45091,0
45092,6
45093,11
45094,11
45095,11
45096,12
45097,12
45098,12
45099,5
45100,3
45101,3
45102,7
45103,13
45104,6
45105,6
45106,3
45107,0
45108,4
45109,0
45110,12
45111,12
45112,4
45113,3
45114,2
45115,6
45116,3
45117,4
45118,10
45119,11
45120,3
45121,1
45122,12
45123,1
45124,6
45125,2
45126,13
45127,4
45128,0
45129,10
45130,0
45131,2
45132,8
45133,2
45134,9
45135,0
45136,1
45137,8
45138,3
45139,7
45140,8
45141,10
45142,4
45143,10
45144,1
45145,3
45146,7
45147,12
45148,12
45149,12
45150,5
45151,1
45152,13
45153,9
45154,1
45155,0
45156,1
45157,10
45158,4
45159,12
45160,4
45161,12
45162,0
45163,8
45164,13
45165,4
45166,0
45167,1
45168,13
45169,10
45170,11
45171,11
45172,12
45173,1
45174,11
45175,8
45176,2
45177,7
45178,10
45179,1
45180,0
45181,9
45182,13
45183,6
45184,11
45185,4
45186,6
45187,11
45188,1
45189,0
45190,0
45191,9
45192,1
45193,1
45194,11
45195,2
45196,9
45197,7
45198,8
45199,13
45200,10
45201,7
45202,12
45203,10
45204,3
45205,2
45206,12
45207,10
45208,8
45209,9
45210,4
45211,2
45212,13
45213,11
45214,0
45215,6
45216,2
45217,11
45218,8
45219,4
45220,7
45221,13
45222,2
45223,7
45224,2
45225,13
45226,6
45227,4
45228,0
45229,6
45230,2
45231,9
45232,1
45233,7
45234,8
45235,4
45236,0
45237,12
45238,6
45239,12
45240,2
45241,8
45242,12
45243,12
45244,8
45245,7
45246,7
45247,13
45248,4
45249,2
45250,1
45251,7
45252,13
45253,8
45254,0
45255,2
45256,1
45257,0
45258,2
45259,8
45260,5
45261,9
45262,2
45263,7
45264,12
45265,12
45266,13
45267,6
45268,10
45269,12
45270,0
45271,7
45272,11
45273,9
45274,10
45275,3
45276,4
45277,1
45278,2
45279,8
45280,11
45281,1
45282,13
45283,1
45284,1
45285,12
45286,4
45287,1
45288,4
45289,7
45290,1
45291,9
45292,8
45293,9
45294,8
45295,11
45296,1
45297,12
45298,0
45299,9
45300,11
45301,9
45302,12
45303,10
45304,13
45305,11
45306,2
45307,9
45308,0
45309,3
45310,2
45311,6
45312,1
45313,3
45314,9
45315,7
45316,2
45317,6
45318,10
45319,4
45320,13
45321,6
45322,10
45323,6
45324,0
45325,2
45326,9
45327,1
45328,3
45329,11
45330,6
45331,3
45332,6
45333,10
45334,4
45335,4
45336,6
45337,7
45338,11
45339,2
45340,11
45341,8
45342,12
45343,6
45344,0
45345,8
45346,12
45347,11
45348,0
45349,1
45350,4
45351,0
45352,8
45353,6
45354,4
45355,10
45356,4
45357,9
45358,0
45359,0
45360,11
45361,4
45362,1
45363,3
45364,7
45365,4
45366,2
45367,2
45368,10
45369,11
45370,13
45371,2
45372,8
45373,0
45374,12
45375,10
45376,1
45377,6
45378,0
45379,11
45380,1
45381,4
45382,1
45383,13
45384,13
45385,3
45386,11
45387,8
45388,7
45389,13
45390,0
45391,6
45392,11
45393,2
45394,0
45395,0
45396,12
45397,7
45398,5
45399,2
45400,7
45401,2
45402,2
45403,1
45404,7
45405,7
45406,1
45407,2
45408,11
45409,6
45410,1
45411,11
45412,3
45413,1
45414,1
45415,11
45416,2
45417,8
45418,0
45419,6
45420,12
45421,0
45422,11
45423,10
45424,1
45425,11
45426,1
45427,13
45428,6
45429,8
45430,8
45431,10
45432,9
45433,10
45434,7
45435,0
45436,1
45437,10
45438,0
45439,4
45440,11
45441,3
45442,0
45443,1
45444,10
45445,7
45446,11
45447,2
45448,2
45449,6
45450,0
45451,10
45452,3
45453,7
45454,11
45455,12
45456,2
45457,4
45458,3
45459,0
45460,6
45461,10
45462,12
45463,0
45464,12
45465,2
45466,6
45467,6
45468,12
45469,2
45470,7
45471,13
45472,5
45473,3
45474,12
45475,9
45476,4
45477,6
45478,2
45479,13
45480,10
45481,9
45482,7
45483,6
45484,9
45485,4
45486,11
45487,8
45488,2
45489,13
45490,2
45491,2
45492,12
45493,11
45494,2
45495,4
45496,8
45497,0
45498,5
45499,8
45500,0
45501,0
45502,13
45503,12
45504,7
45505,7
45506,4
45507,12
45508,11
45509,0
45510,11
45511,6
45512,7
45513,1
45514,0
45515,12
45516,2
45517,1
45518,6
45519,1
45520,4
45521,4
45522,2
45523,1
45524,4
45525,8
45526,12
45527,0
45528,3
45529,3
45530,6
45531,8
45532,13
45533,5
45534,2
45535,1
45536,1
45537,6
45538,13
45539,4
45540,11
45541,4
45542,7
45543,9
45544,3
45545,1
45546,1
45547,3
45548,7
45549,2
45550,12
45551,3
45552,6
45553,13
45554,4
45555,3
45556,10
45557,12
45558,8
45559,3
45560,7
45561,1
45562,8
45563,4
45564,11
45565,0
45566,3
45567,11
45568,11
45569,13
45570,10
45571,2
45572,13
45573,6
45574,4
45575,9
45576,0
45577,8
45578,4
45579,7
45580,11
45581,12
45582,3
45583,2
45584,10
45585,12
45586,10
45587,0
45588,4
45589,3
45590,7
45591,9
45592,13
45593,4
45594,10
45595,10
45596,2
45597,8
45598,12
45599,8
45600,10
45601,2
45602,11
45603,8
45604,12
45605,1
45606,7
45607,4
45608,4
45609,1
45610,11
45611,6
45612,10
45613,2
45614,0
45615,1
45616,10
45617,4
45618,7
45619,10
45620,11
45621,2
45622,1
45623,10
45624,10
45625,7
45626,7
45627,6
45628,1
45629,3
45630,2
45631,11
45632,6
45633,1
45634,6
45635,11
45636,11
45637,0
45638,12
45639,2
45640,6
45641,2
45642,1
45643,4
45644,6
45645,4
45646,2
45647,4
45648,11
45649,12
45650,0
45651,1
45652,3
45653,1
45654,6
45655,6
45656,4
45657,7
45658,12
45659,8
45660,3
45661,8
45662,7
45663,11
45664,0
45665,0
45666,1
45667,0
45668,4
45669,1
45670,0
45671,13
45672,11
45673,3
45674,9
45675,6
45676,4
45677,11
45678,7
45679,11
45680,0
45681,6
45682,9
45683,13
45684,2
45685,2
45686,12
45687,0
45688,13
45689,13
45690,13
45691,5
45692,12
45693,12
45694,10
45695,11
45696,0
45697,13
45698,2
45699,4
45700,12
45701,13
45702,12
45703,13
45704,0
45705,10
45706,4
45707,2
45708,0
45709,0
45710,1
45711,11
45712,10
45713,9
45714,3
45715,12
45716,1
45717,7
45718,7
45719,1
45720,10
45721,8
45722,8
45723,12
45724,12
45725,11
45726,11
45727,12
45728,13
45729,12
45730,6
45731,7
45732,12
45733,3
45734,4
45735,1
45736,11
45737,0
45738,2
45739,1
45740,0
45741,13
45742,7
45743,0
45744,11
45745,11
45746,12
45747,2
45748,11
45749,6
45750,2
45751,3
45752,0
45753,10
45754,8
45755,10
45756,0
45757,13
45758,9
45759,6
45760,6
45761,1
45762,4
45763,10
45764,2
45765,1
45766,2
45767,9
45768,1
45769,0
45770,0
45771,0
45772,9
45773,1
45774,2
45775,4
45776,1
45777,0
45778,6
45779,6
45780,2
45781,7
45782,1
45783,4
45784,1
45785,13
45786,0
45787,2
45788,12
45789,11
45790,12
45791,6
45792,8
45793,8
45794,2
45795,4
45796,12
45797,2
45798,6
45799,6
45800,1
45801,9
45802,1
45803,4
45804,6
45805,11
45806,2
45807,8
45808,3
45809,2
45810,4
45811,0
45812,8
45813,5
45814,10
45815,13
45816,1
45817,11
45818,2
45819,9
45820,13
45821,8
45822,1
45823,11
45824,7
45825,9
45826,0
45827,2
45828,7
45829,4
45830,13
45831,0
45832,12
45833,3
45834,11
45835,10
45836,6
45837,13
45838,12
45839,3
45840,7
45841,1
45842,0
45843,12
45844,1
45845,8
45846,2
45847,12
45848,10
45849,7
45850,4
45851,1
45852,7
45853,8
45854,11
45855,0
45856,0
45857,7
45858,4
45859,8
45860,9
45861,3
45862,11
45863,2
45864,12
45865,6
45866,3
45867,12
45868,4
45869,11
45870,2
45871,8
45872,9
45873,0
45874,3
45875,8
45876,4
45877,11
45878,12
45879,2
45880,9
45881,11
45882,9
45883,11
45884,12
45885,10
45886,3
45887,7
45888,13
45889,0
45890,0
45891,2
45892,9
45893,4
45894,0
45895,4
45896,11
45897,1
45898,12
45899,2
45900,3
45901,2
45902,0
45903,13
45904,6
45905,11
45906,3
45907,3
45908,1
45909,2
45910,1
45911,10
45912,3
45913,0
45914,7
45915,4
45916,1
45917,4
45918,12
45919,8
45920,2
45921,13
45922,9
45923,5
45924,2
45925,2
45926,8
45927,8
45928,1
45929,8
45930,12
45931,1
45932,9
45933,8
45934,4
45935,2
45936,4
45937,3
45938,8
45939,8
45940,0
45941,2
45942,9
45943,3
45944,0
45945,11
45946,4
45947,6
45948,12
45949,10
45950,4
45951,6
45952,0
45953,6
45954,6
45955,0
45956,6
45957,8
45958,13
45959,3
45960,6
45961,13
45962,0
45963,0
45964,7
45965,10
45966,13
45967,2
45968,10
45969,1
45970,8
45971,10
45972,13
45973,0
45974,12
45975,6
45976,2
45977,2
45978,9
45979,8
45980,10
45981,0
45982,0
45983,8
45984,12
45985,9
45986,10
45987,7
45988,2
45989,0
45990,9
45991,10
45992,11
45993,1
45994,10
45995,2
45996,11
45997,4
45998,0
45999,13
46000,7
46001,10
46002,9
46003,0
46004,9
46005,0
46006,2
46007,6
46008,9
46009,10
46010,7
46011,0
46012,12
46013,3
46014,11
46015,7
46016,6
46017,12
46018,0
46019,3
46020,12
46021,10
46022,8
46023,8
46024,2
46025,6
46026,2
46027,4
46028,3
46029,11
46030,11
46031,6
46032,6
46033,10
46034,7
46035,7
46036,7
46037,11
46038,12
46039,2
46040,7
46041,2
46042,6
46043,0
46044,4
46045,0
46046,1
46047,6
46048,1
46049,12
46050,0
46051,3
46052,5
46053,11
46054,7
46055,7
46056,6
46057,1
46058,0
46059,13
46060,0
46061,7
46062,1
46063,2
46064,0
46065,7
46066,1
46067,11
46068,6
46069,12
46070,9
46071,10
46072,11
46073,2
46074,7
46075,7
46076,4
46077,7
46078,5
46079,11
46080,0
46081,0
46082,7
46083,0
46084,9
46085,4
46086,4
46087,0
46088,0
46089,12
46090,2
46091,0
46092,1
46093,12
46094,12
46095,6
46096,8
46097,0
46098,8
46099,13
46100,11
46101,0
46102,12
46103,11
46104,13
46105,4
46106,11
46107,3
46108,6
46109,0
46110,12
46111,1
46112,1
46113,2
46114,4
46115,2
46116,6
46117,0
46118,8
46119,10
46120,2
46121,12
46122,11
46123,4
46124,9
46125,1
46126,11
46127,2
46128,0
46129,5
46130,1
46131,8
46132,4
46133,4
46134,8
46135,7
46136,12
46137,6
46138,10
46139,9
46140,11
46141,0
46142,9
46143,8
46144,11
46145,3
46146,11
46147,12
46148,3
46149,6
46150,4
46151,6
46152,5
46153,4
46154,8
46155,11
46156,2
46157,6
46158,1
46159,11
46160,6
46161,8
46162,10
46163,2
46164,0
46165,10
46166,11
46167,8
46168,10
46169,11
46170,12
46171,0
46172,6
46173,7
46174,2
46175,7
46176,6
46177,2
46178,11
46179,1
46180,2
46181,0
46182,13
46183,2
46184,0
46185,2
46186,11
46187,8
46188,7
46189,7
46190,2
46191,8
46192,2
46193,4
46194,4
46195,13
46196,9
46197,0
46198,1
46199,11
46200,3
46201,11
46202,6
46203,0
46204,6
46205,6
46206,10
46207,1
46208,1
46209,9
46210,2
46211,0
46212,4
46213,0
46214,2
46215,3
46216,0
46217,0
46218,6
46219,2
46220,3
46221,1
46222,0
46223,9
46224,5
46225,1
46226,7
46227,3
46228,6
46229,7
46230,6
46231,9
46232,1
46233,8
46234,1
46235,12
46236,12
46237,10
46238,5
46239,7
46240,11
46241,3
46242,3
46243,12
46244,2
46245,12
46246,11
46247,9
46248,13
46249,3
46250,1
46251,6
46252,11
46253,2
46254,0
46255,2
46256,13
46257,0
46258,9
46259,6
46260,0
46261,4
46262,5
46263,0
46264,7
46265,1
46266,1
46267,1
46268,10
46269,4
46270,10
46271,12
46272,3
46273,12
46274,6
46275,4
46276,2
46277,6
46278,4
46279,6
46280,2
46281,12
46282,8
46283,2
46284,11
46285,9
46286,4
46287,11
46288,8
46289,12
46290,2
46291,4
46292,8
46293,2
46294,8
46295,13
46296,7
46297,13
46298,9
46299,3
46300,13
46301,12
46302,0
46303,0
46304,12
46305,2
46306,12
46307,8
46308,2
46309,7
46310,4
46311,11
46312,3
46313,13
46314,4
46315,1
46316,12
46317,4
46318,0
46319,3
46320,2
46321,12
46322,2
46323,1
46324,0
46325,1
46326,10
46327,8
46328,10
46329,0
46330,0
46331,12
46332,6
46333,3
46334,4
46335,4
46336,10
46337,6
46338,9
46339,6
46340,9
46341,0
46342,10
46343,1
46344,4
46345,2
46346,7
46347,8
46348,10
46349,11
46350,8
46351,7
46352,12
46353,4
46354,8
46355,11
46356,12
46357,9
46358,1
46359,7
46360,10
46361,11
46362,4
46363,0
46364,11
46365,9
46366,1
46367,2
46368,7
46369,4
46370,3
46371,10
46372,4
46373,0
46374,4
46375,0
46376,9
46377,7
46378,6
46379,6
46380,13
46381,13
46382,0
46383,12
46384,0
46385,7
46386,1
46387,0
46388,2
46389,10
46390,0
46391,2
46392,12
46393,12
46394,4
46395,13
46396,4
46397,8
46398,8
46399,3
46400,0
46401,1
46402,12
46403,2
46404,1
46405,8
46406,0
46407,0
46408,3
46409,11
46410,2
46411,2
46412,3
46413,6
46414,4
46415,6
46416,3
46417,10
46418,6
46419,0
46420,7
46421,4
46422,12
46423,7
46424,4
46425,12
46426,11
46427,0
46428,3
46429,4
46430,7
46431,6
46432,11
46433,1
46434,9
46435,11
46436,1
46437,11
46438,11
46439,8
46440,12
46441,0
46442,2
46443,7
46444,0
46445,1
46446,3
46447,13
46448,8
46449,10
46450,4
46451,0
46452,9
46453,0
46454,8
46455,12
46456,13
46457,11
46458,10
46459,3
46460,5
46461,3
46462,9
46463,2
46464,7
46465,11
46466,4
46467,0
46468,10
46469,8
46470,1
46471,13
46472,7
46473,9
46474,8
46475,13
46476,11
46477,13
46478,0
46479,5
46480,7
46481,13
46482,11
46483,10
46484,4
46485,1
46486,4
46487,8
46488,8
46489,0
46490,10
46491,2
46492,8
46493,13
46494,1
46495,1
46496,8
46497,12
46498,11
46499,10
46500,11
46501,2
46502,1
46503,3
46504,10
46505,9
46506,11
46507,2
46508,2
46509,4
46510,11
46511,6
46512,3
46513,2
46514,13
46515,8
46516,9
46517,11
46518,2
46519,1
46520,0
46521,13
46522,11
46523,7
46524,11
46525,12
46526,0
46527,12
46528,7
46529,11
46530,0
46531,9
46532,2
46533,9
46534,4
46535,7
46536,9
46537,1
46538,11
46539,9
46540,6
46541,2
46542,10
46543,11
46544,6
46545,0
46546,11
46547,0
46548,1
46549,4
46550,2
46551,3
46552,3
46553,11
46554,2
46555,1
46556,12
46557,11
46558,2
46559,6
46560,7
46561,10
46562,1
46563,10
46564,8
46565,12
46566,10
46567,6
46568,0
46569,2
46570,2
46571,0
46572,10
46573,11
46574,2
46575,7
46576,0
46577,8
46578,1
46579,7
46580,6
46581,3
46582,9
46583,11
46584,3
46585,10
46586,1
46587,1
46588,3
46589,13
46590,11
46591,3
46592,7
46593,11
46594,10
46595,1
46596,10
46597,4
46598,8
46599,1
46600,6
46601,5
46602,6
46603,13
46604,9
46605,1
46606,2
46607,10
46608,12
46609,4
46610,0
46611,12
46612,11
46613,9
46614,4
46615,3
46616,11
46617,10
46618,11
46619,10
46620,6
46621,0
46622,3
46623,4
46624,2
46625,10
46626,7
46627,10
46628,6
46629,3
46630,1
46631,6
46632,10
46633,1
46634,2
46635,8
46636,9
46637,13
46638,0
46639,1
46640,12
46641,6
46642,2
46643,11
46644,11
46645,1
46646,8
46647,3
46648,0
46649,1
46650,2
46651,1
46652,11
46653,12
46654,0
46655,3
46656,9
46657,11
46658,12
46659,4
46660,6
46661,10
46662,5
46663,7
46664,2
46665,4
46666,6
46667,7
46668,2
46669,9
46670,0
46671,2
46672,10
46673,1
46674,12
46675,13
46676,4
46677,0
46678,1
46679,12
46680,3
46681,1
46682,9
46683,1
46684,0
46685,0
46686,0
46687,12
46688,1
46689,1
46690,7
46691,11
46692,2
46693,7
46694,11
46695,5
46696,12
46697,1
46698,0
46699,11
46700,11
46701,5
46702,13
46703,2
46704,7
46705,3
46706,2
46707,7
46708,4
46709,11
46710,11
46711,11
46712,9
46713,11
46714,8
46715,8
46716,0
46717,12
46718,4
46719,0
46720,11
46721,2
46722,12
46723,1
46724,10
46725,1
46726,10
46727,9
46728,11
46729,0
46730,4
46731,5
46732,11
46733,4
46734,10
46735,9
46736,3
46737,13
46738,6
46739,8
46740,2
46741,13
46742,7
46743,0
46744,11
46745,11
46746,11
46747,8
46748,1
46749,2
46750,7
46751,7
46752,0
46753,0
46754,0
46755,11
46756,11
46757,13
46758,12
46759,13
46760,10
46761,11
46762,11
46763,0
46764,12
46765,1
46766,7
46767,7
46768,0
46769,1
46770,11
46771,8
46772,9
46773,8
46774,1
46775,9
46776,3
46777,11
46778,10
46779,3
46780,7
46781,11
46782,0
46783,1
46784,8
46785,10
46786,4
46787,13
46788,2
46789,12
46790,11
46791,12
46792,8
46793,0
46794,12
46795,9
46796,1
46797,0
46798,11
46799,3
46800,7
46801,1
46802,6
46803,0
46804,7
46805,2
46806,6
46807,10
46808,5
46809,12
46810,12
46811,13
46812,7
46813,11
46814,11
46815,4
46816,3
46817,12
46818,0
46819,10
46820,6
46821,2
46822,3
46823,6
46824,7
46825,2
46826,0
46827,8
46828,4
46829,12
46830,11
46831,0
46832,7
46833,2
46834,10
46835,1
46836,0
46837,4
46838,11
46839,6
46840,9
46841,9
46842,1
46843,6
46844,7
46845,4
46846,4
46847,7
46848,8
46849,10
46850,13
46851,7
46852,4
46853,11
46854,4
46855,6
46856,11
46857,4
46858,1
46859,8
46860,11
46861,2
46862,4
46863,7
46864,7
46865,7
46866,12
46867,10
46868,12
46869,12
46870,6
46871,7
46872,0
46873,1
46874,3
46875,8
46876,0
46877,7
46878,11
46879,0
46880,2
46881,0
46882,4
46883,0
46884,11
46885,2
46886,8
46887,8
46888,11
46889,5
46890,6
46891,2
46892,7
46893,8
46894,2
46895,6
46896,4
46897,3
46898,11
46899,13
46900,3
46901,11
46902,0
46903,3
46904,0
46905,10
46906,8
46907,6
46908,7
46909,2
46910,12
46911,0
46912,12
46913,3
46914,12
46915,4
46916,9
46917,12
46918,9
46919,4
46920,8
46921,8
46922,7
46923,8
46924,6
46925,2
46926,0
46927,10
46928,8
46929,7
46930,10
46931,8
46932,7
46933,9
46934,0
46935,11
46936,11
46937,0
46938,11
46939,12
46940,12
46941,4
46942,0
46943,12
46944,7
46945,10
46946,3
46947,9
46948,1
46949,4
46950,6
46951,4
46952,8
46953,2
46954,11
46955,4
46956,6
46957,8
46958,10
46959,11
46960,1
46961,6
46962,3
46963,8
46964,0
46965,6
46966,6
46967,12
46968,2
46969,7
46970,1
46971,0
46972,11
46973,1
46974,9
46975,5
46976,3
46977,13
46978,4
46979,3
46980,7
46981,6
46982,0
46983,3
46984,11
46985,1
46986,7
46987,9
46988,0
46989,12
46990,1
46991,6
46992,3
46993,13
46994,7
46995,13
46996,8
46997,3
46998,11
46999,7
47000,7
47001,7
47002,10
47003,6
47004,0
47005,6
47006,2
47007,0
47008,1
47009,4
47010,8
47011,7
47012,7
47013,11
47014,7
47015,12
47016,4
47017,13
47018,8
47019,8
47020,11
47021,2
47022,10
47023,7
47024,10
47025,1
47026,12
47027,2
47028,10
47029,3
47030,11
47031,10
47032,1
47033,13
47034,7
47035,12
47036,6
47037,10
47038,0
47039,1
47040,1
47041,12
47042,1
47043,9
47044,9
47045,4
47046,0
47047,2
47048,0
47049,7
47050,7
47051,0
47052,4
47053,10
47054,4
47055,5
47056,7
47057,1
47058,2
47059,8
47060,2
47061,11
47062,9
47063,11
47064,1
47065,8
47066,3
47067,12
47068,7
47069,1
47070,11
47071,0
47072,12
47073,8
47074,8
47075,2
47076,6
47077,6
47078,9
47079,8
47080,12
47081,3
47082,1
47083,13
47084,13
47085,1
47086,4
47087,7
47088,10
47089,3
47090,10
47091,0
47092,8
47093,6
47094,5
47095,9
47096,11
47097,8
47098,7
47099,7
47100,13
47101,8
47102,6
47103,2
47104,11
47105,4
47106,12
47107,9
47108,9
47109,2
47110,6
47111,1
47112,11
47113,8
47114,12
47115,11
47116,7
47117,8
47118,11
47119,11
47120,9
47121,12
47122,11
47123,13
47124,1
47125,2
47126,6
47127,10
47128,11
47129,6
47130,6
47131,3
47132,12
47133,12
47134,7
47135,2
47136,8
47137,1
47138,2
47139,12
47140,11
47141,2
47142,7
47143,0
47144,10
47145,12
47146,8
47147,4
47148,1
47149,1
47150,6
47151,6
47152,2
47153,7
47154,13
47155,4
47156,4
47157,0
47158,6
47159,4
47160,6
47161,0
47162,0
47163,11
47164,0
47165,13
47166,10
47167,12
47168,8
47169,12
47170,1
47171,2
47172,12
47173,8
47174,10
47175,1
47176,13
47177,7
47178,9
47179,10
47180,5
47181,7
47182,0
47183,4
47184,1
47185,1
47186,0
47187,12
47188,6
47189,4
47190,12
47191,6
47192,1
47193,11
47194,0
47195,1
47196,11
47197,4
47198,7
47199,4
47200,0
47201,4
47202,7
47203,5
47204,5
47205,8
47206,13
47207,9
47208,6
47209,2
47210,7
47211,4
47212,11
47213,0
47214,12
47215,6
47216,0
47217,2
47218,3
47219,9
47220,2
47221,12
47222,6
47223,1
47224,4
47225,8
47226,7
47227,10
47228,2
47229,10
47230,11
47231,11
47232,4
47233,7
47234,2
47235,8
47236,1
47237,2
47238,0
47239,2
47240,10
47241,8
47242,12
47243,6
47244,1
47245,12
47246,0
47247,3
47248,1
47249,5
47250,3
47251,11
47252,11
47253,8
47254,1
47255,6
47256,6
47257,8
47258,0
47259,1
47260,4
47261,6
47262,7
47263,11
47264,1
47265,6
47266,12
47267,13
47268,2
47269,2
47270,0
47271,2
47272,10
47273,2
47274,6
47275,6
47276,4
47277,7
47278,11
47279,8
47280,1
47281,6
47282,8
47283,0
47284,10
47285,10
47286,0
47287,8
47288,1
47289,4
47290,9
47291,13
47292,12
47293,5
47294,0
47295,11
47296,7
47297,8
47298,11
47299,1
47300,11
47301,1
47302,7
47303,13
47304,13
47305,0
47306,13
47307,7
47308,4
47309,11
47310,8
47311,2
47312,8
47313,13
47314,12
47315,9
47316,8
47317,11
47318,6
47319,0
47320,12
47321,1
47322,10
47323,1
47324,2
47325,13
47326,12
47327,8
47328,0
47329,1
47330,8
47331,8
47332,2
47333,0
47334,11
47335,11
47336,11
47337,11
47338,6
47339,6
47340,10
47341,1
47342,13
47343,9
47344,1
47345,7
47346,8
47347,3
47348,2
47349,7
47350,11
47351,11
47352,0
47353,4
47354,6
47355,3
47356,12
47357,10
47358,0
47359,11
47360,12
47361,12
47362,4
47363,5
47364,13
47365,0
47366,5
47367,8
47368,2
47369,6
47370,6
47371,9
47372,11
47373,12
47374,9
47375,11
47376,0
47377,6
47378,8
47379,0
47380,8
47381,4
47382,13
47383,6
47384,8
47385,4
47386,1
47387,2
47388,6
47389,12
47390,3
47391,9
47392,10
47393,11
47394,11
47395,0
47396,12
47397,11
47398,1
47399,8
47400,12
47401,2
47402,4
47403,1
47404,3
47405,1
47406,6
47407,5
47408,0
47409,11
47410,2
47411,10
47412,13
47413,8
47414,2
47415,3
47416,11
47417,2
47418,6
47419,1
47420,8
47421,1
47422,8
47423,3
47424,12
47425,11
47426,2
47427,11
47428,2
47429,3
47430,13
47431,11
47432,11
47433,4
47434,4
47435,6
47436,1
47437,1
47438,1
47439,13
47440,12
47441,1
47442,0
47443,3
47444,8
47445,1
47446,4
47447,12
47448,7
47449,12
47450,7
47451,1
47452,3
47453,8
47454,1
47455,13
47456,2
47457,2
47458,4
47459,13
47460,9
47461,1
47462,6
47463,12
47464,11
47465,12
47466,3
47467,2
47468,13
47469,2
47470,7
47471,4
47472,5
47473,8
47474,13
47475,7
47476,1
47477,10
47478,6
47479,9
47480,9
47481,7
47482,1
47483,0
47484,8
47485,10
47486,1
47487,7
47488,10
47489,3
47490,11
47491,10
47492,2
47493,10
47494,12
47495,6
47496,0
47497,7
47498,12
47499,1
47500,4
47501,7
47502,11
47503,8
47504,1
47505,10
47506,3
47507,8
47508,1
47509,10
47510,4
47511,11
47512,2
47513,4
47514,0
47515,4
47516,12
47517,1
47518,0
47519,6
47520,4
47521,7
47522,12
47523,11
47524,11
47525,1
47526,6
47527,12
47528,12
47529,10
47530,9
47531,12
47532,2
47533,8
47534,11
47535,6
47536,10
47537,13
47538,0
47539,7
47540,10
47541,13
47542,0
47543,10
47544,10
47545,0
47546,11
47547,0
47548,0
47549,7
47550,0
47551,11
47552,3
47553,12
47554,6
47555,13
47556,6
47557,1
47558,2
47559,6
47560,8
47561,6
47562,2
47563,0
47564,10
47565,1
47566,1
47567,0
47568,3
47569,0
47570,6
47571,12
47572,11
47573,1
47574,7
47575,2
47576,3
47577,2
47578,8
47579,12
47580,12
47581,5
47582,8
47583,10
47584,11
47585,2
47586,12
47587,7
47588,12
47589,3
47590,7
47591,7
47592,2
47593,1
47594,1
47595,10
47596,4
47597,11
47598,6
47599,11
47600,11
47601,2
47602,6
47603,0
47604,12
47605,7
47606,10
47607,1
47608,7
47609,7
47610,5
47611,10
47612,8
47613,2
47614,2
47615,11
47616,13
47617,8
47618,0
47619,8
47620,0
47621,2
47622,13
47623,13
47624,2
47625,6
47626,4
47627,11
47628,11
47629,6
47630,11
47631,11
47632,11
47633,9
47634,6
47635,11
47636,10
47637,1
47638,8
47639,11
47640,4
47641,4
47642,12
47643,4
47644,1
47645,0
47646,2
47647,3
47648,7
47649,7
47650,3
47651,8
47652,10
47653,1
47654,4
47655,12
47656,8
47657,0
47658,12
47659,11
47660,13
47661,2
47662,13
47663,6
47664,3
47665,4
47666,1
47667,8
47668,0
47669,11
47670,0
47671,0
47672,13
47673,4
47674,0
47675,1
47676,4
47677,10
47678,2
47679,4
47680,13
47681,7
47682,3
47683,0
47684,6
47685,6
47686,12
47687,0
47688,3
47689,6
47690,8
47691,3
47692,12
47693,11
47694,13
47695,3
47696,2
47697,13
47698,1
47699,7
47700,7
47701,4
47702,0
47703,3
47704,12
47705,1
47706,0
47707,7
47708,7
47709,8
47710,0
47711,11
47712,0
47713,0
47714,13
47715,10
47716,0
47717,11
47718,2
47719,12
47720,11
47721,10
47722,2
47723,0
47724,1
47725,6
47726,8
47727,8
47728,1
47729,6
47730,12
47731,4
47732,6
47733,5
47734,2
47735,0
47736,1
47737,1
47738,4
47739,12
47740,4
47741,6
47742,2
47743,13
47744,8
47745,1
47746,0
47747,6
47748,10
47749,7
47750,12
47751,0
47752,2
47753,11
47754,6
47755,3
47756,10
47757,4
47758,10
47759,7
47760,13
47761,8
47762,3
47763,11
47764,6
47765,1
47766,1
47767,8
47768,1
47769,4
47770,8
47771,7
47772,12
47773,10
47774,1
47775,0
47776,0
47777,4
47778,1
47779,8
47780,6
47781,10
47782,12
47783,2
47784,4
47785,7
47786,13
47787,8
47788,2
47789,6
47790,1
47791,0
47792,4
47793,6
47794,0
47795,11
47796,2
47797,2
47798,3
47799,2
47800,3
47801,11
47802,9
47803,10
47804,2
47805,6
47806,7
47807,2
47808,2
47809,1
47810,7
47811,13
47812,1
47813,0
47814,11
47815,4
47816,2
47817,9
47818,2
47819,0
47820,10
47821,12
47822,1
47823,3
47824,10
47825,7
47826,4
47827,6
47828,7
47829,0
47830,11
47831,1
47832,11
47833,11
47834,9
47835,9
47836,1
47837,6
47838,11
47839,12
47840,0
47841,12
47842,1
47843,12
47844,4
47845,6
47846,12
47847,2
47848,11
47849,0
47850,8
47851,8
47852,8
47853,2
47854,12
47855,12
47856,1
47857,8
47858,2
47859,6
47860,12
47861,7
47862,10
47863,1
47864,1
47865,3
47866,12
47867,0
47868,0
47869,12
47870,4
47871,10
47872,6
47873,8
47874,4
47875,1
47876,7
47877,9
47878,1
47879,0
47880,12
47881,7
47882,12
47883,0
47884,0
47885,1
47886,8
47887,5
47888,2
47889,2
47890,11
47891,13
47892,4
47893,0
47894,1
47895,2
47896,6
47897,11
47898,7
47899,3
47900,13
47901,10
47902,2
47903,1
47904,1
47905,2
47906,0
47907,3
47908,3
47909,12
47910,12
47911,5
47912,5
47913,12
47914,7
47915,1
47916,8
47917,11
47918,2
47919,11
47920,13
47921,12
47922,11
47923,12
47924,8
47925,2
47926,3
47927,2
47928,11
47929,12
47930,0
47931,12
47932,10
47933,7
47934,13
47935,2
47936,11
47937,2
47938,1
47939,0
47940,9
47941,11
47942,7
47943,1
47944,12
47945,12
47946,2
47947,0
47948,3
47949,9
47950,0
47951,10
47952,1
47953,1
47954,4
47955,3
47956,11
47957,0
47958,9
47959,0
47960,12
47961,2
47962,7
47963,4
47964,12
47965,1
47966,9
47967,1
47968,6
47969,8
47970,11
47971,10
47972,1
47973,9
47974,11
47975,11
47976,9
47977,4
47978,12
47979,2
47980,4
47981,6
47982,11
47983,2
47984,11
47985,7
47986,4
47987,11
47988,1
47989,8
47990,10
47991,6
47992,8
47993,13
47994,7
47995,9
47996,12
47997,3
47998,8
47999,1
48000,13
48001,10
48002,12
48003,4
48004,6
48005,1
48006,8
48007,1
48008,2
48009,0
48010,8
48011,0
48012,2
48013,1
48014,8
48015,9
48016,13
48017,0
48018,4
48019,1
48020,0
48021,2
48022,7
48023,13
48024,6
48025,4
48026,12
48027,3
48028,0
48029,8
48030,10
48031,8
48032,3
48033,0
48034,0
48035,13
48036,6
48037,2
48038,2
48039,8
48040,11
48041,11
48042,1
48043,7
48044,7
48045,10
48046,11
48047,3
48048,12
48049,8
48050,3
48051,8
48052,12
48053,2
48054,12
48055,2
48056,6
48057,12
48058,1
48059,1
48060,8
48061,7
48062,1
48063,4
48064,1
48065,2
48066,1
48067,10
48068,4
48069,6
48070,2
48071,7
48072,11
48073,8
48074,11
48075,1
48076,6
48077,1
48078,1
48079,11
48080,3
48081,1
48082,8
48083,6
48084,0
48085,0
48086,0
48087,12
48088,10
48089,4
48090,11
48091,3
48092,10
48093,11
48094,1
48095,12
48096,11
48097,0
48098,4
48099,12
48100,3
48101,0
48102,8
48103,4
48104,2
48105,0
48106,12
48107,11
48108,11
48109,12
48110,8
48111,7
48112,0
48113,13
48114,11
48115,11
48116,0
48117,1
48118,6
48119,2
48120,1
48121,11
48122,12
48123,12
48124,3
48125,8
48126,10
48127,0
48128,2
48129,8
48130,3
48131,4
48132,7
48133,0
48134,8
48135,7
48136,9
48137,4
48138,9
48139,2
48140,12
48141,0
48142,4
48143,11
48144,1
48145,5
48146,2
48147,2
48148,6
48149,2
48150,12
48151,6
48152,0
48153,2
48154,2
48155,9
48156,6
48157,11
48158,11
48159,12
48160,8
48161,3
48162,6
48163,0
48164,7
48165,1
48166,1
48167,1
48168,11
48169,2
48170,2
48171,4
48172,1
48173,5
48174,7
48175,2
48176,10
48177,2
48178,10
48179,2
48180,1
48181,5
48182,0
48183,0
48184,11
48185,0
48186,11
48187,4
48188,10
48189,11
48190,7
48191,4
48192,0
48193,1
48194,0
48195,8
48196,0
48197,13
48198,1
48199,6
48200,0
48201,0
48202,0
48203,12
48204,5
48205,12
48206,2
48207,0
48208,1
48209,2
48210,4
48211,9
48212,8
48213,8
48214,11
48215,0
48216,12
48217,8
48218,2
48219,0
48220,4
48221,13
48222,11
48223,0
48224,2
48225,8
48226,1
48227,1
48228,8
48229,12
48230,12
48231,11
48232,12
48233,4
48234,7
48235,0
48236,11
48237,12
48238,1
48239,7
48240,2
48241,1
48242,4
48243,7
48244,5
48245,11
48246,1
48247,13
48248,4
48249,10
48250,8
48251,2
48252,1
48253,13
48254,9
48255,6
48256,0
48257,7
48258,6
48259,9
48260,12
48261,11
48262,3
48263,0
48264,6
48265,9
48266,10
48267,7
48268,1
48269,6
48270,6
48271,0
48272,6
48273,11
48274,10
48275,2
48276,10
48277,11
48278,3
48279,8
48280,10
48281,1
48282,7
48283,0
48284,13
48285,7
48286,6
48287,2
48288,6
48289,9
48290,9
48291,8
48292,0
48293,1
48294,0
48295,6
48296,11
48297,7
48298,3
48299,6
48300,6
48301,1
48302,6
48303,12
48304,11
48305,6
48306,0
48307,2
48308,8
48309,2
48310,4
48311,5
48312,12
48313,1
48314,7
48315,6
48316,4
48317,1
48318,1
48319,1
48320,1
48321,6
48322,12
48323,2
48324,5
48325,0
48326,11
48327,11
48328,1
48329,1
48330,12
48331,2
48332,8
48333,3
48334,0
48335,5
48336,2
48337,0
48338,12
48339,11
48340,12
48341,8
48342,11
48343,1
48344,4
48345,8
48346,0
48347,4
48348,11
48349,13
48350,2
48351,0
48352,9
48353,9
48354,10
48355,12
48356,12
48357,12
48358,3
48359,11
48360,12
48361,13
48362,6
48363,11
48364,2
48365,3
48366,6
48367,8
48368,4
48369,10
48370,13
48371,12
48372,2
48373,1
48374,2
48375,13
48376,10
48377,10
48378,11
48379,2
48380,11
48381,7
48382,12
48383,8
48384,8
48385,6
48386,13
48387,6
48388,10
48389,4
48390,4
48391,2
48392,4
48393,2
48394,13
48395,12
48396,12
48397,11
48398,6
48399,0
48400,2
48401,12
48402,7
48403,13
48404,2
48405,12
48406,0
48407,8
48408,2
48409,1
48410,11
48411,8
48412,11
48413,7
48414,12
48415,1
48416,2
48417,12
48418,10
48419,11
48420,6
48421,8
48422,11
48423,1
48424,5
48425,0
48426,0
48427,0
48428,8
48429,6
48430,12
48431,13
48432,8
48433,6
48434,8
48435,1
48436,8
48437,1
48438,13
48439,0
48440,9
48441,13
48442,6
48443,1
48444,12
48445,4
48446,12
48447,3
48448,13
48449,6
48450,2
48451,3
48452,7
48453,6
48454,1
48455,11
48456,1
48457,6
48458,9
48459,6
48460,0
48461,7
48462,2
48463,4
48464,12
48465,13
48466,7
48467,5
48468,2
48469,7
48470,10
48471,11
48472,8
48473,6
48474,4
48475,13
48476,11
48477,1
48478,1
48479,0
48480,3
48481,9
48482,11
48483,4
48484,9
48485,8
48486,1
48487,11
48488,2
48489,12
48490,0
48491,10
48492,1
48493,8
48494,1
48495,12
48496,8
48497,7
48498,10
48499,4
48500,1
48501,3
48502,13
48503,11
48504,11
48505,11
48506,4
48507,2
48508,2
48509,1
48510,1
48511,11
48512,6
48513,10
48514,6
48515,1
48516,11
48517,2
48518,10
48519,12
48520,8
48521,7
48522,3
48523,1
48524,7
48525,8
48526,2
48527,0
48528,10
48529,2
48530,11
48531,6
48532,8
48533,8
48534,3
48535,12
48536,2
48537,3
48538,4
48539,2
48540,4
48541,7
48542,11
48543,8
48544,11
48545,13
48546,12
48547,1
48548,6
48549,6
48550,10
48551,1
48552,8
48553,3
48554,2
48555,8
48556,7
48557,0
48558,11
48559,12
48560,13
48561,8
48562,8
48563,2
48564,12
48565,11
48566,6
48567,11
48568,13
48569,11
48570,7
48571,0
48572,1
48573,12
48574,6
48575,11
48576,9
48577,10
48578,11
48579,10
48580,9
48581,4
48582,6
48583,9
48584,12
48585,3
48586,1
48587,7
48588,6
48589,0
48590,3
48591,12
48592,10
48593,2
48594,7
48595,2
48596,2
48597,8
48598,7
48599,0
48600,11
48601,2
48602,13
48603,12
48604,11
48605,2
48606,4
48607,10
48608,0
48609,1
48610,6
48611,12
48612,7
48613,6
48614,7
48615,13
48616,8
48617,7
48618,4
48619,10
48620,11
48621,3
48622,0
48623,6
48624,11
48625,12
48626,8
48627,6
48628,10
48629,11
48630,8
48631,9
48632,4
48633,1
48634,7
48635,8
48636,11
48637,8
48638,1
48639,8
48640,11
48641,6
48642,3
48643,0
48644,0
48645,4
48646,1
48647,3
48648,10
48649,11
48650,0
48651,13
48652,11
48653,12
48654,11
48655,0
48656,7
48657,7
48658,12
48659,13
48660,11
48661,13
48662,11
48663,12
48664,1
48665,13
48666,13
48667,1
48668,11
48669,10
48670,8
48671,6
48672,5
48673,2
48674,9
48675,3
48676,4
48677,1
48678,11
48679,0
48680,8
48681,8
48682,1
48683,11
48684,4
48685,7
48686,4
48687,0
48688,11
48689,4
48690,7
48691,11
48692,3
48693,2
48694,7
48695,6
48696,2
48697,13
48698,6
48699,3
48700,1
48701,3
48702,2
48703,7
48704,11
48705,12
48706,0
48707,0
48708,12
48709,8
48710,8
48711,4
48712,2
48713,13
48714,4
48715,2
48716,2
48717,10
48718,2
48719,4
48720,0
48721,2
48722,2
48723,2
48724,6
48725,6
48726,4
48727,9
48728,7
48729,0
48730,8
48731,1
48732,1
48733,1
48734,13
48735,0
48736,3
48737,4
48738,7
48739,2
48740,3
48741,1
48742,9
48743,1
48744,8
48745,6
48746,2
48747,2
48748,12
48749,12
48750,12
48751,10
48752,1
48753,2
48754,10
48755,5
48756,1
48757,3
48758,1
48759,6
48760,7
48761,8
48762,7
48763,4
48764,11
48765,2
48766,2
48767,2
48768,4
48769,10
48770,11
48771,2
48772,2
48773,2
48774,11
48775,9
48776,1
48777,12
48778,4
48779,13
48780,0
48781,1
48782,13
48783,13
48784,13
48785,3
48786,11
48787,13
48788,1
48789,4
48790,13
48791,4
48792,0
48793,11
48794,0
48795,1
48796,7
48797,4
48798,5
48799,6
48800,2
48801,7
48802,13
48803,6
48804,8
48805,6
48806,0
48807,11
48808,3
48809,6
48810,6
48811,11
48812,1
48813,9
48814,7
48815,8
48816,4
48817,0
48818,10
48819,1
48820,8
48821,7
48822,0
48823,1
48824,10
48825,6
48826,8
48827,2
48828,8
48829,8
48830,1
48831,3
48832,11
48833,2
48834,9
48835,2
48836,8
48837,11
48838,4
48839,6
48840,2
48841,0
48842,12
48843,13
48844,12
48845,11
48846,13
48847,0
48848,7
48849,8
48850,4
48851,0
48852,0
48853,10
48854,7
48855,2
48856,6
48857,3
48858,9
48859,3
48860,6
48861,6
48862,1
48863,12
48864,13
48865,8
48866,6
48867,13
48868,6
48869,10
48870,12
48871,13
48872,13
48873,0
48874,12
48875,8
48876,7
48877,2
48878,3
48879,12
48880,0
48881,11
48882,0
48883,4
48884,8
48885,3
48886,13
48887,3
48888,11
48889,6
48890,8
48891,3
48892,3
48893,8
48894,0
48895,7
48896,11
48897,1
48898,3
48899,6
48900,7
48901,5
48902,8
48903,3
48904,4
48905,7
48906,4
48907,9
48908,2
48909,1
48910,13
48911,7
48912,1
48913,1
48914,2
48915,11
48916,7
48917,8
48918,9
48919,1
48920,6
48921,3
48922,3
48923,2
48924,4
48925,11
48926,2
48927,10
48928,4
48929,2
48930,6
48931,4
48932,2
48933,13
48934,12
48935,0
48936,8
48937,7
48938,3
48939,6
48940,3
48941,6
48942,7
48943,1
48944,11
48945,1
48946,1
48947,10
48948,1
48949,4
48950,0
48951,11
48952,0
48953,1
48954,12
48955,2
48956,10
48957,4
48958,3
48959,12
48960,11
48961,2
48962,7
48963,11
48964,1
48965,7
48966,2
48967,7
48968,3
48969,1
48970,8
48971,7
48972,4
48973,11
48974,9
48975,4
48976,4
48977,1
48978,11
48979,13
48980,11
48981,0
48982,11
48983,11
48984,7
48985,10
48986,11
48987,8
48988,2
48989,6
48990,8
48991,10
48992,2
48993,13
48994,6
48995,2
48996,10
48997,8
48998,8
48999,7
49000,2
49001,13
49002,8
49003,2
49004,0
49005,6
49006,11
49007,2
49008,1
49009,3
49010,9
49011,10
49012,12
49013,8
49014,12
49015,1
49016,6
49017,8
49018,12
49019,7
49020,6
49021,4
49022,1
49023,7
49024,6
49025,9
49026,8
49027,12
49028,2
49029,2
49030,1
49031,4
49032,0
49033,4
49034,1
49035,11
49036,2
49037,6
49038,0
49039,2
49040,11
49041,2
49042,11
49043,2
49044,2
49045,10
49046,0
49047,8
49048,11
49049,11
49050,0
49051,0
49052,1
49053,6
49054,1
49055,12
49056,9
49057,8
49058,13
49059,13
49060,0
49061,4
49062,10
49063,12
49064,11
49065,3
49066,0
49067,3
49068,8
49069,5
49070,2
49071,8
49072,4
49073,11
49074,0
49075,2
49076,11
49077,8
49078,7
49079,11
49080,1
49081,12
49082,3
49083,8
49084,2
49085,7
49086,0
49087,9
49088,11
49089,2
49090,13
49091,11
49092,2
49093,13
49094,8
49095,0
49096,8
49097,11
49098,13
49099,1
49100,4
49101,2
49102,12
49103,7
49104,11
49105,7
49106,2
49107,1
49108,6
49109,10
49110,0
49111,8
49112,0
49113,13
49114,13
49115,10
49116,9
49117,8
49118,4
49119,7
49120,11
49121,6
49122,1
49123,1
49124,1
49125,8
49126,8
49127,1
49128,10
49129,2
49130,11
49131,11
49132,12
49133,1
49134,5
49135,7
49136,2
49137,2
49138,11
49139,13
49140,4
49141,4
49142,9
49143,9
49144,13
49145,8
49146,3
49147,2
49148,0
49149,3
49150,2
49151,12
49152,5
49153,13
49154,0
49155,7
49156,2
49157,6
49158,1
49159,13
49160,0
49161,2
49162,1
49163,4
49164,1
49165,2
49166,7
49167,4
49168,11
49169,4
49170,8
49171,6
49172,11
49173,12
49174,2
49175,8
49176,11
49177,2
49178,8
49179,2
49180,0
49181,11
49182,4
49183,11
49184,2
49185,13
49186,8
49187,9
49188,3
49189,1
49190,3
49191,3
49192,3
49193,9
49194,2
49195,6
49196,12
49197,8
49198,1
49199,6
49200,8
49201,2
49202,2
49203,0
49204,0
49205,8
49206,6
49207,7
49208,5
49209,12
49210,12
49211,3
49212,10
49213,4
49214,8
49215,13
49216,4
49217,8
49218,2
49219,1
49220,1
49221,8
49222,12
49223,11
49224,11
49225,4
49226,2
49227,0
49228,1
49229,2
49230,6
49231,8
49232,11
49233,10
49234,11
49235,13
49236,5
49237,4
49238,2
49239,6
49240,6
49241,1
49242,2
49243,2
49244,4
49245,10
49246,0
49247,11
49248,4
49249,0
49250,11
49251,0
49252,7
49253,0
49254,1
49255,2
49256,2
49257,9
49258,3
49259,6
49260,7
49261,11
49262,3
49263,8
49264,9
49265,4
49266,6
49267,1
49268,3
49269,3
49270,13
49271,12
49272,10
49273,11
49274,8
49275,3
49276,2
49277,8
49278,0
49279,1
49280,7
49281,11
49282,6
49283,12
49284,0
49285,8
49286,1
49287,2
49288,11
49289,0
49290,3
49291,11
49292,10
49293,8
49294,11
49295,8
49296,4
49297,1
49298,8
49299,4
49300,0
49301,5
49302,0
49303,12
49304,0
49305,3
49306,0
49307,10
49308,7
49309,0
49310,1
49311,3
49312,10
49313,5
49314,4
49315,6
49316,7
49317,3
49318,11
49319,7
49320,6
49321,11
49322,0
49323,12
49324,2
49325,1
49326,9
49327,2
49328,2
49329,12
49330,8
49331,2
49332,7
49333,0
49334,11
49335,6
49336,11
49337,1
49338,3
49339,12
49340,6
49341,12
49342,0
49343,10
49344,4
49345,13
49346,9
49347,11
49348,10
49349,1
49350,12
49351,9
49352,1
49353,1
49354,6
49355,7
49356,7
49357,9
49358,3
49359,5
49360,11
49361,13
49362,8
49363,1
49364,2
49365,6
49366,1
49367,12
49368,6
49369,2
49370,12
49371,13
49372,5
49373,3
49374,2
49375,1
49376,2
49377,10
49378,1
49379,2
49380,5
49381,12
49382,1
49383,7
49384,7
49385,10
49386,1
49387,7
49388,11
49389,2
49390,7
49391,6
49392,3
49393,13
49394,12
49395,2
49396,4
49397,11
49398,3
49399,9
49400,1
49401,6
49402,1
49403,8
49404,0
49405,7
49406,11
49407,0
49408,10
49409,1
49410,0
49411,6
49412,6
49413,3
49414,12
49415,12
49416,11
49417,1
49418,8
49419,12
49420,11
49421,6
49422,4
49423,8
49424,4
49425,12
49426,1
49427,1
49428,12
49429,11
49430,12
49431,11
49432,7
49433,1
49434,2
49435,4
49436,0
49437,13
49438,10
49439,0
49440,2
49441,11
49442,2
49443,4
49444,0
49445,11
49446,0
49447,10
49448,7
49449,4
49450,1
49451,2
49452,7
49453,9
49454,13
49455,4
49456,0
49457,8
49458,9
49459,3
49460,11
49461,0
49462,1
49463,7
49464,12
49465,0
49466,5
49467,0
49468,2
49469,3
49470,12
49471,3
49472,11
49473,3
49474,6
49475,11
49476,11
49477,4
49478,10
49479,11
49480,4
49481,6
49482,12
49483,10
49484,13
49485,7
49486,4
49487,8
49488,11
49489,2
49490,10
49491,0
49492,4
49493,0
49494,4
49495,13
49496,3
49497,11
49498,10
49499,2
49500,11
49501,6
49502,1
49503,7
49504,0
49505,11
49506,3
49507,4
49508,9
49509,3
49510,8
49511,2
49512,8
49513,1
49514,8
49515,0
49516,13
49517,6
49518,4
49519,12
49520,2
49521,1
49522,8
49523,0
49524,0
49525,7
49526,11
49527,13
49528,4
49529,0
49530,12
49531,11
49532,11
49533,10
49534,11
49535,1
49536,11
49537,10
49538,7
49539,8
49540,11
49541,10
49542,11
49543,8
49544,12
49545,11
49546,1
49547,1
49548,7
49549,7
49550,9
49551,3
49552,2
49553,11
49554,0
49555,12
49556,3
49557,6
49558,1
49559,2
49560,7
49561,0
49562,8
49563,12
49564,13
49565,2
49566,1
49567,0
49568,7
49569,7
49570,10
49571,13
49572,11
49573,2
49574,7
49575,11
49576,10
49577,10
49578,12
49579,6
49580,11
49581,12
49582,12
49583,10
49584,4
49585,9
49586,11
49587,6
49588,12
49589,6
49590,12
49591,11
49592,2
49593,2
49594,6
49595,0
49596,1
49597,1
49598,1
49599,12
49600,9
49601,2
49602,8
49603,12
49604,7
49605,10
49606,10
49607,2
49608,6
49609,6
49610,13
49611,11
49612,13
49613,3
49614,1
49615,8
49616,11
49617,11
49618,13
49619,12
49620,6
49621,7
49622,9
49623,7
49624,2
49625,13
49626,12
49627,7
49628,2
49629,10
49630,8
49631,11
49632,11
49633,10
49634,9
49635,13
49636,11
49637,8
49638,13
49639,13
49640,10
49641,0
49642,6
49643,0
49644,1
49645,2
49646,13
49647,9
49648,6
49649,1
49650,7
49651,12
49652,2
49653,8
49654,6
49655,13
49656,1
49657,2
49658,7
49659,2
49660,6
49661,1
49662,1
49663,10
49664,11
49665,11
49666,10
49667,1
49668,2
49669,12
49670,11
49671,8
49672,4
49673,6
49674,1
49675,1
49676,4
49677,0
49678,2
49679,7
49680,11
49681,0
49682,1
49683,6
49684,0
49685,12
49686,10
49687,9
49688,2
49689,10
49690,13
49691,3
49692,10
49693,12
49694,6
49695,1
49696,3
49697,4
49698,4
49699,6
49700,0
49701,9
49702,7
49703,11
49704,7
49705,2
49706,4
49707,0
49708,8
49709,3
49710,11
49711,9
49712,0
49713,4
49714,2
49715,7
49716,0
49717,7
49718,4
49719,9
49720,12
49721,2
49722,0
49723,12
49724,8
49725,8
49726,11
49727,6
49728,6
49729,2
49730,1
49731,6
49732,9
49733,8
49734,2
49735,0
49736,2
49737,4
49738,6
49739,12
49740,1
49741,0
49742,6
49743,11
49744,10
49745,0
49746,6
49747,11
49748,4
49749,7
49750,1
49751,2
49752,11
49753,0
49754,3
49755,1
49756,11
49757,11
49758,7
49759,1
49760,7
49761,12
49762,7
49763,7
49764,0
49765,2
49766,4
49767,2
49768,8
49769,2
49770,2
49771,11
49772,7
49773,3
49774,3
49775,4
49776,0
49777,1
49778,3
49779,1
49780,7
49781,8
49782,6
49783,9
49784,3
49785,11
49786,10
49787,12
49788,9
49789,1
49790,0
49791,1
49792,1
49793,6
49794,10
49795,11
49796,11
49797,2
49798,2
49799,12
49800,4
49801,4
49802,3
49803,0
49804,7
49805,12
49806,1
49807,11
49808,0
49809,1
49810,9
49811,11
49812,4
49813,6
49814,10
49815,4
49816,2
49817,7
49818,8
49819,9
49820,8
49821,10
49822,11
49823,2
49824,8
49825,9
49826,3
49827,11
49828,13
49829,0
49830,4
49831,6
49832,12
49833,2
49834,3
49835,2
49836,10
49837,7
49838,1
49839,0
49840,3
49841,11
49842,9
49843,3
49844,13
49845,1
49846,0
49847,10
49848,11
49849,1
49850,0
49851,0
49852,7
49853,13
49854,6
49855,11
49856,8
49857,6
49858,7
49859,1
49860,10
49861,6
49862,9
49863,1
49864,2
49865,1
49866,11
49867,10
49868,5
49869,2
49870,11
49871,7
49872,10
49873,13
49874,2
49875,11
49876,1
49877,2
49878,4
49879,12
49880,6
49881,10
49882,7
49883,3
49884,13
49885,2
49886,6
49887,13
49888,0
49889,10
49890,6
49891,10
49892,12
49893,2
49894,10
49895,4
49896,3
49897,8
49898,1
49899,11
49900,10
49901,0
49902,12
49903,0
49904,6
49905,6
49906,8
49907,11
49908,13
49909,10
49910,7
49911,1
49912,3
49913,2
49914,4
49915,4
49916,5
49917,13
49918,0
49919,0
49920,2
49921,2
49922,6
49923,8
49924,8
49925,7
49926,3
49927,8
49928,0
49929,11
49930,0
49931,11
49932,3
49933,7
49934,0
49935,0
49936,0
49937,1
49938,13
49939,11
49940,8
49941,4
49942,10
49943,2
49944,8
49945,11
49946,0
49947,9
49948,4
49949,11
49950,8
49951,2
49952,13
49953,5
49954,2
49955,3
49956,4
49957,2
49958,8
49959,0
49960,1
49961,12
49962,12
49963,6
49964,7
49965,5
49966,9
49967,12
49968,13
49969,11
49970,3
49971,9
49972,0
49973,13
49974,0
49975,2
49976,11
49977,11
49978,12
49979,10
49980,7
49981,3
49982,1
49983,4
49984,9
49985,10
49986,8
49987,12
49988,12
49989,12
49990,0
49991,5
49992,1
49993,11
49994,9
49995,4
49996,3
49997,0
49998,11
49999,0
50000,10
50001,9
50002,0
50003,12
50004,11
50005,9
50006,2
50007,11
50008,6
50009,6
50010,11
50011,7
50012,7
50013,2
50014,2
50015,2
50016,3
50017,7
50018,3
50019,1
50020,9
50021,0
50022,0
50023,6
50024,1
50025,12
50026,0
50027,13
50028,3
50029,1
50030,11
50031,1
50032,0
50033,0
50034,1
50035,6
50036,9
50037,4
50038,7
50039,0
50040,12
50041,9
50042,7
50043,11
50044,7
50045,7
50046,2
50047,1
50048,3
50049,9
50050,11
50051,10
50052,1
50053,3
50054,10
50055,10
50056,4
50057,0
50058,12
50059,11
50060,10
50061,6
50062,4
50063,10
50064,10
50065,6
50066,8
50067,4
50068,10
50069,9
50070,1
50071,6
50072,8
50073,9
50074,1
50075,4
50076,2
50077,13
50078,11
50079,1
50080,8
50081,3
50082,0
50083,2
50084,3
50085,4
50086,0
50087,8
50088,1
50089,2
50090,13
50091,1
50092,4
50093,4
50094,10
50095,13
50096,9
50097,1
50098,12
50099,2
50100,11
50101,7
50102,4
50103,11
50104,11
50105,12
50106,0
50107,1
50108,1
50109,0
50110,11
50111,3
50112,7
50113,13
50114,11
50115,11
50116,6
50117,5
50118,0
50119,8
50120,2
50121,4
50122,13
50123,12
50124,13
50125,12
50126,1
50127,1
50128,12
50129,12
50130,6
50131,11
50132,0
50133,2
50134,6
50135,11
50136,11
50137,7
50138,10
50139,9
50140,11
50141,7
50142,7
50143,0
50144,11
50145,8
50146,8
50147,0
50148,1
50149,8
50150,12
50151,7
50152,0
50153,1
50154,12
50155,3
50156,0
50157,1
50158,7
50159,1
50160,9
50161,9
50162,10
50163,0
50164,8
50165,1
50166,10
50167,2
50168,9
50169,7
50170,2
50171,0
50172,6
50173,8
50174,2
50175,11
50176,2
50177,6
50178,4
50179,8
50180,12
50181,3
50182,11
50183,0
50184,12
50185,6
50186,12
50187,9
50188,9
50189,3
50190,0
50191,0
50192,13
50193,0
50194,12
50195,0
50196,3
50197,8
50198,2
50199,13
50200,2
50201,11
50202,1
50203,7
50204,4
50205,7
50206,4
50207,10
50208,4
50209,3
50210,10
50211,2
50212,11
50213,5
50214,9
50215,1
50216,2
50217,2
50218,7
50219,12
50220,1
50221,9
50222,11
50223,2
50224,9
50225,7
50226,2
50227,1
50228,11
50229,3
50230,1
50231,8
50232,7
50233,4
50234,11
50235,1
50236,3
50237,0
50238,8
50239,2
50240,0
50241,1
50242,3
50243,6
50244,12
50245,0
50246,6
50247,9
50248,11
50249,8
50250,12
50251,0
50252,1
50253,0
50254,1
50255,10
50256,12
50257,2
50258,0
50259,1
50260,11
50261,7
50262,4
50263,2
50264,11
50265,11
50266,10
50267,8
50268,3
50269,1
50270,3
50271,5
50272,12
50273,5
50274,4
50275,2
50276,11
50277,0
50278,1
50279,6
50280,6
50281,0
50282,1
50283,0
50284,3
50285,1
50286,4
50287,8
50288,2
50289,8
50290,1
50291,2
50292,8
50293,11
50294,0
50295,1
50296,12
50297,2
50298,11
50299,0
50300,11
50301,2
50302,12
50303,8
50304,12
50305,10
50306,2
50307,4
50308,12
50309,7
50310,0
50311,1
50312,2
50313,8
50314,2
50315,11
50316,1
50317,9
50318,11
50319,13
50320,8
50321,10
50322,8
50323,0
50324,1
50325,8
50326,11
50327,8
50328,0
50329,12
50330,10
50331,13
50332,8
50333,10
50334,1
50335,2
50336,0
50337,8
50338,8
50339,8
50340,3
50341,2
50342,2
50343,7
50344,0
50345,13
50346,11
50347,10
50348,6
50349,6
50350,11
50351,11
50352,2
50353,2
50354,11
50355,12
50356,10
50357,6
50358,1
50359,8
50360,8
50361,13
50362,6
50363,11
50364,0
50365,12
50366,2
50367,9
50368,12
50369,11
50370,0
50371,12
50372,2
50373,3
50374,0
50375,5
50376,12
50377,2
50378,12
50379,3
50380,11
50381,4
50382,7
50383,7
50384,11
50385,4
50386,2
50387,12
50388,0
50389,7
50390,1
50391,7
50392,3
50393,11
50394,12
50395,4
50396,1
50397,8
50398,13
50399,10
50400,8
50401,10
50402,7
50403,0
50404,10
50405,7
50406,7
50407,3
50408,0
50409,4
50410,10
50411,7
50412,7
50413,13
50414,8
50415,10
50416,7
50417,2
50418,4
50419,6
50420,10
50421,1
50422,7
50423,2
50424,2
50425,6
50426,3
50427,1
50428,12
50429,12
50430,9
50431,9
50432,8
50433,8
50434,0
50435,12
50436,11
50437,0
50438,0
50439,10
50440,3
50441,0
50442,13
50443,10
50444,8
50445,9
50446,12
50447,10
50448,8
50449,4
50450,11
50451,8
50452,0
50453,7
50454,1
50455,4
50456,4
50457,3
50458,8
50459,0
50460,12
50461,3
50462,6
50463,1
50464,9
50465,8
50466,9
50467,4
50468,4
50469,1
50470,1
50471,2
50472,7
50473,0
50474,2
50475,3
50476,10
50477,7
50478,12
50479,12
50480,7
50481,0
50482,11
50483,6
50484,10
50485,2
50486,3
50487,7
50488,7
50489,2
50490,13
50491,10
50492,11
50493,2
50494,12
50495,4
50496,2
50497,0
50498,1
50499,8
50500,4
50501,4
50502,1
50503,6
50504,0
50505,11
50506,13
50507,11
50508,9
50509,11
50510,4
50511,4
50512,0
50513,0
50514,1
50515,11
50516,12
50517,7
50518,9
50519,1
50520,3
50521,9
50522,1
50523,7
50524,3
50525,6
50526,11
50527,12
50528,2
50529,12
50530,11
50531,9
50532,13
50533,1
50534,11
50535,11
50536,13
50537,10
50538,1
50539,8
50540,8
50541,1
50542,8
50543,2
50544,11
50545,6
50546,0
50547,10
50548,6
50549,6
50550,1
50551,1
50552,12
50553,7
50554,4
50555,1
50556,1
50557,6
50558,2
50559,10
50560,9
50561,4
50562,1
50563,3
50564,11
50565,3
50566,1
50567,2
50568,0
50569,12
50570,1
50571,6
50572,11
50573,0
50574,4
50575,7
50576,1
50577,3
50578,2
50579,2
50580,0
50581,10
50582,1
50583,6
50584,0
50585,1
50586,1
50587,2
50588,13
50589,8
50590,0
50591,0
50592,2
50593,2
50594,2
50595,4
50596,12
50597,2
50598,2
50599,3
50600,9
50601,11
50602,1
50603,1
50604,0
50605,1
50606,10
50607,2
50608,9
50609,11
50610,12
50611,6
50612,11
50613,0
50614,8
50615,7
50616,13
50617,11
50618,13
50619,11
50620,3
50621,7
50622,13
50623,11
50624,12
50625,8
50626,9
50627,7
50628,1
50629,12
50630,6
50631,1
50632,2
50633,9
50634,11
50635,4
50636,2
50637,1
50638,0
50639,6
50640,11
50641,11
50642,3
50643,0
50644,1
50645,10
50646,10
50647,11
50648,5
50649,2
50650,8
50651,2
50652,2
50653,7
50654,4
50655,3
50656,10
50657,7
50658,6
50659,2
50660,13
50661,13
50662,12
50663,12
50664,13
50665,11
50666,2
50667,13
50668,1
50669,9
50670,13
50671,2
50672,3
50673,13
50674,4
50675,3
50676,4
50677,13
50678,12
50679,9
50680,12
50681,10
50682,12
50683,0
50684,7
50685,0
50686,2
50687,13
50688,0
50689,1
50690,7
50691,4
50692,0
50693,1
50694,0
50695,8
50696,12
50697,1
50698,1
50699,12
50700,12
50701,2
50702,4
50703,10
50704,10
50705,1
50706,0
50707,0
50708,6
50709,7
50710,8
50711,8
50712,4
50713,1
50714,2
50715,11
50716,0
50717,8
50718,1
50719,11
50720,11
50721,7
50722,6
50723,3
50724,10
50725,6
50726,13
50727,11
50728,6
50729,0
50730,11
50731,10
50732,4
50733,10
50734,6
50735,11
50736,12
50737,4
50738,11
50739,0
50740,11
50741,1
50742,7
50743,1
50744,13
50745,1
50746,5
50747,9
50748,11
50749,13
50750,7
50751,11
50752,0
50753,2
50754,1
50755,13
50756,1
50757,11
50758,2
50759,1
50760,4
50761,12
50762,0
50763,8
50764,12
50765,7
50766,0
50767,8
50768,13
50769,11
50770,3
50771,5
50772,2
50773,2
50774,2
50775,9
50776,3
50777,1
50778,6
50779,11
50780,13
50781,1
50782,4
50783,7
50784,11
50785,12
50786,12
50787,0
50788,10
50789,13
50790,12
50791,1
50792,7
50793,13
50794,2
50795,12
50796,3
50797,12
50798,8
50799,3
50800,1
50801,11
50802,10
50803,10
50804,3
50805,10
50806,7
50807,10
50808,12
50809,4
50810,11
50811,2
50812,0
50813,6
50814,3
50815,1
50816,8
50817,2
50818,3
50819,0
50820,11
50821,12
50822,3
50823,4
50824,9
50825,13
50826,0
50827,11
50828,11
50829,11
50830,11
50831,12
50832,7
50833,8
50834,2
50835,12
50836,0
50837,0
50838,2
50839,1
50840,4
50841,9
50842,1
50843,6
50844,11
50845,9
50846,9
50847,6
50848,4
50849,13
50850,4
50851,1
50852,2
50853,6
50854,13
50855,11
50856,11
50857,11
50858,12
50859,11
50860,11
50861,2
50862,1
50863,2
50864,0
50865,6
50866,0
50867,1
50868,0
50869,2
50870,9
50871,0
50872,0
50873,2
50874,13
50875,6
50876,7
50877,1
50878,4
50879,13
50880,1
50881,3
50882,5
50883,12
50884,2
50885,7
50886,12
50887,4
50888,0
50889,4
50890,13
50891,12
50892,2
50893,12
50894,12
50895,12
50896,6
50897,9
50898,0
50899,10
50900,2
50901,0
50902,0
50903,3
50904,3
50905,1
50906,12
50907,10
50908,9
50909,11
50910,9
50911,0
50912,0
50913,1
50914,7
50915,0
50916,6
50917,6
50918,1
50919,10
50920,0
50921,9
50922,2
50923,2
50924,10
50925,12
50926,11
50927,6
50928,8
50929,12
50930,2
50931,13
50932,0
50933,1
50934,10
50935,6
50936,9
50937,2
50938,11
50939,12
50940,7
50941,3
50942,8
50943,9
50944,1
50945,6
50946,13
50947,8
50948,8
50949,0
50950,13
50951,8
50952,0
50953,8
50954,13
50955,13
50956,2
50957,2
50958,1
50959,10
50960,6
50961,2
50962,1
50963,6
50964,7
50965,8
50966,8
50967,13
50968,6
50969,0
50970,2
50971,4
50972,7
50973,4
50974,1
50975,3
50976,11
50977,8
50978,11
50979,8
50980,9
50981,0
50982,8
50983,2
50984,11
50985,4
50986,9
50987,1
50988,7
50989,2
50990,4
50991,10
50992,2
50993,9
50994,2
50995,10
50996,1
50997,7
50998,0
50999,1
51000,8
51001,13
51002,7
51003,4
51004,12
51005,2
51006,11
51007,5
51008,0
51009,10
51010,1
51011,4
51012,12
51013,1
51014,2
51015,0
51016,8
51017,11
51018,0
51019,8
51020,11
51021,12
51022,0
51023,9
51024,4
51025,0
51026,0
51027,8
51028,11
51029,8
51030,13
51031,9
51032,4
51033,12
51034,3
51035,2
51036,3
51037,1
51038,3
51039,7
51040,11
51041,7
51042,5
51043,1
51044,0
51045,11
51046,4
51047,2
51048,10
51049,2
51050,11
51051,11
51052,8
51053,2
51054,1
51055,7
51056,2
51057,1
51058,11
51059,3
51060,7
51061,13
51062,5
51063,8
51064,4
51065,3
51066,10
51067,12
51068,13
51069,7
51070,3
51071,8
51072,4
51073,2
51074,13
51075,8
51076,12
51077,12
51078,6
51079,13
51080,0
51081,12
51082,0
51083,7
51084,8
51085,6
51086,10
51087,13
51088,11
51089,9
51090,13
51091,7
51092,9
51093,7
51094,2
51095,10
51096,10
51097,3
51098,5
51099,5
51100,11
51101,8
51102,6
51103,8
51104,10
51105,7
51106,11
51107,7
51108,12
51109,0
51110,2
51111,11
51112,12
51113,0
51114,3
51115,11
51116,8
51117,12
51118,1
51119,11
51120,11
51121,12
51122,9
51123,2
51124,11
51125,6
51126,0
51127,2
51128,2
51129,12
51130,2
51131,11
51132,8
51133,11
51134,0
51135,4
51136,0
51137,8
51138,13
51139,6
51140,8
51141,11
51142,2
51143,13
51144,4
51145,11
51146,11
51147,3
51148,12
51149,13
51150,8
51151,8
51152,2
51153,13
51154,2
51155,2
51156,2
51157,3
51158,2
51159,2
51160,3
51161,3
51162,1
51163,8
51164,10
51165,11
51166,7
51167,7
51168,6
51169,3
51170,1
51171,12
51172,1
51173,13
51174,13
51175,1
51176,2
51177,11
51178,1
51179,0
51180,11
51181,1
51182,3
51183,12
51184,2
51185,1
51186,7
51187,2
51188,0
51189,4
51190,12
51191,13
51192,11
51193,8
51194,11
51195,11
51196,12
51197,4
51198,4
51199,11
51200,2
51201,8
51202,3
51203,11
51204,10
51205,10
51206,0
51207,4
51208,0
51209,1
51210,4
51211,6
51212,13
51213,12
51214,1
51215,12
51216,2
51217,9
51218,0
51219,2
51220,0
51221,2
51222,11
51223,7
51224,9
51225,4
51226,1
51227,2
51228,1
51229,11
51230,9
51231,7
51232,11
51233,2
51234,9
51235,8
51236,11
51237,11
51238,12
51239,11
51240,0
51241,6
51242,6
51243,6
51244,11
51245,12
51246,4
51247,11
51248,1
51249,3
51250,6
51251,12
51252,4
51253,12
51254,4
51255,0
51256,0
51257,6
51258,11
51259,2
51260,2
51261,0
51262,9
51263,4
51264,8
51265,8
51266,1
51267,8
51268,4
51269,0
51270,6
51271,1
51272,13
51273,1
51274,6
51275,12
51276,12
51277,4
51278,9
51279,13
51280,7
51281,4
51282,9
51283,10
51284,1
51285,10
51286,6
51287,11
51288,4
51289,9
51290,3
51291,2
51292,8
51293,11
51294,8
51295,11
51296,9
51297,1
51298,13
51299,2
51300,11
51301,10
51302,10
51303,2
51304,9
51305,10
51306,11
51307,2
51308,0
51309,1
51310,0
51311,7
51312,7
51313,0
51314,11
51315,8
51316,13
51317,1
51318,4
51319,2
51320,6
51321,6
51322,6
51323,8
51324,9
51325,4
51326,6
51327,12
51328,7
51329,2
51330,2
51331,0
51332,1
51333,12
51334,0
51335,1
51336,0
51337,5
51338,4
51339,5
51340,9
51341,7
51342,3
51343,2
51344,12
51345,2
51346,1
51347,2
51348,10
51349,0
51350,6
51351,1
51352,8
51353,11
51354,4
51355,9
51356,10
51357,0
51358,2
51359,0
51360,11
51361,1
51362,12
51363,5
51364,2
51365,5
51366,0
51367,9
51368,2
51369,4
51370,10
51371,9
51372,4
51373,2
51374,1
51375,3
51376,7
51377,13
51378,12
51379,12
51380,11
51381,11
51382,6
51383,13
51384,4
51385,1
51386,9
51387,12
51388,11
51389,0
51390,12
51391,13
51392,10
51393,0
51394,4
51395,2
51396,1
51397,10
51398,1
51399,4
51400,12
51401,12
51402,11
51403,11
51404,2
51405,11
51406,6
51407,4
51408,4
51409,9
51410,0
51411,1
51412,10
51413,13
51414,0
51415,2
51416,4
51417,8
51418,7
51419,0
51420,9
51421,9
51422,9
51423,7
51424,8
51425,0
51426,7
51427,0
51428,1
51429,12
51430,3
51431,0
51432,2
51433,8
51434,0
51435,0
51436,8
51437,2
51438,2
51439,0
51440,1
51441,10
51442,6
51443,12
51444,0
51445,2
51446,2
51447,12
51448,6
51449,6
51450,6
51451,11
51452,1
51453,2
51454,0
51455,6
51456,1
51457,1
51458,11
51459,8
51460,11
51461,8
51462,8
51463,10
51464,8
51465,1
51466,6
51467,1
51468,4
51469,1
51470,11
51471,11
51472,10
51473,11
51474,12
51475,6
51476,4
51477,3
51478,13
51479,7
51480,3
51481,12
51482,1
51483,0
51484,1
51485,5
51486,4
51487,2
51488,10
51489,11
51490,2
51491,9
51492,8
51493,0
51494,10
51495,11
51496,9
51497,4
51498,0
51499,0
51500,2
51501,13
51502,8
51503,11
51504,1
51505,11
51506,12
51507,3
51508,12
51509,6
51510,8
51511,11
51512,1
51513,0
51514,4
51515,0
51516,10
51517,5
51518,6
51519,10
51520,11
51521,2
51522,1
51523,13
51524,6
51525,11
51526,10
51527,2
51528,10
51529,9
51530,6
51531,1
51532,11
51533,2
51534,1
51535,11
51536,12
51537,7
51538,3
51539,2
51540,0
51541,0
51542,6
51543,13
51544,8
51545,13
51546,3
51547,8
51548,2
51549,4
51550,12
51551,11
51552,8
51553,4
51554,2
51555,1
51556,0
51557,7
51558,12
51559,7
51560,10
51561,10
51562,8
51563,11
51564,4
51565,1
51566,4
51567,0
51568,0
51569,8
51570,3
51571,6
51572,7
51573,3
51574,8
51575,4
51576,13
51577,10
51578,3
51579,9
51580,4
51581,8
51582,7
51583,12
51584,0
51585,9
51586,12
51587,1
51588,11
51589,5
51590,11
51591,2
51592,1
51593,7
51594,3
51595,5
51596,5
51597,2
51598,11
51599,3
51600,10
51601,12
51602,0
51603,0
51604,8
51605,9
51606,2
51607,13
51608,11
51609,6
51610,6
51611,13
51612,4
51613,9
51614,10
51615,1
51616,0
51617,2
51618,3
51619,5
51620,3
51621,11
51622,1
51623,9
51624,0
51625,1
51626,11
51627,10
51628,4
51629,4
51630,7
51631,2
51632,3
51633,7
51634,9
51635,3
51636,3
51637,7
51638,8
51639,6
51640,2
51641,12
51642,4
51643,8
51644,1
51645,7
51646,11
51647,8
51648,10
51649,2
51650,1
51651,1
51652,12
51653,6
51654,3
51655,0
51656,11
51657,4
51658,2
51659,12
51660,0
51661,7
51662,8
51663,12
51664,0
51665,7
51666,2
51667,8
51668,11
51669,2
51670,4
51671,13
51672,3
51673,13
51674,1
51675,1
51676,2
51677,4
51678,2
51679,8
51680,6
51681,0
51682,10
51683,10
51684,12
51685,2
51686,2
51687,2
51688,3
51689,1
51690,4
51691,5
51692,7
51693,6
51694,7
51695,3
51696,2
51697,2
51698,6
51699,11
51700,0
51701,1
51702,4
51703,11
51704,1
51705,4
51706,2
51707,4
51708,3
51709,6
51710,2
51711,12
51712,4
51713,11
51714,0
51715,11
51716,3
51717,9
51718,7
51719,7
51720,11
51721,11
51722,4
51723,4
51724,2
51725,2
51726,3
51727,7
51728,1
51729,2
51730,10
51731,2
51732,8
51733,12
51734,13
51735,2
51736,4
51737,2
51738,4
51739,0
51740,3
51741,11
51742,3
51743,3
51744,9
51745,1
51746,3
51747,9
51748,7
51749,3
51750,1
51751,11
51752,4
51753,6
51754,4
51755,0
51756,0
51757,10
51758,0
51759,12
51760,0
51761,12
51762,1
51763,7
51764,8
51765,0
51766,1
51767,4
51768,9
51769,1
51770,8
51771,1
51772,6
51773,2
51774,13
51775,6
51776,1
51777,12
51778,0
51779,1
51780,9
51781,11
51782,11
51783,4
51784,10
51785,8
51786,4
51787,12
51788,3
51789,10
51790,1
51791,1
51792,12
51793,2
51794,4
51795,12
51796,2
51797,13
51798,13
51799,11
51800,7
51801,12
51802,2
51803,12
51804,3
51805,6
51806,13
51807,1
51808,3
51809,7
51810,2
51811,12
51812,5
51813,9
51814,1
51815,3
51816,7
51817,11
51818,4
51819,9
51820,1
51821,8
51822,0
51823,11
51824,6
51825,3
51826,2
51827,3
51828,1
51829,0
51830,6
51831,11
51832,6
51833,12
51834,13
51835,8
51836,11
51837,2
51838,0
51839,11
51840,6
51841,9
51842,10
51843,10
51844,10
51845,12
51846,8
51847,9
51848,11
51849,2
51850,7
51851,12
51852,10
51853,8
51854,11
51855,11
51856,3
51857,13
51858,4
51859,2
51860,12
51861,3
51862,4
51863,4
51864,0
51865,13
51866,8
51867,12
51868,13
51869,4
51870,0
51871,1
51872,8
51873,7
51874,12
51875,1
51876,11
51877,12
51878,8
51879,2
51880,8
51881,12
51882,2
51883,6
51884,3
51885,7
51886,13
51887,1
51888,12
51889,13
51890,0
51891,10
51892,7
51893,10
51894,8
51895,5
51896,12
51897,9
51898,12
51899,2
51900,2
51901,7
51902,0
51903,8
51904,1
51905,11
51906,0
51907,11
51908,13
51909,8
51910,3
51911,11
51912,13
51913,13
51914,5
51915,7
51916,7
51917,13
51918,9
51919,1
51920,0
51921,1
51922,9
51923,0
51924,7
51925,3
51926,11
51927,12
51928,6
51929,0
51930,11
51931,12
51932,4
51933,8
51934,10
51935,11
51936,1
51937,13
51938,2
51939,1
51940,3
51941,8
51942,12
51943,3
51944,10
51945,11
51946,8
51947,7
51948,11
51949,1
51950,13
51951,2
51952,0
51953,8
51954,7
51955,0
51956,3
51957,13
51958,13
51959,0
51960,7
51961,11
51962,2
51963,12
51964,0
51965,7
51966,1
51967,1
51968,11
51969,11
51970,1
51971,2
51972,0
51973,6
51974,10
51975,8
51976,1
51977,10
51978,6
51979,10
51980,6
51981,11
51982,4
51983,9
51984,6
51985,7
51986,6
51987,1
51988,0
51989,4
51990,8
51991,7
51992,0
51993,7
51994,2
51995,0
51996,6
51997,0
51998,12
51999,8
52000,2
52001,2
52002,2
52003,1
52004,10
52005,7
52006,6
52007,1
52008,11
52009,2
52010,9
52011,5
52012,4
52013,3
52014,2
52015,0
52016,2
52017,9
52018,1
52019,1
52020,12
52021,11
52022,12
52023,6
52024,12
52025,2
52026,9
52027,9
52028,6
52029,2
52030,3
52031,13
52032,6
52033,0
52034,0
52035,10
52036,5
52037,1
52038,1
52039,8
52040,6
52041,4
52042,9
52043,2
52044,0
52045,2
52046,2
52047,8
52048,2
52049,6
52050,6
52051,0
52052,0
52053,1
52054,0
52055,12
52056,1
52057,11
52058,9
52059,2
52060,4
52061,2
52062,8
52063,3
52064,2
52065,11
52066,8
52067,7
52068,7
52069,1
52070,8
52071,0
52072,3
52073,7
52074,6
52075,0
52076,13
52077,1
52078,4
52079,11
52080,2
52081,12
52082,11
52083,2
52084,10
52085,11
52086,3
52087,12
52088,12
52089,7
52090,11
52091,6
52092,2
52093,2
52094,8
52095,3
52096,9
52097,4
52098,10
52099,4
52100,7
52101,1
52102,0
52103,7
52104,1
52105,2
52106,0
52107,12
52108,11
52109,3
52110,8
52111,6
52112,12
52113,12
52114,8
52115,11
52116,7
52117,13
52118,9
52119,11
52120,11
52121,1
52122,9
52123,9
52124,11
52125,11
52126,10
52127,7
52128,8
52129,2
52130,2
52131,11
52132,5
52133,11
52134,5
52135,3
52136,2
52137,2
52138,11
52139,2
52140,5
52141,6
52142,2
52143,1
52144,12
52145,11
52146,12
52147,0
52148,12
52149,3
52150,4
52151,11
52152,12
52153,2
52154,6
52155,10
52156,7
52157,13
52158,6
52159,11
52160,2
52161,6
52162,8
52163,7
52164,13
52165,4
52166,9
52167,0
52168,0
52169,2
52170,7
52171,6
52172,4
52173,11
52174,13
52175,1
52176,11
52177,7
52178,1
52179,2
52180,6
52181,1
52182,2
52183,2
52184,9
52185,10
52186,4
52187,5
52188,3
52189,2
52190,11
52191,6
52192,7
52193,10
52194,2
52195,9
52196,3
52197,0
52198,4
52199,12
52200,11
52201,8
52202,10
52203,0
52204,6
52205,3
52206,13
52207,0
52208,11
52209,12
52210,6
52211,1
52212,0
52213,1
52214,4
52215,0
52216,6
52217,2
52218,3
52219,11
52220,11
52221,1
52222,5
52223,13
52224,9
52225,5
52226,12
52227,7
52228,8
52229,9
52230,0
52231,8
52232,3
52233,4
52234,10
52235,6
52236,7
52237,1
52238,6
52239,12
52240,0
52241,13
52242,12
52243,8
52244,1
52245,5
52246,12
52247,0
52248,2
52249,9
52250,3
52251,8
52252,12
52253,11
52254,4
52255,1
52256,2
52257,10
52258,8
52259,3
52260,6
52261,9
52262,0
52263,2
52264,0
52265,6
52266,1
52267,4
52268,4
52269,2
52270,7
52271,7
52272,1
52273,11
52274,7
52275,6
52276,7
52277,4
52278,8
52279,3
52280,10
52281,11
52282,8
52283,0
52284,4
52285,3
52286,7
52287,1
52288,8
52289,1
52290,1
52291,11
52292,9
52293,1
52294,6
52295,1
52296,2
52297,7
52298,9
52299,0
52300,6
52301,1
52302,0
52303,13
52304,8
52305,7
52306,10
52307,4
52308,2
52309,1
52310,7
52311,6
52312,1
52313,10
52314,2
52315,11
52316,8
52317,2
52318,1
52319,2
52320,2
52321,9
52322,13
52323,6
52324,3
52325,2
52326,12
52327,4
52328,6
52329,12
52330,10
52331,2
52332,1
52333,9
52334,12
52335,2
52336,11
52337,6
52338,2
52339,6
52340,4
52341,1
52342,12
52343,6
52344,8
52345,0
52346,11
52347,4
52348,1
52349,4
52350,10
52351,7
52352,1
52353,12
52354,2
52355,6
52356,13
52357,7
52358,6
52359,1
52360,7
52361,7
52362,9
52363,12
52364,11
52365,8
52366,0
52367,6
52368,8
52369,6
52370,11
52371,1
52372,1
52373,13
52374,0
52375,11
52376,0
52377,3
52378,1
52379,2
52380,1
52381,7
52382,0
52383,9
52384,2
52385,0
52386,2
52387,2
52388,0
52389,0
52390,0
52391,8
52392,2
52393,1
52394,10
52395,0
52396,8
52397,1
52398,12
52399,6
52400,11
52401,2
52402,4
52403,9
52404,12
52405,3
52406,0
52407,10
52408,12
52409,11
52410,12
52411,11
52412,7
52413,4
52414,10
52415,3
52416,12
52417,10
52418,11
52419,10
52420,4
52421,0
52422,8
52423,8
52424,11
52425,7
52426,7
52427,4
52428,11
52429,0
52430,4
52431,3
52432,12
52433,0
52434,11
52435,13
52436,1
52437,0
52438,11
52439,7
52440,7
52441,3
52442,8
52443,6
52444,11
52445,6
52446,13
52447,3
52448,10
52449,4
52450,1
52451,12
52452,6
52453,8
52454,12
52455,5
52456,12
52457,4
52458,8
52459,13
52460,2
52461,12
52462,4
52463,1
52464,7
52465,12
52466,10
52467,12
52468,12
52469,13
52470,4
52471,2
52472,3
52473,3
52474,11
52475,1
52476,12
52477,11
52478,12
52479,0
52480,1
52481,2
52482,6
52483,2
52484,7
52485,2
52486,7
52487,2
52488,11
52489,12
52490,2
52491,11
52492,2
52493,12
52494,12
52495,2
52496,1
52497,12
52498,0
52499,9
52500,3
52501,12
52502,11
52503,11
52504,10
52505,12
52506,13
52507,6
52508,7
52509,3
52510,0
52511,13
52512,7
52513,9
52514,5
52515,12
52516,4
52517,1
52518,3
52519,8
52520,9
52521,6
52522,9
52523,8
52524,7
52525,1
52526,8
52527,10
52528,2
52529,0
52530,7
52531,8
52532,3
52533,2
52534,13
52535,2
52536,1
52537,13
52538,6
52539,8
52540,8
52541,11
52542,9
52543,12
52544,13
52545,2
52546,1
52547,7
52548,0
52549,1
52550,3
52551,8
52552,8
52553,3
52554,7
52555,2
52556,8
52557,0
52558,1
52559,3
52560,8
52561,5
52562,12
52563,3
52564,1
52565,10
52566,3
52567,5
52568,6
52569,7
52570,11
52571,7
52572,2
52573,2
52574,2
52575,11
52576,0
52577,4
52578,7
52579,0
52580,12
52581,9
52582,0
52583,4
52584,10
52585,8
52586,11
52587,9
52588,10
52589,1
52590,1
52591,0
52592,4
52593,10
52594,2
52595,7
52596,1
52597,2
52598,2
52599,1
52600,5
52601,0
52602,4
52603,1
52604,2
52605,6
52606,8
52607,12
52608,8
52609,11
52610,5
52611,11
52612,6
52613,0
52614,9
52615,10
52616,9
52617,8
52618,2
52619,5
52620,13
52621,11
52622,12
52623,13
52624,10
52625,12
52626,5
52627,0
52628,10
52629,1
52630,1
52631,12
52632,0
52633,6
52634,6
52635,13
52636,4
52637,7
52638,10
52639,11
52640,1
52641,8
52642,6
52643,7
52644,8
52645,2
52646,1
52647,6
52648,2
52649,10
52650,0
52651,1
52652,4
52653,3
52654,12
52655,6
52656,11
52657,12
52658,3
52659,6
52660,2
52661,12
52662,4
52663,12
52664,3
52665,0
52666,1
52667,11
52668,1
52669,7
52670,6
52671,7
52672,11
52673,6
52674,6
52675,10
52676,7
52677,0
52678,9
52679,9
52680,2
52681,4
52682,8
52683,11
52684,13
52685,11
52686,12
52687,8
52688,1
52689,7
52690,11
52691,2
52692,12
52693,8
52694,10
52695,2
52696,4
52697,3
52698,10
52699,13
52700,4
52701,11
52702,12
52703,10
52704,13
52705,11
52706,13
52707,10
52708,9
52709,13
52710,8
52711,6
52712,11
52713,7
52714,9
52715,6
52716,4
52717,2
52718,2
52719,11
52720,8
52721,12
52722,1
52723,1
52724,0
52725,0
52726,8
52727,0
52728,10
52729,12
52730,3
52731,11
52732,13
52733,8
52734,7
52735,9
52736,1
52737,3
52738,3
52739,13
52740,1
52741,0
52742,11
52743,12
52744,12
52745,2
52746,11
52747,6
52748,7
52749,11
52750,4
52751,12
52752,7
52753,1
52754,4
52755,0
52756,13
52757,8
52758,11
52759,7
52760,6
52761,6
52762,10
52763,2
52764,1
52765,4
52766,8
52767,8
52768,2
52769,8
52770,1
52771,6
52772,1
52773,8
52774,6
52775,12
52776,13
52777,11
52778,1
52779,3
52780,11
52781,8
52782,10
52783,6
52784,7
52785,12
52786,1
52787,11
52788,13
52789,11
52790,1
52791,13
52792,4
52793,3
52794,6
52795,1
52796,12
52797,9
52798,2
52799,7
52800,1
52801,1
52802,5
52803,11
52804,12
52805,2
52806,11
52807,11
52808,11
52809,12
52810,1
52811,10
52812,11
52813,6
52814,11
52815,6
52816,11
52817,11
52818,4
52819,4
52820,0
52821,4
52822,2
52823,0
52824,0
52825,13
52826,11
52827,2
52828,12
52829,1
52830,9
52831,12
52832,4
52833,1
52834,12
52835,1
52836,11
52837,0
52838,12
52839,8
52840,9
52841,1
52842,11
52843,0
52844,8
52845,0
52846,7
52847,7
52848,2
52849,4
52850,4
52851,11
52852,12
52853,13
52854,9
52855,1
52856,12
52857,8
52858,1
52859,8
52860,0
52861,8
52862,10
52863,12
52864,3
52865,8
52866,11
52867,1
52868,11
52869,4
52870,11
52871,11
52872,9
52873,10
52874,11
52875,13
52876,10
52877,0
52878,7
52879,11
52880,8
52881,9
52882,11
52883,6
52884,4
52885,1
52886,1
52887,4
52888,10
52889,1
52890,8
52891,0
52892,3
52893,11
52894,10
52895,6
52896,2
52897,4
52898,7
52899,6
52900,13
52901,12
52902,3
52903,9
52904,7
52905,5
52906,11
52907,1
52908,2
52909,13
52910,13
52911,1
52912,13
52913,12
52914,11
52915,1
52916,11
52917,6
52918,1
52919,0
52920,1
52921,10
52922,9
52923,10
52924,11
52925,11
52926,5
52927,2
52928,6
52929,12
52930,2
52931,0
52932,1
52933,12
52934,0
52935,12
52936,11
52937,11
52938,8
52939,8
52940,6
52941,8
52942,7
52943,10
52944,11
52945,9
52946,11
52947,7
52948,11
52949,13
52950,3
52951,13
52952,1
52953,2
52954,2
52955,12
52956,7
52957,0
52958,6
52959,2
52960,0
52961,1
52962,0
52963,8
52964,2
52965,4
52966,3
52967,0
52968,0
52969,0
52970,1
52971,10
52972,5
52973,0
52974,2
52975,2
52976,7
52977,0
52978,7
52979,6
52980,13
52981,4
52982,0
52983,11
52984,12
52985,12
52986,9
52987,2
52988,9
52989,10
52990,6
52991,2
52992,4
52993,7
52994,12
52995,2
52996,6
52997,3
52998,0
52999,2
53000,10
53001,13
53002,10
53003,2
53004,1
53005,12
53006,6
53007,7
53008,3
53009,1
53010,4
53011,0
53012,8
53013,2
53014,9
53015,1
53016,10
53017,1
53018,6
53019,6
53020,7
53021,4
53022,9
53023,10
53024,7
53025,0
53026,7
53027,10
53028,8
53029,11
53030,1
53031,6
53032,1
53033,11
53034,3
53035,4
53036,6
53037,8
53038,7
53039,12
53040,0
53041,6
53042,6
53043,0
53044,12
53045,12
53046,0
53047,12
53048,0
53049,9
53050,3
53051,6
53052,2
53053,2
53054,6
53055,6
53056,6
53057,9
53058,12
53059,13
53060,13
53061,11
53062,8
53063,2
53064,12
53065,7
53066,11
53067,2
53068,11
53069,0
53070,7
53071,7
53072,3
53073,1
53074,7
53075,2
53076,4
53077,6
53078,9
53079,0
53080,3
53081,12
53082,1
53083,2
53084,11
53085,7
53086,2
53087,6
53088,11
53089,7
53090,7
53091,4
53092,6
53093,6
53094,11
53095,12
53096,6
53097,3
53098,0
53099,10
53100,10
53101,12
53102,3
53103,2
53104,2
53105,11
53106,4
53107,4
53108,2
53109,3
53110,13
53111,2
53112,6
53113,11
53114,1
53115,1
53116,12
53117,5
53118,1
53119,13
53120,7
53121,11
53122,9
53123,7
53124,4
53125,13
53126,7
53127,12
53128,10
53129,11
53130,7
53131,1
53132,9
53133,1
53134,8
53135,0
53136,6
53137,0
53138,4
53139,8
53140,12
53141,9
53142,1
53143,1
53144,10
53145,10
53146,12
53147,7
53148,13
53149,11
53150,13
53151,3
53152,8
53153,11
53154,2
53155,7
53156,3
53157,7
53158,3
53159,2
53160,1
53161,3
53162,6
53163,2
53164,0
53165,4
53166,1
53167,1
53168,7
53169,2
53170,0
53171,12
53172,11
53173,7
53174,9
53175,8
53176,2
53177,4
53178,13
53179,3
53180,1
53181,1
53182,1
53183,5
53184,7
53185,0
53186,0
53187,2
53188,3
53189,10
53190,8
53191,1
53192,6
53193,3
53194,13
53195,0
53196,12
53197,1
53198,5
53199,12
53200,2
53201,13
53202,11
53203,10
53204,7
53205,9
53206,11
53207,6
53208,13
53209,11
53210,10
53211,1
53212,9
53213,12
53214,3
53215,2
53216,2
53217,1
53218,12
53219,2
53220,9
53221,1
53222,8
53223,1
53224,8
53225,8
53226,9
53227,10
53228,8
53229,4
53230,2
53231,5
53232,0
53233,4
53234,13
53235,9
53236,6
53237,1
53238,10
53239,0
53240,9
53241,12
53242,11
53243,10
53244,8
53245,1
53246,1
53247,10
53248,0
53249,11
53250,12
53251,10
53252,11
53253,0
53254,7
53255,8
53256,13
53257,2
53258,10
53259,7
53260,2
53261,8
53262,7
53263,13
53264,12
53265,0
53266,7
53267,13
53268,0
53269,7
53270,8
53271,1
53272,2
53273,10
53274,1
53275,8
53276,8
53277,11
53278,1
53279,2
53280,4
53281,10
53282,6
53283,1
53284,12
53285,6
53286,11
53287,9
53288,10
53289,7
53290,13
53291,2
53292,2
53293,3
53294,5
53295,3
53296,2
53297,8
53298,2
53299,12
53300,3
53301,1
53302,6
53303,7
53304,11
53305,6
53306,7
53307,0
53308,1
53309,9
53310,2
53311,12
53312,1
53313,11
53314,4
53315,8
53316,11
53317,2
53318,2
53319,8
53320,2
53321,0
53322,4
53323,7
53324,10
53325,4
53326,6
53327,7
53328,5
53329,2
53330,2
53331,6
53332,6
53333,2
53334,0
53335,0
53336,7
53337,11
53338,6
53339,10
53340,12
53341,11
53342,1
53343,11
53344,13
53345,7
53346,9
53347,4
53348,3
53349,7
53350,4
53351,7
53352,1
53353,13
53354,3
53355,2
53356,6
53357,10
53358,12
53359,8
53360,0
53361,1
53362,12
53363,3
53364,11
53365,7
53366,1
53367,11
53368,0
53369,0
53370,0
53371,1
53372,9
53373,4
53374,2
53375,0
53376,12
53377,2
53378,10
53379,7
53380,2
53381,13
53382,11
53383,0
53384,13
53385,2
53386,2
53387,0
53388,9
53389,0
53390,13
53391,1
53392,3
53393,10
53394,7
53395,0
53396,2
53397,1
53398,11
53399,11
53400,4
53401,12
53402,12
53403,12
53404,6
53405,1
53406,8
53407,7
53408,3
53409,2
53410,11
53411,13
53412,11
53413,7
53414,3
53415,7
53416,9
53417,10
53418,6
53419,9
53420,6
53421,11
53422,0
53423,0
53424,11
53425,7
53426,3
53427,4
53428,10
53429,13
53430,11
53431,4
53432,0
53433,13
53434,11
53435,11
53436,2
53437,2
53438,8
53439,11
53440,6
53441,8
53442,0
53443,7
53444,4
53445,3
53446,0
53447,11
53448,11
53449,12
53450,1
53451,0
53452,1
53453,12
53454,6
53455,2
53456,9
53457,11
53458,13
53459,1
53460,13
53461,2
53462,8
53463,2
53464,3
53465,13
53466,8
53467,0
53468,0
53469,8
53470,9
53471,2
53472,11
53473,7
53474,11
53475,0
53476,10
53477,11
53478,0
53479,10
53480,7
53481,10
53482,0
53483,12
53484,11
53485,2
53486,0
53487,5
53488,4
53489,11
53490,2
53491,10
53492,1
53493,11
53494,0
53495,9
53496,12
53497,4
53498,11
53499,0
53500,11
53501,2
53502,0
53503,7
53504,6
53505,13
53506,0
53507,4
53508,3
53509,2
53510,6
53511,6
53512,3
53513,10
53514,2
53515,6
53516,8
53517,10
53518,11
53519,0
53520,1
53521,2
53522,3
53523,1
53524,0
53525,2
53526,11
53527,10
53528,13
53529,0
53530,2
53531,4
53532,8
53533,13
53534,1
53535,12
53536,6
53537,0
53538,4
53539,9
53540,7
53541,1
53542,1
53543,11
53544,4
53545,11
53546,2
53547,12
53548,4
53549,5
53550,11
53551,1
53552,12
53553,12
53554,12
53555,12
53556,4
53557,12
53558,12
53559,7
53560,8
53561,3
53562,12
53563,9
53564,9
53565,11
53566,12
53567,8
53568,2
53569,2
53570,6
53571,8
53572,3
53573,10
53574,6
53575,8
53576,8
53577,1
53578,12
53579,11
53580,2
53581,2
53582,7
53583,13
53584,0
53585,8
53586,7
53587,2
53588,1
53589,2
53590,6
53591,10
53592,3
53593,10
53594,0
53595,11
53596,8
53597,0
53598,3
53599,1
53600,6
53601,11
53602,10
53603,5
53604,11
53605,11
53606,13
53607,4
53608,11
53609,2
53610,0
53611,2
53612,10
53613,7
53614,6
53615,7
53616,7
53617,11
53618,8
53619,1
53620,10
53621,13
53622,3
53623,7
53624,0
53625,11
53626,0
53627,6
53628,12
53629,7
53630,8
53631,3
53632,4
53633,6
53634,10
53635,10
53636,10
53637,11
53638,7
53639,11
53640,2
53641,3
53642,1
53643,9
53644,2
53645,6
53646,1
53647,7
53648,0
53649,11
53650,7
53651,12
53652,12
53653,1
53654,0
53655,7
53656,12
53657,1
53658,9
53659,3
53660,6
53661,11
53662,7
53663,12
53664,5
53665,2
53666,6
53667,9
53668,7
53669,6
53670,10
53671,9
53672,6
53673,8
53674,3
53675,3
53676,2
53677,1
53678,4
53679,5
53680,12
53681,0
53682,2
53683,1
53684,7
53685,2
53686,6
53687,7
53688,11
53689,4
53690,3
53691,2
53692,11
53693,10
53694,8
53695,0
53696,1
53697,2
53698,4
53699,0
53700,11
53701,12
53702,2
53703,11
53704,4
53705,2
53706,12
53707,0
53708,9
53709,7
53710,7
53711,7
53712,13
53713,10
53714,1
53715,6
53716,4
53717,10
53718,2
53719,0
53720,11
53721,1
53722,6
53723,2
53724,2
53725,3
53726,9
53727,6
53728,3
53729,3
53730,0
53731,0
53732,12
53733,7
53734,13
53735,11
53736,4
53737,0
53738,13
53739,2
53740,8
53741,7
53742,8
53743,1
53744,11
53745,3
53746,0
53747,6
53748,1
53749,6
53750,3
53751,1
53752,6
53753,10
53754,12
53755,4
53756,7
53757,9
53758,9
53759,1
53760,2
53761,12
53762,4
53763,0
53764,0
53765,4
53766,7
53767,3
53768,0
53769,13
53770,7
53771,1
53772,3
53773,4
53774,1
53775,1
53776,8
53777,11
53778,11
53779,2
53780,12
53781,4
53782,0
53783,10
53784,12
53785,11
53786,11
53787,13
53788,11
53789,3
53790,1
53791,3
53792,5
53793,12
53794,0
53795,6
53796,7
53797,11
53798,2
53799,2
53800,12
53801,11
53802,6
53803,2
53804,9
53805,11
53806,0
53807,13
53808,4
53809,10
53810,6
53811,12
53812,4
53813,3
53814,2
53815,11
53816,12
53817,11
53818,8
53819,8
53820,13
53821,6
53822,3
53823,1
53824,9
53825,11
53826,12
53827,2
53828,1
53829,1
53830,9
53831,12
53832,11
53833,4
53834,4
53835,4
53836,8
53837,8
53838,7
53839,7
53840,13
53841,8
53842,1
53843,9
53844,4
53845,4
53846,3
53847,9
53848,10
53849,11
53850,10
53851,6
53852,6
53853,11
53854,6
53855,4
53856,1
53857,2
53858,10
53859,8
53860,8
53861,10
53862,1
53863,3
53864,11
53865,6
53866,2
53867,4
53868,11
53869,0
53870,13
53871,2
53872,3
53873,7
53874,1
53875,11
53876,8
53877,1
53878,1
53879,2
53880,2
53881,2
53882,2
53883,3
53884,1
53885,6
53886,6
53887,2
53888,1
53889,2
53890,1
53891,1
53892,9
53893,9
53894,5
53895,12
53896,9
53897,2
53898,4
53899,6
53900,12
53901,7
53902,6
53903,12
53904,11
53905,0
53906,10
53907,1
53908,9
53909,7
53910,2
53911,0
53912,13
53913,0
53914,9
53915,0
53916,4
53917,7
53918,6
53919,6
53920,9
53921,11
53922,6
53923,4
53924,4
53925,6
53926,11
53927,8
53928,11
53929,11
53930,10
53931,11
53932,1
53933,9
53934,0
53935,13
53936,6
53937,6
53938,7
53939,1
53940,11
53941,11
53942,12
53943,10
53944,1
53945,9
53946,0
53947,1
53948,0
53949,10
53950,2
53951,2
53952,12
53953,9
53954,12
53955,8
53956,12
53957,2
53958,7
53959,0
53960,2
53961,2
53962,8
53963,6
53964,8
53965,5
53966,4
53967,0
53968,4
53969,8
53970,10
53971,7
53972,10
53973,7
53974,3
53975,1
53976,0
53977,2
53978,1
53979,0
53980,2
53981,8
53982,11
53983,8
53984,2
53985,1
53986,0
53987,3
53988,6
53989,13
53990,1
53991,0
53992,10
53993,7
53994,6
53995,9
53996,11
53997,0
53998,2
53999,9
54000,6
54001,6
54002,0
54003,6
54004,8
54005,4
54006,1
54007,6
54008,0
54009,8
54010,4
54011,1
54012,6
54013,5
54014,11
54015,3
54016,0
54017,10
54018,4
54019,0
54020,0
54021,7
54022,1
54023,13
54024,13
54025,5
54026,3
54027,6
54028,1
54029,11
54030,8
54031,11
54032,10
54033,11
54034,6
54035,4
54036,6
54037,4
54038,11
54039,12
54040,13
54041,2
54042,11
54043,2
54044,11
54045,7
54046,1
54047,2
54048,7
54049,3
54050,5
54051,1
54052,2
54053,11
54054,7
54055,2
54056,0
54057,12
54058,8
54059,3
54060,10
54061,1
54062,12
54063,13
54064,11
54065,7
54066,1
54067,9
54068,11
54069,0
54070,11
54071,2
54072,6
54073,6
54074,11
54075,7
54076,12
54077,9
54078,13
54079,13
54080,10
54081,9
54082,10
54083,11
54084,7
54085,10
54086,2
54087,8
54088,7
54089,3
54090,4
54091,11
54092,0
54093,4
54094,0
54095,12
54096,7
54097,10
54098,7
54099,0
54100,1
54101,5
54102,6
54103,2
54104,7
54105,8
54106,4
54107,8
54108,13
54109,9
54110,8
54111,3
54112,1
54113,12
54114,3
54115,0
54116,1
54117,0
54118,8
54119,4
54120,3
54121,1
54122,8
54123,3
54124,8
54125,1
54126,2
54127,8
54128,7
54129,0
54130,6
54131,3
54132,7
54133,4
54134,11
54135,12
54136,1
54137,11
54138,0
54139,7
54140,7
54141,6
54142,12
54143,0
54144,5
54145,8
54146,9
54147,4
54148,0
54149,10
54150,11
54151,8
54152,4
54153,2
54154,3
54155,2
54156,12
54157,6
54158,0
54159,10
54160,6
54161,12
54162,13
54163,11
54164,11
54165,11
54166,6
54167,4
54168,1
54169,7
54170,2
54171,0
54172,5
54173,1
54174,8
54175,2
54176,7
54177,6
54178,8
54179,1
54180,10
54181,9
54182,6
54183,10
54184,2
54185,6
54186,0
54187,11
54188,2
54189,8
54190,3
54191,10
54192,12
54193,3
54194,4
54195,8
54196,9
54197,13
54198,1
54199,0
54200,0
54201,1
54202,6
54203,1
54204,11
54205,1
54206,6
54207,13
54208,11
54209,1
54210,11
54211,5
54212,10
54213,0
54214,7
54215,1
54216,13
54217,1
54218,10
54219,0
54220,2
54221,1
54222,11
54223,12
54224,0
54225,12
54226,4
54227,12
54228,12
54229,6
54230,7
54231,8
54232,10
54233,8
54234,7
54235,2
54236,6
54237,12
54238,11
54239,0
54240,1
54241,5
54242,9
54243,4
54244,6
54245,9
54246,5
54247,11
54248,4
54249,3
54250,5
54251,13
54252,2
54253,1
54254,12
54255,6
54256,2
54257,8
54258,11
54259,1
54260,1
54261,11
54262,11
54263,1
54264,0
54265,4
54266,12
54267,13
54268,13
54269,1
54270,10
54271,1
54272,6
54273,4
54274,6
54275,2
54276,4
54277,5
54278,1
54279,12
54280,12
54281,0
54282,0
54283,2
54284,4
54285,11
54286,0
54287,12
54288,13
54289,1
54290,8
54291,7
54292,10
54293,11
54294,2
54295,10
54296,6
54297,1
54298,11
54299,3
54300,1
54301,11
54302,10
54303,11
54304,1
54305,7
54306,2
54307,9
54308,8
54309,2
54310,8
54311,10
54312,3
54313,1
54314,11
54315,2
54316,10
54317,7
54318,11
54319,13
54320,9
54321,11
54322,6
54323,5
54324,4
54325,9
54326,1
54327,7
54328,8
54329,1
54330,2
54331,1
54332,2
54333,1
54334,13
54335,0
54336,6
54337,2
54338,3
54339,9
54340,9
54341,6
54342,4
54343,7
54344,12
54345,13
54346,10
54347,1
54348,6
54349,2
54350,2
54351,12
54352,2
54353,7
54354,9
54355,11
54356,13
54357,1
54358,1
54359,4
54360,10
54361,2
54362,11
54363,4
54364,1
54365,7
54366,3
54367,11
54368,10
54369,13
54370,7
54371,4
54372,9
54373,1
54374,1
54375,10
54376,8
54377,13
54378,11
54379,2
54380,2
54381,9
54382,1
54383,6
54384,6
54385,12
54386,7
54387,9
54388,11
54389,2
54390,8
54391,9
54392,0
54393,2
54394,2
54395,7
54396,1
54397,11
54398,2
54399,0
54400,0
54401,11
54402,7
54403,11
54404,9
54405,2
54406,1
54407,12
54408,3
54409,0
54410,12
54411,1
54412,12
54413,0
54414,8
54415,6
54416,12
54417,11
54418,11
54419,9
54420,1
54421,8
54422,12
54423,2
54424,5
54425,10
54426,4
54427,2
54428,12
54429,12
54430,7
54431,13
54432,9
54433,8
54434,8
54435,11
54436,12
54437,1
54438,13
54439,2
54440,2
54441,8
54442,6
54443,12
54444,2
54445,3
54446,12
54447,2
54448,11
54449,3
54450,11
54451,2
54452,4
54453,1
54454,1
54455,4
54456,2
54457,2
54458,1
54459,8
54460,9
54461,8
54462,0
54463,0
54464,8
54465,11
54466,3
54467,0
54468,12
54469,0
54470,11
54471,0
54472,7
54473,13
54474,5
54475,7
54476,13
54477,2
54478,0
54479,12
54480,10
54481,1
54482,12
54483,10
54484,11
54485,2
54486,4
54487,0
54488,8
54489,0
54490,9
54491,12
54492,11
54493,0
54494,2
54495,10
54496,7
54497,8
54498,10
54499,1
54500,0
54501,8
54502,0
54503,13
54504,6
54505,13
54506,13
54507,12
54508,0
54509,1
54510,11
54511,6
54512,8
54513,13
54514,6
54515,10
54516,0
54517,6
54518,1
54519,8
54520,12
54521,2
54522,1
54523,3
54524,5
54525,2
54526,11
54527,6
54528,6
54529,10
54530,12
54531,10
54532,10
54533,1
54534,6
54535,7
54536,2
54537,7
54538,1
54539,11
54540,2
54541,7
54542,8
54543,1
54544,11
54545,6
54546,11
54547,11
54548,5
54549,11
54550,4
54551,0
54552,8
54553,10
54554,7
54555,13
54556,11
54557,0
54558,2
54559,4
54560,11
54561,1
54562,8
54563,12
54564,11
54565,4
54566,11
54567,7
54568,7
54569,3
54570,10
54571,4
54572,12
54573,13
54574,5
54575,5
54576,8
54577,8
54578,12
54579,7
54580,10
54581,0
54582,8
54583,7
54584,9
54585,8
54586,0
54587,12
54588,6
54589,0
54590,4
54591,8
54592,7
54593,2
54594,1
54595,8
54596,7
54597,8
54598,11
54599,6
54600,3
54601,1
54602,12
54603,8
54604,11
54605,0
54606,4
54607,5
54608,8
54609,7
54610,5
54611,12
54612,3
54613,10
54614,2
54615,0
54616,2
54617,3
54618,0
54619,7
54620,11
54621,3
54622,12
54623,0
54624,3
54625,9
54626,8
54627,3
54628,11
54629,2
54630,8
54631,1
54632,13
54633,6
54634,2
54635,1
54636,11
54637,1
54638,8
54639,8
54640,7
54641,2
54642,11
54643,3
54644,12
54645,6
54646,11
54647,11
54648,0
54649,1
54650,11
54651,11
54652,9
54653,5
54654,1
54655,7
54656,8
54657,2
54658,11
54659,10
54660,12
54661,10
54662,0
54663,4
54664,0
54665,13
54666,8
54667,8
54668,1
54669,10
54670,11
54671,11
54672,4
54673,3
54674,11
54675,8
54676,0
54677,9
54678,11
54679,5
54680,1
54681,11
54682,2
54683,4
54684,10
54685,3
54686,3
54687,11
54688,0
54689,1
54690,11
54691,10
54692,8
54693,4
54694,6
54695,0
54696,11
54697,3
54698,6
54699,1
54700,10
54701,11
54702,9
54703,8
54704,12
54705,11
54706,2
54707,12
54708,0
54709,1
54710,10
54711,2
54712,11
54713,12
54714,2
54715,1
54716,1
54717,1
54718,7
54719,1
54720,2
54721,11
54722,8
54723,9
54724,4
54725,12
54726,4
54727,12
54728,0
54729,2
54730,13
54731,3
54732,1
54733,13
54734,4
54735,8
54736,8
54737,1
54738,1
54739,2
54740,0
54741,1
54742,0
54743,1
54744,0
54745,8
54746,7
54747,7
54748,0
54749,4
54750,7
54751,6
54752,6
54753,2
54754,2
54755,10
54756,12
54757,2
54758,6
54759,8
54760,8
54761,7
54762,12
54763,6
54764,3
54765,2
54766,0
54767,3
54768,11
54769,0
54770,4
54771,11
54772,8
54773,9
54774,1
54775,7
54776,13
54777,4
54778,1
54779,13
54780,6
54781,11
54782,1
54783,2
54784,8
54785,3
54786,2
54787,1
54788,11
54789,7
54790,12
54791,10
54792,6
54793,0
54794,2
54795,4
54796,4
54797,2
54798,11
54799,4
54800,11
54801,8
54802,7
54803,8
54804,0
54805,1
54806,0
54807,8
54808,3
54809,11
54810,10
54811,0
54812,12
54813,9
54814,11
54815,0
54816,9
54817,1
54818,4
54819,5
54820,3
54821,1
54822,10
54823,12
54824,6
54825,2
54826,10
54827,11
54828,13
54829,2
54830,10
54831,2
54832,6
54833,8
54834,8
54835,12
54836,5
54837,3
54838,7
54839,2
54840,11
54841,6
54842,4
54843,7
54844,8
54845,1
54846,11
54847,7
54848,8
54849,9
54850,0
54851,11
54852,1
54853,2
54854,8
54855,5
54856,9
54857,11
54858,9
54859,0
54860,2
54861,0
54862,7
54863,1
54864,4
54865,13
54866,2
54867,0
54868,1
54869,13
54870,11
54871,1
54872,8
54873,2
54874,0
54875,11
54876,5
54877,12
54878,4
54879,12
54880,8
54881,7
54882,2
54883,8
54884,0
54885,2
54886,0
54887,1
54888,0
54889,1
54890,3
54891,11
54892,11
54893,1
54894,4
54895,0
54896,9
54897,11
54898,0
54899,7
54900,4
54901,7
54902,0
54903,0
54904,4
54905,7
54906,12
54907,2
54908,2
54909,12
54910,2
54911,12
54912,1
54913,3
54914,13
54915,1
54916,0
54917,4
54918,0
54919,1
54920,7
54921,2
54922,11
54923,4
54924,6
54925,13
54926,13
54927,1
54928,2
54929,0
54930,10
54931,13
54932,8
54933,13
54934,8
54935,11
54936,13
54937,7
54938,8
54939,11
54940,3
54941,10
54942,6
54943,6
54944,4
54945,10
54946,2
54947,8
54948,0
54949,6
54950,11
54951,10
54952,13
54953,3
54954,10
54955,8
54956,4
54957,1
54958,9
54959,4
54960,1
54961,13
54962,11
54963,11
54964,13
54965,6
54966,1
54967,12
54968,5
54969,0
54970,10
54971,10
54972,6
54973,8
54974,0
54975,8
54976,0
54977,2
54978,3
54979,0
54980,2
54981,1
54982,7
54983,3
54984,12
54985,2
54986,10
54987,7
54988,10
54989,9
54990,7
54991,12
54992,4
54993,8
54994,13
54995,0
54996,7
54997,6
54998,11
54999,2
55000,1
55001,11
55002,12
55003,6
55004,11
55005,1
55006,10
55007,6
55008,4
55009,8
55010,2
55011,12
55012,0
55013,12
55014,6
55015,11
55016,11
55017,1
55018,4
55019,4
55020,1
55021,1
55022,3
55023,8
55024,9
55025,11
55026,12
55027,9
55028,11
55029,2
55030,3
55031,9
55032,6
55033,6
55034,1
55035,0
55036,12
55037,11
55038,1
55039,11
55040,6
55041,6
55042,4
55043,10
55044,0
55045,11
55046,2
55047,4
55048,12
55049,12
55050,7
55051,7
55052,8
55053,2
55054,9
55055,8
55056,2
55057,0
55058,2
55059,0
55060,11
55061,10
55062,7
55063,11
55064,4
55065,13
55066,0
55067,1
55068,1
55069,6
55070,10
55071,1
55072,1
55073,12
55074,2
55075,10
55076,4
55077,12
55078,10
55079,3
55080,7
55081,10
55082,7
55083,6
55084,0
55085,9
55086,12
55087,9
55088,1
55089,9
55090,11
55091,11
55092,3
55093,6
55094,1
55095,12
55096,8
55097,6
55098,6
55099,1
55100,9
55101,9
55102,1
55103,8
55104,11
55105,7
55106,8
55107,13
55108,10
55109,2
55110,9
55111,0
55112,12
55113,11
55114,11
55115,12
55116,1
55117,3
55118,11
55119,4
55120,12
55121,7
55122,7
55123,2
55124,4
55125,9
55126,0
55127,1
55128,3
55129,1
55130,1
55131,11
55132,9
55133,2
55134,0
55135,2
55136,12
55137,11
55138,12
55139,0
55140,10
55141,6
55142,5
55143,11
55144,4
55145,8
55146,0
55147,4
55148,2
55149,1
55150,7
55151,11
55152,1
55153,2
55154,6
55155,2
55156,1
55157,7
55158,3
55159,1
55160,8
55161,8
55162,7
55163,2
55164,11
55165,4
55166,0
55167,4
55168,12
55169,3
55170,0
55171,13
55172,13
55173,2
55174,12
55175,7
55176,13
55177,6
55178,3
55179,3
55180,9
55181,4
55182,1
55183,6
55184,4
55185,3
55186,7
55187,4
55188,2
55189,11
55190,10
55191,12
55192,5
55193,1
55194,1
55195,7
55196,9
55197,2
55198,12
55199,7
55200,4
55201,11
55202,11
55203,5
55204,10
55205,0
55206,7
55207,0
55208,8
55209,8
55210,2
55211,11
55212,5
55213,8
55214,1
55215,11
55216,4
55217,7
55218,3
55219,7
55220,6
55221,0
55222,12
55223,6
55224,4
55225,11
55226,11
55227,0
55228,3
55229,4
55230,11
55231,7
55232,4
55233,8
55234,11
55235,10
55236,12
55237,2
55238,11
55239,1
55240,11
55241,3
55242,0
55243,2
55244,2
55245,12
55246,2
55247,0
55248,7
55249,0
55250,5
55251,4
55252,12
55253,13
55254,2
55255,6
55256,4
55257,0
55258,1
55259,1
55260,1
55261,12
55262,8
55263,12
55264,1
55265,12
55266,11
55267,3
55268,13
55269,11
55270,13
55271,0
55272,13
55273,11
55274,1
55275,1
55276,7
55277,13
55278,8
55279,2
55280,7
55281,1
55282,11
55283,0
55284,0
55285,0
55286,13
55287,10
55288,8
55289,11
55290,10
55291,12
55292,2
55293,3
55294,13
55295,1
55296,13
55297,6
55298,7
55299,1
55300,1
55301,13
55302,6
55303,1
55304,11
55305,10
55306,1
55307,10
55308,10
55309,11
55310,11
55311,6
55312,6
55313,1
55314,11
55315,8
55316,4
55317,4
55318,8
55319,2
55320,12
55321,0
55322,0
55323,6
55324,1
55325,5
55326,4
55327,2
55328,9
55329,13
55330,13
55331,10
55332,4
55333,2
55334,3
55335,2
55336,9
55337,11
55338,8
55339,3
55340,8
55341,1
55342,1
55343,8
55344,0
55345,12
55346,0
55347,4
55348,13
55349,13
55350,10
55351,2
55352,3
55353,9
55354,8
55355,4
55356,13
55357,10
55358,0
55359,2
55360,12
55361,9
55362,4
55363,1
55364,7
55365,7
55366,1
55367,8
55368,9
55369,6
55370,13
55371,2
55372,12
55373,12
55374,2
55375,7
55376,11
55377,2
55378,3
55379,5
55380,0
55381,11
55382,6
55383,1
55384,0
55385,12
55386,0
55387,2
55388,6
55389,2
55390,4
55391,6
55392,1
55393,2
55394,2
55395,10
55396,1
55397,2
55398,1
55399,9
55400,4
55401,1
55402,2
55403,13
55404,2
55405,6
55406,6
55407,0
55408,3
55409,2
55410,11
55411,12
55412,3
55413,6
55414,0
55415,7
55416,0
55417,12
55418,4
55419,0
55420,3
55421,1
55422,5
55423,10
55424,0
55425,12
55426,7
55427,7
55428,2
55429,6
55430,6
55431,1
55432,11
55433,12
55434,3
55435,8
55436,4
55437,11
55438,11
55439,0
55440,1
55441,13
55442,12
55443,0
55444,11
55445,8
55446,11
55447,0
55448,7
55449,4
55450,7
55451,3
55452,11
55453,0
55454,3
55455,1
55456,4
55457,2
55458,12
55459,12
55460,11
55461,0
55462,13
55463,6
55464,0
55465,3
55466,10
55467,10
55468,7
55469,8
55470,10
55471,6
55472,2
55473,0
55474,4
55475,3
55476,3
55477,0
55478,11
55479,12
55480,2
55481,9
55482,1
55483,7
55484,2
55485,10
55486,10
55487,7
55488,2
55489,2
55490,7
55491,9
55492,11
55493,7
55494,8
55495,11
55496,10
55497,1
55498,2
55499,13
55500,6
55501,13
55502,9
55503,3
55504,2
55505,3
55506,2
55507,0
55508,2
55509,6
55510,10
55511,9
55512,12
55513,8
55514,13
55515,4
55516,10
55517,8
55518,4
55519,4
55520,2
55521,9
55522,12
55523,12
55524,5
55525,6
55526,6
55527,11
55528,12
55529,2
55530,2
55531,11
55532,11
55533,0
55534,4
55535,8
55536,11
55537,7
55538,7
55539,0
55540,6
55541,0
55542,13
55543,11
55544,12
55545,13
55546,11
55547,6
55548,2
55549,11
55550,11
55551,0
55552,1
55553,6
55554,3
55555,6
55556,0
55557,6
55558,11
55559,0
55560,1
55561,1
55562,13
55563,2
55564,11
55565,0
55566,10
55567,1
55568,1
55569,11
55570,6
55571,9
55572,9
55573,0
55574,11
55575,0
55576,0
55577,2
55578,3
55579,7
55580,6
55581,11
55582,1
55583,1
55584,8
55585,2
55586,4
55587,0
55588,6
55589,3
55590,6
55591,10
55592,3
55593,1
55594,6
55595,7
55596,10
55597,12
55598,11
55599,2
55600,9
55601,6
55602,11
55603,8
55604,9
55605,7
55606,7
55607,7
55608,3
55609,0
55610,4
55611,10
55612,6
55613,3
55614,3
55615,2
55616,2
55617,8
55618,8
55619,8
55620,6
55621,13
55622,13
55623,2
55624,0
55625,0
55626,1
55627,4
55628,10
55629,13
55630,8
55631,1
55632,7
55633,5
55634,8
55635,1
55636,12
55637,12
55638,7
55639,13
55640,1
55641,2
55642,11
55643,8
55644,0
55645,1
55646,12
55647,11
55648,9
55649,13
55650,10
55651,6
55652,4
55653,2
55654,2
55655,5
55656,6
55657,12
55658,12
55659,8
55660,6
55661,7
55662,0
55663,0
55664,6
55665,2
55666,0
55667,7
55668,6
55669,12
55670,7
55671,10
55672,10
55673,6
55674,4
55675,1
55676,1
55677,4
55678,11
55679,2
55680,1
55681,11
55682,6
55683,7
55684,1
55685,10
55686,9
55687,12
55688,12
55689,12
55690,0
55691,9
55692,11
55693,9
55694,6
55695,11
55696,13
55697,6
55698,11
55699,13
55700,11
55701,1
55702,8
55703,0
55704,0
55705,0
55706,2
55707,9
55708,13
55709,11
55710,8
55711,8
55712,1
55713,13
55714,0
55715,1
55716,9
55717,8
55718,0
55719,6
55720,2
55721,10
55722,9
55723,1
55724,2
55725,2
55726,7
55727,10
55728,7
55729,1
55730,7
55731,8
55732,2
55733,0
55734,10
55735,6
55736,4
55737,6
55738,6
55739,1
55740,1
55741,2
55742,7
55743,7
55744,2
55745,4
55746,11
55747,11
55748,6
55749,6
55750,1
55751,1
55752,3
55753,6
55754,10
55755,3
55756,0
55757,4
55758,2
55759,3
55760,3
55761,2
55762,0
55763,3
55764,2
55765,10
55766,11
55767,0
55768,10
55769,12
55770,11
55771,13
55772,6
55773,2
55774,2
55775,0
55776,12
55777,9
55778,9
55779,12
55780,0
55781,6
55782,10
55783,4
55784,0
55785,11
55786,4
55787,0
55788,8
55789,2
55790,4
55791,12
55792,10
55793,11
55794,2
55795,3
55796,0
55797,12
55798,2
55799,11
55800,11
55801,3
55802,0
55803,6
55804,4
55805,12
55806,11
55807,8
55808,11
55809,1
55810,10
55811,11
55812,7
55813,12
55814,11
55815,2
55816,3
55817,10
55818,2
55819,3
55820,12
55821,4
55822,1
55823,2
55824,10
55825,6
55826,1
55827,1
55828,12
55829,2
55830,1
55831,9
55832,11
55833,8
55834,13
55835,6
55836,9
55837,0
55838,1
55839,11
55840,3
55841,2
55842,3
55843,4
55844,5
55845,1
55846,2
55847,6
55848,7
55849,11
55850,6
55851,1
55852,2
55853,8
55854,0
55855,10
55856,2
55857,4
55858,11
55859,10
55860,2
55861,3
55862,12
55863,3
55864,0
55865,8
55866,11
55867,10
55868,1
55869,10
55870,11
55871,13
55872,12
55873,7
55874,10
55875,3
55876,1
55877,5
55878,12
55879,1
55880,8
55881,0
55882,9
55883,13
55884,12
55885,1
55886,1
55887,6
55888,1
55889,9
55890,1
55891,8
55892,8
55893,10
55894,9
55895,2
55896,11
55897,1
55898,9
55899,11
55900,8
55901,2
55902,1
55903,1
55904,3
55905,7
55906,4
55907,2
55908,7
55909,5
55910,1
55911,8
55912,2
55913,7
55914,4
55915,0
55916,6
55917,5
55918,1
55919,9
55920,8
55921,3
55922,12
55923,1
55924,12
55925,7
55926,12
55927,9
55928,11
55929,10
55930,11
55931,9
55932,0
55933,1
55934,1
55935,0
55936,1
55937,4
55938,0
55939,12
55940,6
55941,3
55942,0
55943,0
55944,12
55945,4
55946,10
55947,1
55948,4
55949,0
55950,8
55951,11
55952,10
55953,0
55954,3
55955,12
55956,2
55957,6
55958,2
55959,3
55960,8
55961,3
55962,4
55963,12
55964,0
55965,6
55966,1
55967,7
55968,8
55969,2
55970,10
55971,4
55972,7
55973,6
55974,9
55975,0
55976,0
55977,3
55978,11
55979,6
55980,7
55981,1
55982,11
55983,11
55984,11
55985,3
55986,1
55987,6
55988,2
55989,2
55990,0
55991,13
55992,1
55993,11
55994,0
55995,1
55996,6
55997,8
55998,2
55999,6
56000,6
56001,7
56002,0
56003,10
56004,4
56005,2
56006,0
56007,2
56008,11
56009,8
56010,9
56011,10
56012,3
56013,10
56014,4
56015,12
56016,10
56017,12
56018,3
56019,3
56020,11
56021,11
56022,2
56023,1
56024,0
56025,7
56026,9
56027,8
56028,0
56029,2
56030,4
56031,2
56032,10
56033,9
56034,10
56035,10
56036,11
56037,2
56038,4
56039,0
56040,10
56041,8
56042,6
56043,11
56044,7
56045,12
56046,11
56047,6
56048,11
56049,13
56050,12
56051,4
56052,4
56053,11
56054,1
56055,2
56056,13
56057,4
56058,8
56059,8
56060,0
56061,13
56062,0
56063,0
56064,9
56065,1
56066,4
56067,7
56068,2
56069,1
56070,13
56071,1
56072,1
56073,12
56074,10
56075,11
56076,10
56077,12
56078,4
56079,12
56080,0
56081,11
56082,2
56083,3
56084,6
56085,1
56086,1
56087,1
56088,11
56089,8
56090,0
56091,8
56092,6
56093,10
56094,8
56095,12
56096,8
56097,11
56098,7
56099,12
56100,8
56101,13
56102,11
56103,0
56104,2
56105,3
56106,2
56107,12
56108,11
56109,1
56110,2
56111,8
56112,12
56113,1
56114,11
56115,11
56116,2
56117,6
56118,8
56119,4
56120,3
56121,8
56122,11
56123,13
56124,9
56125,0
56126,8
56127,13
56128,11
56129,3
56130,10
56131,3
56132,13
56133,12
56134,11
56135,7
56136,2
56137,7
56138,11
56139,2
56140,0
56141,13
56142,0
56143,3
56144,4
56145,2
56146,11
56147,1
56148,12
56149,0
56150,11
56151,12
56152,10
56153,8
56154,11
56155,7
56156,6
56157,2
56158,8
56159,3
56160,6
56161,6
56162,10
56163,0
56164,6
56165,1
56166,4
56167,7
56168,8
56169,9
56170,3
56171,8
56172,8
56173,12
56174,11
56175,6
56176,12
56177,12
56178,0
56179,8
56180,9
56181,6
56182,4
56183,1
56184,1
56185,1
56186,9
56187,6
56188,1
56189,1
56190,2
56191,1
56192,12
56193,0
56194,2
56195,0
56196,4
56197,10
56198,11
56199,1
56200,5
56201,2
56202,8
56203,11
56204,1
56205,1
56206,2
56207,4
56208,8
56209,12
56210,6
56211,2
56212,2
56213,4
56214,1
56215,0
56216,13
56217,8
56218,9
56219,7
56220,2
56221,12
56222,2
56223,0
56224,2
56225,13
56226,8
56227,11
56228,6
56229,2
56230,6
56231,9
56232,1
56233,4
56234,7
56235,5
56236,10
56237,13
56238,7
56239,6
56240,13
56241,7
56242,1
56243,0
56244,12
56245,1
56246,8
56247,13
56248,7
56249,0
56250,2
56251,2
56252,12
56253,8
56254,6
56255,9
56256,7
56257,0
56258,1
56259,3
56260,7
56261,3
56262,7
56263,2
56264,10
56265,4
56266,7
56267,1
56268,4
56269,2
56270,6
56271,13
56272,2
56273,4
56274,10
56275,1
56276,12
56277,1
56278,12
56279,13
56280,7
56281,1
56282,6
56283,4
56284,12
56285,4
56286,0
56287,13
56288,7
56289,10
56290,0
56291,4
56292,0
56293,10
56294,12
56295,3
56296,0
56297,12
56298,0
56299,10
56300,7
56301,1
56302,1
56303,10
56304,8
56305,10
56306,10
56307,0
56308,8
56309,8
56310,4
56311,11
56312,0
56313,8
56314,8
56315,4
56316,0
56317,0
56318,12
56319,0
56320,6
56321,11
56322,13
56323,11
56324,2
56325,4
56326,12
56327,2
56328,1
56329,0
56330,12
56331,1
56332,7
56333,1
56334,7
56335,7
56336,8
56337,2
56338,8
56339,1
56340,11
56341,2
56342,0
56343,7
56344,1
56345,6
56346,2
56347,10
56348,2
56349,7
56350,3
56351,13
56352,4
56353,7
56354,9
56355,13
56356,12
56357,0
56358,5
56359,11
56360,4
56361,7
56362,12
56363,3
56364,5
56365,9
56366,10
56367,13
56368,12
56369,4
56370,1
56371,13
56372,10
56373,0
56374,0
56375,1
56376,0
56377,0
56378,0
56379,4
56380,10
56381,5
56382,4
56383,6
56384,0
56385,0
56386,12
56387,5
56388,0
56389,0
56390,6
56391,5
56392,1
56393,1
56394,10
56395,9
56396,0
56397,12
56398,3
56399,11
56400,12
56401,3
56402,3
56403,7
56404,13
56405,2
56406,4
56407,7
56408,13
56409,9
56410,6
56411,11
56412,10
56413,7
56414,10
56415,0
56416,12
56417,1
56418,11
56419,1
56420,2
56421,7
56422,1
56423,11
56424,8
56425,0
56426,0
56427,13
56428,8
56429,12
56430,7
56431,1
56432,13
56433,4
56434,0
56435,8
56436,1
56437,6
56438,13
56439,8
56440,3
56441,7
56442,12
56443,10
56444,10
56445,1
56446,5
56447,11
56448,9
56449,10
56450,1
56451,11
56452,11
56453,11
56454,12
56455,8
56456,10
56457,11
56458,7
56459,7
56460,10
56461,7
56462,11
56463,11
56464,7
56465,7
56466,2
56467,9
56468,4
56469,0
56470,10
56471,3
56472,4
56473,7
56474,7
56475,7
56476,0
56477,4
56478,1
56479,12
56480,10
56481,2
56482,0
56483,11
56484,12
56485,4
56486,4
56487,1
56488,7
56489,3
56490,11
56491,12
56492,10
56493,7
56494,0
56495,12
56496,0
56497,11
56498,12
56499,4
56500,1
56501,8
56502,1
56503,8
56504,8
56505,8
56506,6
56507,0
56508,11
56509,11
56510,4
56511,8
56512,11
56513,11
56514,3
56515,9
56516,4
56517,11
56518,12
56519,11
56520,13
56521,9
56522,13
56523,12
56524,0
56525,11
56526,0
56527,0
56528,9
56529,2
56530,11
56531,13
56532,6
56533,12
56534,2
56535,12
56536,8
56537,13
56538,6
56539,6
56540,1
56541,7
56542,1
56543,13
56544,6
56545,10
56546,12
56547,12
56548,13
56549,13
56550,2
56551,3
56552,4
56553,10
56554,9
56555,7
56556,7
56557,5
56558,11
56559,2
56560,9
56561,6
56562,12
56563,1
56564,11
56565,11
56566,2
56567,2
56568,1
56569,12
56570,12
56571,7
56572,11
56573,7
56574,12
56575,9
56576,5
56577,10
56578,2
56579,8
56580,11
56581,10
56582,7
56583,11
56584,3
56585,2
56586,0
56587,1
56588,9
56589,11
56590,13
56591,10
56592,7
56593,11
56594,13
56595,9
56596,12
56597,4
56598,0
56599,2
56600,11
56601,12
56602,4
56603,0
56604,4
56605,2
56606,1
56607,4
56608,1
56609,13
56610,12
56611,0
56612,11
56613,3
56614,7
56615,6
56616,11
56617,0
56618,1
56619,2
56620,7
56621,7
56622,12
56623,2
56624,10
56625,0
56626,12
56627,10
56628,11
56629,9
56630,8
56631,0
56632,5
56633,2
56634,10
56635,8
56636,2
56637,12
56638,2
56639,7
56640,8
56641,3
56642,8
56643,3
56644,2
56645,12
56646,1
56647,11
56648,0
56649,2
56650,6
56651,7
56652,4
56653,10
56654,8
56655,4
56656,1
56657,0
56658,1
56659,13
56660,11
56661,13
56662,10
56663,0
56664,0
56665,0
56666,13
56667,1
56668,12
56669,8
56670,1
56671,3
56672,4
56673,0
56674,2
56675,11
56676,0
56677,0
56678,3
56679,0
56680,1
56681,3
56682,6
56683,2
56684,3
56685,7
56686,2
56687,4
56688,0
56689,1
56690,2
56691,12
56692,1
56693,0
56694,6
56695,8
56696,11
56697,2
56698,0
56699,11
56700,10
56701,7
56702,12
56703,4
56704,2
56705,0
56706,4
56707,0
56708,10
56709,1
56710,0
56711,4
56712,11
56713,1
56714,13
56715,12
56716,2
56717,6
56718,12
56719,4
56720,3
56721,6
56722,11
56723,3
56724,2
56725,10
56726,6
56727,7
56728,6
56729,10
56730,11
56731,7
56732,13
56733,2
56734,7
56735,4
56736,11
56737,8
56738,3
56739,8
56740,11
56741,3
56742,4
56743,9
56744,2
56745,8
56746,11
56747,12
56748,2
56749,9
56750,4
56751,11
56752,6
56753,7
56754,12
56755,2
56756,0
56757,0
56758,8
56759,7
56760,11
56761,3
56762,0
56763,7
56764,2
56765,8
56766,2
56767,10
56768,8
56769,8
56770,9
56771,10
56772,6
56773,12
56774,4
56775,1
56776,11
56777,3
56778,8
56779,6
56780,6
56781,2
56782,1
56783,8
56784,12
56785,1
56786,9
56787,11
56788,7
56789,10
56790,1
56791,8
56792,9
56793,11
56794,0
56795,12
56796,2
56797,11
56798,6
56799,1
56800,10
56801,4
56802,10
56803,1
56804,9
56805,5
56806,11
56807,7
56808,12
56809,10
56810,5
56811,6
56812,4
56813,8
56814,1
56815,3
56816,2
56817,1
56818,4
56819,7
56820,3
56821,2
56822,6
56823,4
56824,9
56825,1
56826,6
56827,7
56828,7
56829,6
56830,10
56831,11
56832,11
56833,0
56834,3
56835,6
56836,2
56837,0
56838,1
56839,12
56840,13
56841,3
56842,7
56843,4
56844,1
56845,12
56846,12
56847,12
56848,4
56849,0
56850,11
56851,0
56852,5
56853,12
56854,10
56855,2
56856,1
56857,2
56858,3
56859,1
56860,4
56861,1
56862,1
56863,1
56864,2
56865,7
56866,13
56867,7
56868,8
56869,7
56870,1
56871,3
56872,10
56873,8
56874,8
56875,3
56876,2
56877,10
56878,7
56879,4
56880,12
56881,4
56882,11
56883,11
56884,9
56885,10
56886,9
56887,1
56888,3
56889,2
56890,3
56891,8
56892,12
56893,11
56894,10
56895,1
56896,1
56897,3
56898,6
56899,12
56900,3
56901,0
56902,1
56903,9
56904,2
56905,10
56906,7
56907,4
56908,6
56909,10
56910,11
56911,9
56912,4
56913,9
56914,12
56915,13
56916,3
56917,12
56918,1
56919,1
56920,0
56921,1
56922,4
56923,13
56924,7
56925,5
56926,2
56927,1
56928,12
56929,10
56930,0
56931,8
56932,8
56933,2
56934,1
56935,10
56936,12
56937,6
56938,12
56939,10
56940,6
56941,4
56942,10
56943,10
56944,1
56945,8
56946,2
56947,6
56948,13
56949,4
56950,9
56951,10
56952,12
56953,8
56954,2
56955,2
56956,11
56957,12
56958,5
56959,10
56960,4
56961,2
56962,8
56963,0
56964,9
56965,2
56966,2
56967,12
56968,11
56969,6
56970,1
56971,12
56972,6
56973,11
56974,12
56975,12
56976,7
56977,9
56978,6
56979,7
56980,11
56981,5
56982,0
56983,12
56984,11
56985,7
56986,4
56987,7
56988,0
56989,8
56990,4
56991,1
56992,10
56993,2
56994,4
56995,6
56996,11
56997,11
56998,12
56999,12
57000,2
57001,7
57002,4
57003,11
57004,1
57005,4
57006,11
57007,12
57008,9
57009,7
57010,8
57011,12
57012,2
57013,6
57014,11
57015,7
57016,4
57017,13
57018,9
57019,2
57020,0
57021,1
57022,8
57023,8
57024,7
57025,10
57026,5
57027,1
57028,3
57029,3
57030,11
57031,2
57032,13
57033,8
57034,10
57035,13
57036,11
57037,3
57038,0
57039,2
57040,4
57041,2
57042,8
57043,2
57044,2
57045,3
57046,0
57047,8
57048,3
57049,12
57050,4
57051,1
57052,2
57053,11
57054,11
57055,2
57056,7
57057,7
57058,1
57059,2
57060,0
57061,11
57062,7
57063,6
57064,13
57065,0
57066,0
57067,1
57068,10
57069,6
57070,10
57071,2
57072,1
57073,7
57074,1
57075,13
57076,13
57077,0
57078,5
57079,11
57080,1
57081,12
57082,4
57083,4
57084,4
57085,1
57086,1
57087,11
57088,11
57089,0
57090,8
57091,6
57092,1
57093,2
57094,4
57095,2
57096,7
57097,10
57098,0
57099,0
57100,6
57101,1
57102,11
57103,6
57104,11
57105,8
57106,3
57107,1
57108,4
57109,13
57110,0
57111,0
57112,6
57113,2
57114,0
57115,3
57116,9
57117,11
57118,2
57119,4
57120,11
57121,11
57122,0
57123,5
57124,2
57125,9
57126,8
57127,6
57128,6
57129,8
57130,7
57131,10
57132,4
57133,8
57134,2
57135,2
57136,11
57137,10
57138,8
57139,2
57140,12
57141,13
57142,2
57143,6
57144,2
57145,1
57146,0
57147,11
57148,3
57149,12
57150,11
57151,11
57152,4
57153,1
57154,11
57155,10
57156,12
57157,9
57158,11
57159,12
57160,1
57161,6
57162,7
57163,10
57164,7
57165,0
57166,13
57167,1
57168,1
57169,12
57170,9
57171,3
57172,13
57173,12
57174,13
57175,12
57176,8
57177,4
57178,2
57179,7
57180,2
57181,9
57182,7
57183,11
57184,1
57185,4
57186,11
57187,7
57188,0
57189,11
57190,9
57191,10
57192,10
57193,10
57194,13
57195,5
57196,13
57197,2
57198,9
57199,4
57200,1
57201,3
57202,1
57203,1
57204,4
57205,10
57206,0
57207,13
57208,0
57209,9
57210,11
57211,6
57212,4
57213,4
57214,9
57215,8
57216,1
57217,7
57218,1
57219,12
57220,12
57221,10
57222,0
57223,2
57224,4
57225,10
57226,6
57227,11
57228,11
57229,13
57230,13
57231,11
57232,12
57233,2
57234,7
57235,2
57236,2
57237,9
57238,12
57239,1
57240,4
57241,9
57242,11
57243,3
57244,1
57245,2
57246,5
57247,2
57248,11
57249,11
57250,7
57251,0
57252,9
57253,1
57254,5
57255,6
57256,2
57257,0
57258,1
57259,12
57260,7
57261,3
57262,6
57263,0
57264,7
57265,8
57266,11
57267,2
57268,4
57269,6
57270,8
57271,0
57272,0
57273,3
57274,11
57275,0
57276,6
57277,1
57278,6
57279,12
57280,10
57281,6
57282,12
57283,1
57284,13
57285,13
57286,11
57287,6
57288,10
57289,3
57290,2
57291,5
57292,5
57293,9
57294,0
57295,8
57296,1
57297,7
57298,2
57299,11
57300,6
57301,11
57302,0
57303,2
57304,6
57305,1
57306,8
57307,11
57308,12
57309,12
57310,4
57311,11
57312,7
57313,1
57314,12
57315,2
57316,7
57317,9
57318,12
57319,13
57320,10
57321,8
57322,4
57323,12
57324,2
57325,1
57326,2
57327,10
57328,8
57329,7
57330,13
57331,12
57332,10
57333,8
57334,0
57335,13
57336,7
57337,0
57338,10
57339,9
57340,3
57341,1
57342,1
57343,9
57344,12
57345,1
57346,11
57347,8
57348,8
57349,13
57350,9
57351,0
57352,8
57353,13
57354,1
57355,2
57356,11
57357,8
57358,7
57359,0
57360,1
57361,6
57362,3
57363,7
57364,6
57365,9
57366,1
57367,10
57368,8
57369,7
57370,2
57371,1
57372,2
57373,13
57374,4
57375,0
57376,0
57377,11
57378,8
57379,12
57380,4
57381,7
57382,12
57383,2
57384,12
57385,11
57386,0
57387,10
57388,1
57389,1
57390,2
57391,12
57392,13
57393,11
57394,8
57395,10
57396,12
57397,11
57398,3
57399,1
57400,3
57401,11
57402,2
57403,1
