1,2
2,12
3,12
4,1
5,8
6,8
7,1
8,0
9,0
10,7
11,5
12,7
13,4
14,2
15,13
16,11
17,1
18,2
19,8
20,10
21,7
22,7
23,3
24,6
25,2
26,11
27,13
28,7
29,0
30,0
31,11
32,1
33,13
34,1
35,3
36,2
37,10
38,10
39,10
40,0
41,1
42,11
43,8
44,13
45,11
46,3
47,6
48,0
49,11
50,7
51,2
52,11
53,12
54,1
55,9
56,1
57,11
58,11
59,0
60,0
61,7
62,10
63,13
64,0
65,11
66,10
67,12
68,7
69,1
70,9
71,7
72,11
73,12
74,11
75,12
76,9
77,12
78,9
79,10
80,7
81,13
82,8
83,10
84,9
85,8
86,1
87,6
88,11
89,0
90,7
91,2
92,3
93,2
94,13
95,9
96,4
97,0
98,10
99,4
100,12
101,2
102,11
103,7
104,0
105,9
106,5
107,10
108,11
109,0
110,7
111,12
112,9
113,4
114,6
115,6
116,11
117,3
118,9
119,10
120,2
121,2
122,11
123,11
124,4
125,3
126,6
127,2
128,13
129,4
130,1
131,13
132,0
133,11
134,4
135,1
136,12
137,2
138,11
139,8
140,8
141,12
142,11
143,10
144,10
145,5
146,3
147,8
148,6
149,11
150,12
151,2
152,6
153,1
154,4
155,2
156,6
157,13
158,0
159,7
160,2
161,1
162,0
163,7
164,7
165,5
166,12
167,1
168,12
169,13
170,6
171,7
172,11
173,11
174,10
175,10
176,2
177,8
178,2
179,8
180,3
181,2
182,5
183,7
184,0
185,0
186,7
187,3
188,12
189,10
190,9
191,2
192,12
193,6
194,7
195,12
196,2
197,6
198,2
199,0
200,13
201,1
202,12
203,3
204,0
205,1
206,1
207,2
208,7
209,1
210,2
211,4
212,4
213,1
214,3
215,6
216,6
217,6
218,1
219,2
220,1
221,9
222,7
223,7
224,13
225,12
226,1
227,9
228,7
229,11
230,2
231,12
232,1
233,0
234,7
235,13
236,0
237,11
238,10
239,9
240,7
241,10
242,9
243,11
244,0
245,12
246,11
247,10
248,0
249,11
250,4
251,7
252,10
253,13
254,6
255,7
256,8
257,7
258,9
259,1
260,7
261,3
262,12
263,11
264,2
265,11
266,2
267,12
268,2
269,10
270,2
271,3
272,4
273,4
274,9
275,2
276,11
277,9
278,1
279,6
280,0
281,3
282,4
283,3
284,6
285,10
286,11
287,4
288,9
289,7
290,4
291,8
292,6
293,1
294,2
295,3
296,8
297,4
298,4
299,11
300,2
301,12
302,13
303,6
304,3
305,13
306,6
307,1
308,8
309,11
310,11
311,0
312,8
313,10
314,0
315,12
316,7
317,10
318,3
319,1
320,2
321,0
322,9
323,11
324,2
325,10
326,7
327,12
328,10
329,10
330,1
331,11
332,1
333,1
334,1
335,1
336,13
337,0
338,4
339,12
340,3
341,11
342,9
343,13
344,10
345,0
346,2
347,3
348,10
349,1
350,0
351,6
352,3
353,4
354,11
355,9
356,11
357,10
358,7
359,13
360,0
361,1
362,9
363,12
364,7
365,8
366,10
367,7
368,8
369,11
370,11
371,12
372,8
373,10
374,3
375,13
376,3
377,12
378,9
379,1
380,10
381,2
382,11
383,7
384,1
385,7
386,4
387,6
388,6
389,11
390,8
391,7
392,8
393,12
394,9
395,2
396,11
397,8
398,10
399,13
400,3
401,1
402,1
403,9
404,2
405,8
406,11
407,6
408,8
409,13
410,6
411,1
412,6
413,10
414,7
415,8
416,11
417,6
418,4
419,2
420,10
421,3
422,8
423,11
424,10
425,2
426,4
427,0
428,8
429,2
430,10
431,13
432,8
433,2
434,0
435,11
436,5
437,2
438,11
439,8
440,11
441,8
442,12
443,0
444,10
445,9
446,11
447,12
448,5
449,11
450,11
451,6
452,11
453,0
454,9
455,10
456,1
457,0
458,8
459,7
460,0
461,4
462,9
463,10
464,3
465,0
466,0
467,8
468,10
469,3
470,7
471,3
472,1
473,2
474,11
475,7
476,13
477,0
478,11
479,7
480,6
481,11
482,7
483,3
484,11
485,0
486,1
487,11
488,10
489,10
490,8
491,12
492,10
493,12
494,11
495,11
496,9
497,1
498,3
499,2
500,7
501,1
502,3
503,4
504,9
505,2
506,7
507,2
508,4
509,11
510,9
511,11
512,11
513,6
514,7
515,0
516,2
517,10
518,9
519,13
520,12
521,3
522,12
523,2
524,11
525,2
526,3
527,6
528,8
529,1
530,11
531,12
532,12
533,0
534,11
535,6
536,11
537,11
538,11
539,9
540,3
541,11
542,10
543,2
544,2
545,12
546,2
547,6
548,6
549,11
550,1
551,8
552,11
553,4
554,11
555,5
556,3
557,10
558,11
559,13
560,9
561,1
562,1
563,10
564,2
565,13
566,2
567,1
568,4
569,10
570,2
571,3
572,7
573,0
574,12
575,13
576,11
577,13
578,11
579,7
580,2
581,3
582,3
583,4
584,10
585,10
586,1
587,2
588,0
589,1
590,9
591,6
592,6
593,11
594,8
595,1
596,11
597,8
598,11
599,10
600,6
601,8
602,13
603,0
604,10
605,0
606,11
607,0
608,7
609,11
610,10
611,7
612,1
613,3
614,2
615,13
616,3
617,11
618,8
619,1
620,2
621,0
622,6
623,4
624,1
625,0
626,8
627,2
628,7
629,8
630,0
631,12
632,1
633,3
634,3
635,1
636,6
637,6
638,0
639,2
640,13
641,1
642,10
643,1
644,10
645,0
646,11
647,13
648,4
649,13
650,7
651,12
652,7
653,1
654,10
655,11
656,5
657,8
658,2
659,8
660,6
661,2
662,11
663,13
664,8
665,9
666,0
667,2
668,1
669,1
670,7
671,3
672,1
673,8
674,13
675,13
676,2
677,11
678,1
679,10
680,7
681,13
682,8
683,13
684,13
685,2
686,4
687,3
688,9
689,11
690,7
691,6
692,7
693,4
694,8
695,6
696,7
697,1
698,11
699,4
700,10
701,6
702,11
703,10
704,2
705,9
706,2
707,11
708,12
709,11
710,0
711,13
712,7
713,4
714,11
715,0
716,1
717,2
718,0
719,0
720,2
721,4
722,7
723,6
724,3
725,12
726,0
727,10
728,0
729,13
730,3
731,10
732,13
733,8
734,2
735,7
736,11
737,2
738,4
739,0
740,2
741,9
742,8
743,4
744,11
745,10
746,0
747,12
748,11
749,2
750,6
751,10
752,6
753,13
754,8
755,8
756,11
757,2
758,1
759,10
760,6
761,8
762,2
763,11
764,6
765,11
766,5
767,0
768,8
769,6
770,11
771,0
772,0
773,3
774,0
775,10
776,0
777,1
778,11
779,7
780,6
781,8
782,13
783,8
784,10
785,10
786,7
787,7
788,2
789,9
790,4
791,11
792,0
793,4
794,9
795,8
796,4
797,11
798,4
799,0
800,0
801,7
802,7
803,12
804,11
805,8
806,1
807,11
808,3
809,11
810,11
811,7
812,10
813,10
814,10
815,1
816,2
817,0
818,0
819,9
820,1
821,2
822,10
823,1
824,8
825,2
826,6
827,2
828,3
829,11
830,3
831,9
832,9
833,3
834,11
835,11
836,7
837,11
838,9
839,8
840,2
841,2
842,12
843,3
844,1
845,13
846,13
847,6
848,11
849,3
850,6
851,1
852,12
853,4
854,2
855,2
856,2
857,0
858,0
859,1
860,1
861,3
862,10
863,12
864,1
865,4
866,10
867,11
868,4
869,6
870,7
871,6
872,0
873,12
874,9
875,6
876,10
877,11
878,11
879,7
880,10
881,6
882,0
883,10
884,8
885,2
886,11
887,10
888,9
889,8
890,1
891,9
892,4
893,12
894,8
895,3
896,13
897,6
898,3
899,8
900,4
901,1
902,2
903,8
904,4
905,11
906,2
907,0
908,6
909,12
910,7
911,6
912,8
913,0
914,7
915,4
916,4
917,6
918,4
919,0
920,1
921,10
922,2
923,4
924,7
925,10
926,3
927,4
928,2
929,11
930,4
931,10
932,7
933,9
934,7
935,2
936,4
937,12
938,12
939,12
940,10
941,0
942,10
943,0
944,9
945,10
946,3
947,11
948,1
949,1
950,13
951,11
952,0
953,8
954,13
955,5
956,7
957,11
958,1
959,1
960,12
961,0
962,8
963,0
964,6
965,4
966,13
967,13
968,8
969,13
970,3
971,7
972,11
973,1
974,7
975,8
976,7
977,0
978,4
979,1
980,11
981,2
982,3
983,7
984,0
985,0
986,12
987,1
988,9
989,5
990,10
991,7
992,0
993,6
994,0
995,6
996,7
997,4
998,11
999,11
1000,12
1001,11
1002,2
1003,10
1004,7
1005,8
1006,11
1007,4
1008,2
1009,9
1010,3
1011,2
1012,6
1013,0
1014,3
1015,9
1016,1
1017,1
1018,12
1019,13
1020,4
1021,2
1022,11
1023,8
1024,9
1025,3
1026,3
1027,10
1028,0
1029,13
1030,1
1031,11
1032,7
1033,13
1034,11
1035,3
1036,10
1037,2
1038,6
1039,4
1040,0
1041,6
1042,8
1043,2
1044,12
1045,2
1046,6
1047,3
1048,3
1049,5
1050,4
1051,6
1052,9
1053,11
1054,1
1055,1
1056,6
1057,1
1058,11
1059,1
1060,1
1061,11
1062,12
1063,11
1064,6
1065,0
1066,11
1067,6
1068,9
1069,1
1070,0
1071,12
1072,4
1073,10
1074,4
1075,4
1076,1
1077,0
1078,0
1079,5
1080,7
1081,6
1082,11
1083,1
1084,7
1085,12
1086,1
1087,4
1088,12
1089,1
1090,0
1091,1
1092,4
1093,4
1094,9
1095,12
1096,8
1097,0
1098,7
1099,4
1100,2
1101,7
1102,8
1103,1
1104,3
1105,9
1106,1
1107,8
1108,8
1109,6
1110,9
1111,4
1112,1
1113,11
1114,12
1115,6
1116,8
1117,0
1118,10
1119,2
1120,11
1121,0
1122,7
1123,13
1124,11
1125,9
1126,13
1127,10
1128,11
1129,7
1130,3
1131,13
1132,0
1133,12
1134,6
1135,12
1136,6
1137,6
1138,2
1139,4
1140,4
1141,11
1142,6
1143,13
1144,11
1145,6
1146,7
1147,8
1148,3
1149,6
1150,6
1151,11
1152,8
1153,8
1154,1
1155,1
1156,12
1157,2
1158,4
1159,6
1160,12
1161,2
1162,8
1163,8
1164,10
1165,12
1166,12
1167,12
1168,1
1169,10
1170,3
1171,13
1172,4
1173,1
1174,7
1175,0
1176,0
1177,2
1178,2
1179,13
1180,11
1181,10
1182,8
1183,8
1184,8
1185,4
1186,8
1187,2
1188,12
1189,12
1190,9
1191,4
1192,12
1193,3
1194,4
1195,2
1196,3
1197,6
1198,0
1199,11
1200,7
1201,9
1202,6
1203,2
1204,2
1205,3
1206,2
1207,0
1208,1
1209,1
1210,2
1211,7
1212,11
1213,7
1214,1
1215,11
1216,10
1217,0
1218,1
1219,4
1220,9
1221,3
1222,11
1223,3
1224,4
1225,1
1226,2
1227,12
1228,7
1229,7
1230,3
1231,12
1232,2
1233,7
1234,2
1235,7
1236,6
1237,13
1238,6
1239,2
1240,4
1241,7
1242,11
1243,4
1244,7
1245,11
1246,3
1247,4
1248,12
1249,6
1250,10
1251,11
1252,8
1253,13
1254,8
1255,12
1256,11
1257,9
1258,2
1259,0
1260,9
1261,1
1262,0
1263,1
1264,4
1265,13
1266,4
1267,1
1268,13
1269,2
1270,13
1271,6
1272,0
1273,0
1274,10
1275,7
1276,6
1277,9
1278,6
1279,12
1280,12
1281,4
1282,7
1283,1
1284,9
1285,7
1286,3
1287,2
1288,7
1289,3
1290,11
1291,12
1292,0
1293,1
1294,4
1295,4
1296,10
1297,2
1298,11
1299,8
1300,11
1301,13
1302,11
1303,7
1304,2
1305,3
1306,9
1307,11
1308,10
1309,11
1310,1
1311,5
1312,0
1313,1
1314,7
1315,6
1316,0
1317,8
1318,10
1319,1
1320,9
1321,9
1322,1
1323,7
1324,1
1325,4
1326,0
1327,2
1328,1
1329,2
1330,11
1331,7
1332,0
1333,10
1334,12
1335,11
1336,8
1337,10
1338,11
1339,11
1340,8
1341,1
1342,6
1343,7
1344,3
1345,0
1346,12
1347,0
1348,1
1349,1
1350,4
1351,1
1352,7
1353,13
1354,4
1355,2
1356,13
1357,1
1358,11
1359,0
1360,0
1361,9
1362,10
1363,9
1364,4
1365,8
1366,2
1367,9
1368,2
1369,7
1370,2
1371,2
1372,3
1373,8
1374,7
1375,12
1376,9
1377,12
1378,1
1379,2
1380,2
1381,12
1382,2
1383,0
1384,1
1385,6
1386,4
1387,4
1388,4
1389,10
1390,2
1391,11
1392,0
1393,13
1394,5
1395,6
1396,1
1397,2
1398,7
1399,13
1400,11
1401,7
1402,2
1403,12
1404,1
1405,3
1406,12
1407,11
1408,3
1409,0
1410,8
1411,1
1412,13
1413,11
1414,11
1415,4
1416,2
1417,0
1418,8
1419,2
1420,2
1421,11
1422,2
1423,3
1424,8
1425,10
1426,7
1427,8
1428,2
1429,1
1430,10
1431,2
1432,3
1433,8
1434,13
1435,10
1436,6
1437,13
1438,2
1439,0
1440,8
1441,6
1442,0
1443,12
1444,2
1445,6
1446,0
1447,4
1448,12
1449,11
1450,6
1451,1
1452,0
1453,1
1454,6
1455,7
1456,2
1457,3
1458,8
1459,1
1460,12
1461,3
1462,8
1463,11
1464,3
1465,7
1466,0
1467,11
1468,6
1469,6
1470,11
1471,6
1472,11
1473,8
1474,13
1475,11
1476,6
1477,7
1478,0
1479,11
1480,1
1481,6
1482,7
1483,2
1484,2
1485,11
1486,0
1487,11
1488,4
1489,2
1490,12
1491,4
1492,5
1493,4
1494,13
1495,13
1496,1
1497,0
1498,7
1499,8
1500,2
1501,7
1502,11
1503,9
1504,8
1505,1
1506,10
1507,8
1508,7
1509,12
1510,5
1511,1
1512,8
1513,3
1514,2
1515,8
1516,4
1517,3
1518,4
1519,10
1520,12
1521,0
1522,1
1523,2
1524,1
1525,2
1526,2
1527,7
1528,8
1529,0
1530,1
1531,2
1532,2
1533,0
1534,2
1535,12
1536,7
1537,11
1538,11
1539,2
1540,0
1541,9
1542,7
1543,7
1544,2
1545,11
1546,8
1547,3
1548,1
1549,0
1550,4
1551,8
1552,13
1553,2
1554,6
1555,12
1556,0
1557,2
1558,10
1559,13
1560,12
1561,10
1562,4
1563,8
1564,2
1565,11
1566,3
1567,11
1568,1
1569,12
1570,0
1571,9
1572,6
1573,6
1574,11
1575,11
1576,11
1577,1
1578,2
1579,12
1580,10
1581,2
1582,10
1583,9
1584,11
1585,11
1586,2
1587,12
1588,7
1589,9
1590,6
1591,6
1592,9
1593,6
1594,3
1595,8
1596,0
1597,0
1598,2
1599,5
1600,0
1601,12
1602,11
1603,9
1604,0
1605,7
1606,4
1607,4
1608,9
1609,0
1610,6
1611,3
1612,5
1613,11
1614,9
1615,8
1616,1
1617,3
1618,9
1619,1
1620,9
1621,7
1622,11
1623,0
1624,6
1625,0
1626,11
1627,4
1628,4
1629,6
1630,2
1631,12
1632,11
1633,2
1634,1
1635,9
1636,8
1637,13
1638,6
1639,8
1640,6
1641,1
1642,1
1643,3
1644,4
1645,1
1646,2
1647,11
1648,7
1649,1
1650,2
1651,10
1652,13
1653,8
1654,1
1655,1
1656,3
1657,1
1658,8
1659,3
1660,1
1661,1
1662,8
1663,9
1664,3
1665,10
1666,13
1667,2
1668,8
1669,12
1670,9
1671,11
1672,4
1673,8
1674,7
1675,7
1676,7
1677,9
1678,3
1679,8
1680,6
1681,12
1682,2
1683,4
1684,7
1685,13
1686,12
1687,0
1688,1
1689,11
1690,6
1691,11
1692,8
1693,2
1694,8
1695,11
1696,12
1697,11
1698,11
1699,13
1700,6
1701,11
1702,1
1703,13
1704,8
1705,1
1706,2
1707,7
1708,2
1709,1
1710,11
1711,13
1712,1
1713,8
1714,2
1715,5
1716,13
1717,1
1718,9
1719,1
1720,2
1721,13
1722,2
1723,9
1724,0
1725,1
1726,4
1727,3
1728,11
1729,0
1730,7
1731,1
1732,1
1733,1
1734,5
1735,11
1736,7
1737,3
1738,7
1739,0
1740,11
1741,7
1742,11
1743,1
1744,13
1745,2
1746,10
1747,11
1748,6
1749,13
1750,1
1751,12
1752,0
1753,1
1754,8
1755,12
1756,7
1757,3
1758,7
1759,10
1760,4
1761,3
1762,10
1763,2
1764,7
1765,7
1766,12
1767,10
1768,12
1769,3
1770,12
1771,9
1772,12
1773,13
1774,12
1775,4
1776,2
1777,1
1778,1
1779,13
1780,13
1781,6
1782,3
1783,4
1784,10
1785,13
1786,7
1787,4
1788,9
1789,0
1790,12
1791,8
1792,8
1793,1
1794,12
1795,3
1796,1
1797,0
1798,2
1799,3
1800,0
1801,11
1802,2
1803,1
1804,8
1805,7
1806,7
1807,1
1808,0
1809,7
1810,2
1811,8
1812,3
1813,7
1814,3
1815,3
1816,11
1817,5
1818,6
1819,7
1820,3
1821,12
1822,2
1823,12
1824,2
1825,12
1826,2
1827,4
1828,10
1829,2
1830,0
1831,9
1832,10
1833,8
1834,10
1835,11
1836,1
1837,9
1838,2
1839,7
1840,4
1841,4
1842,11
1843,10
1844,2
1845,11
1846,12
1847,11
1848,7
1849,11
1850,2
1851,13
1852,10
1853,2
1854,2
1855,11
1856,1
1857,10
1858,1
1859,9
1860,8
1861,11
1862,11
1863,4
1864,12
1865,0
1866,10
1867,8
1868,11
1869,6
1870,2
1871,3
1872,12
1873,7
1874,6
1875,9
1876,11
1877,2
1878,8
1879,13
1880,7
1881,0
1882,0
1883,0
1884,11
1885,8
1886,10
1887,10
1888,8
1889,13
1890,1
1891,6
1892,3
1893,8
1894,6
1895,10
1896,12
1897,2
1898,0
1899,10
1900,0
1901,12
1902,9
1903,10
1904,4
1905,2
1906,2
1907,9
1908,3
1909,3
1910,11
1911,13
1912,1
1913,2
1914,12
1915,0
1916,11
1917,2
1918,1
1919,7
1920,3
1921,2
1922,4
1923,13
1924,13
1925,10
1926,9
1927,13
1928,4
1929,7
1930,2
1931,12
1932,2
1933,8
1934,1
1935,1
1936,11
1937,2
1938,11
1939,0
1940,6
1941,13
1942,13
1943,1
1944,8
1945,13
1946,8
1947,2
1948,2
1949,7
1950,0
1951,12
1952,3
1953,11
1954,0
1955,12
1956,10
1957,10
1958,12
1959,11
1960,12
1961,6
1962,9
1963,6
1964,2
1965,11
1966,8
1967,1
1968,3
1969,7
1970,2
1971,12
1972,3
1973,0
1974,11
1975,11
1976,8
1977,2
1978,3
1979,10
1980,11
1981,11
1982,9
1983,0
1984,12
1985,11
1986,11
1987,11
1988,4
1989,12
1990,1
1991,10
1992,7
1993,6
1994,12
1995,0
1996,9
1997,0
1998,10
1999,0
2000,6
2001,1
2002,5
2003,7
2004,12
2005,0
2006,4
2007,11
2008,8
2009,0
2010,10
2011,2
2012,0
2013,11
2014,13
2015,12
2016,10
2017,6
2018,11
2019,2
2020,0
2021,7
2022,2
2023,11
2024,4
2025,8
2026,3
2027,6
2028,12
2029,10
2030,13
2031,4
2032,8
2033,10
2034,10
2035,0
2036,9
2037,4
2038,8
2039,11
2040,11
2041,3
2042,2
2043,6
2044,8
2045,13
2046,1
2047,13
2048,0
2049,0
2050,0
2051,7
2052,3
2053,0
2054,0
2055,2
2056,13
2057,1
2058,3
2059,4
2060,0
2061,10
2062,7
2063,2
2064,1
2065,12
2066,1
2067,3
2068,1
2069,9
2070,0
2071,1
2072,0
2073,0
2074,3
2075,1
2076,4
2077,0
2078,8
2079,8
2080,4
2081,10
2082,2
2083,7
2084,11
2085,2
2086,7
2087,7
2088,13
2089,1
2090,9
2091,2
2092,7
2093,11
2094,7
2095,2
2096,1
2097,10
2098,3
2099,11
2100,0
2101,1
2102,9
2103,8
2104,7
2105,7
2106,7
2107,1
2108,0
2109,6
2110,6
2111,0
2112,12
2113,6
2114,1
2115,9
2116,2
2117,11
2118,12
2119,11
2120,7
2121,0
2122,6
2123,13
2124,6
2125,1
2126,4
2127,12
2128,11
2129,0
2130,6
2131,3
2132,0
2133,7
2134,1
2135,10
2136,2
2137,0
2138,7
2139,11
2140,12
2141,8
2142,4
2143,2
2144,0
2145,4
2146,1
2147,6
2148,7
2149,11
2150,12
2151,8
2152,12
2153,10
2154,2
2155,12
2156,0
2157,2
2158,10
2159,10
2160,2
2161,11
2162,0
2163,2
2164,4
2165,1
2166,0
2167,0
2168,0
2169,5
2170,3
2171,6
2172,1
2173,9
2174,7
2175,12
2176,7
2177,6
2178,8
2179,1
2180,6
2181,5
2182,8
2183,8
2184,3
2185,12
2186,0
2187,2
2188,9
2189,2
2190,3
2191,11
2192,9
2193,0
2194,13
2195,1
2196,1
2197,12
2198,6
2199,8
2200,10
2201,0
2202,13
2203,3
2204,12
2205,11
2206,8
2207,1
2208,3
2209,11
2210,11
2211,4
2212,11
2213,5
2214,10
2215,3
2216,10
2217,6
2218,13
2219,11
2220,1
2221,0
2222,1
2223,8
2224,6
2225,0
2226,11
2227,7
2228,3
2229,2
2230,3
2231,1
2232,10
2233,10
2234,13
2235,2
2236,1
2237,1
2238,4
2239,12
2240,11
2241,4
2242,1
2243,4
2244,1
2245,2
2246,1
2247,1
2248,3
2249,0
2250,11
2251,1
2252,11
2253,6
2254,0
2255,7
2256,13
2257,4
2258,6
2259,0
2260,13
2261,11
2262,11
2263,1
2264,0
2265,11
2266,3
2267,13
2268,12
2269,7
2270,10
2271,1
2272,11
2273,2
2274,12
2275,6
2276,2
2277,4
2278,0
2279,0
2280,11
2281,10
2282,8
2283,0
2284,8
2285,6
2286,2
2287,2
2288,7
2289,4
2290,7
2291,7
2292,6
2293,2
2294,1
2295,12
2296,3
2297,0
2298,11
2299,7
2300,1
2301,7
2302,0
2303,11
2304,8
2305,3
2306,12
2307,7
2308,11
2309,7
2310,9
2311,11
2312,2
2313,0
2314,7
2315,11
2316,2
2317,12
2318,11
2319,2
2320,9
2321,10
2322,12
2323,2
2324,3
2325,2
2326,10
2327,12
2328,11
2329,4
2330,1
2331,2
2332,9
2333,0
2334,10
2335,12
2336,11
2337,6
2338,5
2339,10
2340,1
2341,1
2342,1
2343,11
2344,7
2345,8
2346,10
2347,9
2348,2
2349,11
2350,0
2351,0
2352,10
2353,2
2354,13
2355,11
2356,12
2357,9
2358,7
2359,4
2360,0
2361,12
2362,0
2363,13
2364,13
2365,4
2366,12
2367,8
2368,8
2369,2
2370,12
2371,6
2372,6
2373,0
2374,10
2375,9
2376,9
2377,2
2378,10
2379,0
2380,2
2381,10
2382,4
2383,11
2384,0
2385,8
2386,5
2387,0
2388,3
2389,4
2390,3
2391,6
2392,11
2393,0
2394,11
2395,4
2396,10
2397,8
2398,4
2399,0
2400,0
2401,7
2402,3
2403,0
2404,8
2405,0
2406,11
2407,0
2408,8
2409,1
2410,1
2411,8
2412,10
2413,7
2414,0
2415,1
2416,0
2417,2
2418,11
2419,12
2420,12
2421,2
2422,11
2423,9
2424,6
2425,6
2426,2
2427,12
2428,11
2429,12
2430,8
2431,10
2432,2
2433,2
2434,3
2435,12
2436,10
2437,8
2438,8
2439,1
2440,8
2441,2
2442,3
2443,12
2444,1
2445,1
2446,2
2447,3
2448,2
2449,5
2450,11
2451,10
2452,4
2453,8
2454,12
2455,13
2456,0
2457,2
2458,9
2459,8
2460,8
2461,1
2462,0
2463,7
2464,4
2465,11
2466,1
2467,11
2468,2
2469,1
2470,11
2471,1
2472,0
2473,3
2474,4
2475,7
2476,6
2477,1
2478,3
2479,2
2480,8
2481,0
2482,13
2483,1
2484,2
2485,11
2486,5
2487,0
2488,1
2489,13
2490,11
2491,13
2492,0
2493,4
2494,12
2495,4
2496,4
2497,1
2498,11
2499,1
2500,12
2501,0
2502,3
2503,3
2504,13
2505,11
2506,5
2507,6
2508,6
2509,2
2510,0
2511,3
2512,3
2513,1
2514,13
2515,1
2516,0
2517,11
2518,10
2519,9
2520,11
2521,6
2522,2
2523,11
2524,7
2525,11
2526,12
2527,2
2528,4
2529,5
2530,2
2531,11
2532,2
2533,3
2534,2
2535,7
2536,10
2537,4
2538,13
2539,4
2540,7
2541,7
2542,11
2543,3
2544,0
2545,11
2546,7
2547,3
2548,11
2549,12
2550,4
2551,9
2552,7
2553,9
2554,13
2555,9
2556,6
2557,3
2558,8
2559,7
2560,4
2561,7
2562,0
2563,0
2564,13
2565,12
2566,10
2567,7
2568,12
2569,11
2570,7
2571,12
2572,10
2573,10
2574,9
2575,1
2576,9
2577,2
2578,9
2579,8
2580,11
2581,12
2582,6
2583,1
2584,10
2585,2
2586,9
2587,11
2588,4
2589,6
2590,0
2591,9
2592,7
2593,10
2594,1
2595,6
2596,11
2597,8
2598,6
2599,0
2600,7
2601,0
2602,7
2603,11
2604,6
2605,0
2606,7
2607,6
2608,2
2609,3
2610,10
2611,12
2612,2
2613,13
2614,10
2615,1
2616,8
2617,0
2618,11
2619,10
2620,12
2621,2
2622,13
2623,4
2624,3
2625,2
2626,3
2627,13
2628,6
2629,11
2630,7
2631,10
2632,1
2633,11
2634,2
2635,3
2636,5
2637,9
2638,11
2639,11
2640,8
2641,8
2642,0
2643,4
2644,2
2645,2
2646,12
2647,0
2648,3
2649,4
2650,8
2651,11
2652,11
2653,0
2654,12
2655,4
2656,0
2657,10
2658,1
2659,0
2660,1
2661,6
2662,11
2663,12
2664,9
2665,13
2666,9
2667,7
2668,12
2669,10
2670,0
2671,3
2672,3
2673,3
2674,2
2675,13
2676,11
2677,0
2678,11
2679,2
2680,1
2681,2
2682,0
2683,3
2684,1
2685,0
2686,12
2687,0
2688,8
2689,9
2690,11
2691,6
2692,7
2693,0
2694,11
2695,2
2696,13
2697,10
2698,2
2699,1
2700,6
2701,12
2702,1
2703,6
2704,8
2705,8
2706,12
2707,4
2708,8
2709,13
2710,12
2711,1
2712,13
2713,11
2714,2
2715,11
2716,4
2717,1
2718,11
2719,1
2720,6
2721,9
2722,13
2723,1
2724,0
2725,10
2726,1
2727,0
2728,1
2729,9
2730,4
2731,10
2732,9
2733,0
2734,11
2735,1
2736,2
2737,11
2738,7
2739,11
2740,10
2741,13
2742,7
2743,4
2744,0
2745,0
2746,13
2747,9
2748,4
2749,7
2750,2
2751,13
2752,5
2753,10
2754,0
2755,6
2756,13
2757,13
2758,9
2759,6
2760,0
2761,7
2762,5
2763,1
2764,1
2765,0
2766,2
2767,0
2768,3
2769,9
2770,8
2771,2
2772,8
2773,8
2774,8
2775,7
2776,10
2777,10
2778,6
2779,3
2780,1
2781,9
2782,2
2783,1
2784,7
2785,1
2786,10
2787,7
2788,10
2789,2
2790,3
2791,12
2792,9
2793,6
2794,11
2795,3
2796,12
2797,8
2798,10
2799,4
2800,13
2801,3
2802,8
2803,8
2804,3
2805,6
2806,4
2807,13
2808,12
2809,2
2810,1
2811,12
2812,6
2813,0
2814,10
2815,9
2816,11
2817,12
2818,4
2819,0
2820,1
2821,0
2822,8
2823,8
2824,4
2825,13
2826,13
2827,6
2828,7
2829,1
2830,11
2831,0
2832,1
2833,3
2834,12
2835,10
2836,0
2837,7
2838,10
2839,1
2840,7
2841,3
2842,7
2843,1
2844,6
2845,3
2846,4
2847,11
2848,2
2849,11
2850,2
2851,2
2852,2
2853,2
2854,9
2855,8
2856,8
2857,9
2858,0
2859,4
2860,6
2861,0
2862,8
2863,4
2864,6
2865,7
2866,3
2867,4
2868,0
2869,8
2870,2
2871,10
2872,2
2873,3
2874,7
2875,4
2876,7
2877,4
2878,0
2879,13
2880,5
2881,2
2882,3
2883,3
2884,13
2885,4
2886,12
2887,11
2888,2
2889,13
2890,2
2891,12
2892,3
2893,3
2894,12
2895,0
2896,1
2897,7
2898,3
2899,8
2900,12
2901,4
2902,5
2903,2
2904,2
2905,1
2906,6
2907,12
2908,11
2909,9
2910,10
2911,10
2912,8
2913,11
2914,2
2915,9
2916,9
2917,2
2918,7
2919,8
2920,1
2921,0
2922,8
2923,10
2924,11
2925,13
2926,1
2927,13
2928,10
2929,11
2930,0
2931,0
2932,10
2933,1
2934,8
2935,2
2936,6
2937,12
2938,1
2939,4
2940,1
2941,10
2942,11
2943,12
2944,2
2945,2
2946,0
2947,0
2948,8
2949,0
2950,0
2951,0
2952,2
2953,0
2954,10
2955,8
2956,0
2957,0
2958,3
2959,7
2960,1
2961,6
2962,8
2963,12
2964,0
2965,11
2966,4
2967,4
2968,11
2969,0
2970,2
2971,2
2972,8
2973,1
2974,0
2975,3
2976,6
2977,6
2978,11
2979,0
2980,4
2981,2
2982,2
2983,6
2984,11
2985,6
2986,6
2987,0
2988,11
2989,10
2990,2
2991,13
2992,5
2993,9
2994,6
2995,2
2996,4
2997,12
2998,8
2999,8
3000,2
3001,3
3002,4
3003,4
3004,10
3005,2
3006,0
3007,1
3008,4
3009,11
3010,3
3011,0
3012,13
3013,11
3014,7
3015,7
3016,1
3017,11
3018,12
3019,11
3020,10
3021,3
3022,11
3023,0
3024,0
3025,5
3026,6
3027,2
3028,6
3029,2
3030,1
3031,13
3032,5
3033,3
3034,9
3035,10
3036,4
3037,7
3038,8
3039,2
3040,3
3041,10
3042,13
3043,7
3044,7
3045,1
3046,2
3047,1
3048,4
3049,13
3050,3
3051,11
3052,0
3053,0
3054,4
3055,3
3056,10
3057,12
3058,0
3059,6
3060,2
3061,1
3062,5
3063,0
3064,6
3065,9
3066,0
3067,8
3068,7
3069,0
3070,0
3071,11
3072,6
3073,2
3074,9
3075,0
3076,1
3077,7
3078,6
3079,0
3080,5
3081,8
3082,6
3083,11
3084,11
3085,2
3086,10
3087,0
3088,9
3089,2
3090,1
3091,7
3092,8
3093,11
3094,11
3095,6
3096,1
3097,0
3098,6
3099,3
3100,9
3101,11
3102,0
3103,4
3104,10
3105,2
3106,0
3107,10
3108,0
3109,0
3110,6
3111,11
3112,0
3113,0
3114,13
3115,4
3116,2
3117,10
3118,10
3119,6
3120,0
3121,7
3122,8
3123,1
3124,11
3125,2
3126,9
3127,7
3128,3
3129,2
3130,11
3131,2
3132,4
3133,2
3134,6
3135,3
3136,0
3137,1
3138,6
3139,2
3140,11
3141,2
3142,11
3143,13
3144,0
3145,2
3146,0
3147,8
3148,1
3149,11
3150,1
3151,0
3152,13
3153,7
3154,13
3155,4
3156,8
3157,6
3158,2
3159,4
3160,9
3161,2
3162,6
3163,11
3164,11
3165,8
3166,8
3167,9
3168,2
3169,4
3170,0
3171,5
3172,8
3173,4
3174,2
3175,10
3176,6
3177,13
3178,1
3179,7
3180,1
3181,11
3182,2
3183,11
3184,8
3185,0
3186,10
3187,7
3188,0
3189,7
3190,3
3191,6
3192,11
3193,8
3194,11
3195,11
3196,9
3197,8
3198,3
3199,9
3200,11
3201,1
3202,1
3203,9
3204,12
3205,11
3206,6
3207,6
3208,11
3209,1
3210,3
3211,11
3212,3
3213,1
3214,11
3215,1
3216,2
3217,4
3218,2
3219,2
3220,8
3221,4
3222,2
3223,2
3224,5
3225,1
3226,0
3227,11
3228,6
3229,13
3230,10
3231,0
3232,2
3233,2
3234,6
3235,10
3236,12
3237,8
3238,10
3239,13
3240,1
3241,0
3242,0
3243,13
3244,0
3245,2
3246,4
3247,9
3248,11
3249,4
3250,2
3251,3
3252,1
3253,0
3254,3
3255,2
3256,12
3257,6
3258,5
3259,10
3260,6
3261,4
3262,8
3263,0
3264,13
3265,11
3266,11
3267,13
3268,1
3269,12
3270,0
3271,1
3272,3
3273,2
3274,7
3275,1
3276,0
3277,2
3278,3
3279,6
3280,10
3281,5
3282,10
3283,0
3284,9
3285,4
3286,10
3287,8
3288,4
3289,3
3290,11
3291,1
3292,2
3293,10
3294,2
3295,12
3296,11
3297,4
3298,8
3299,8
3300,7
3301,12
3302,12
3303,2
3304,4
3305,12
3306,1
3307,8
3308,13
3309,11
3310,9
3311,1
3312,4
3313,3
3314,11
3315,7
3316,2
3317,0
3318,8
3319,0
3320,1
3321,13
3322,8
3323,2
3324,0
3325,8
3326,8
3327,9
3328,1
3329,8
3330,4
3331,9
3332,1
3333,10
3334,13
3335,9
3336,11
3337,1
3338,6
3339,3
3340,6
3341,7
3342,11
3343,1
3344,10
3345,0
3346,2
3347,2
3348,8
3349,6
3350,6
3351,4
3352,6
3353,11
3354,13
3355,13
3356,4
3357,10
3358,4
3359,1
3360,11
3361,7
3362,0
3363,6
3364,7
3365,11
3366,11
3367,6
3368,12
3369,0
3370,12
3371,7
3372,8
3373,1
3374,13
3375,4
3376,4
3377,9
3378,8
3379,1
3380,8
3381,2
3382,2
3383,1
3384,7
3385,8
3386,4
3387,2
3388,6
3389,8
3390,13
3391,8
3392,3
3393,10
3394,7
3395,8
3396,1
3397,4
3398,0
3399,4
3400,3
3401,7
3402,1
3403,12
3404,5
3405,12
3406,1
3407,7
3408,2
3409,3
3410,11
3411,10
3412,4
3413,10
3414,0
3415,8
3416,0
3417,9
3418,11
3419,10
3420,4
3421,2
3422,1
3423,8
3424,11
3425,10
3426,4
3427,2
3428,10
3429,1
3430,13
3431,6
3432,12
3433,8
3434,11
3435,2
3436,5
3437,5
3438,12
3439,0
3440,8
3441,4
3442,9
3443,11
3444,10
3445,11
3446,7
3447,11
3448,0
3449,0
3450,6
3451,1
3452,11
3453,1
3454,2
3455,2
3456,11
3457,6
3458,3
3459,11
3460,7
3461,2
3462,11
3463,1
3464,13
3465,0
3466,7
3467,0
3468,7
3469,0
3470,0
3471,4
3472,4
3473,2
3474,0
3475,1
3476,11
3477,12
3478,3
3479,4
3480,11
3481,0
3482,12
3483,10
3484,1
3485,4
3486,8
3487,0
3488,5
3489,8
3490,1
3491,5
3492,0
3493,5
3494,11
3495,4
3496,12
3497,1
3498,7
3499,13
3500,1
3501,13
3502,4
3503,10
3504,8
3505,11
3506,13
3507,1
3508,3
3509,9
3510,8
3511,11
3512,11
3513,10
3514,7
3515,1
3516,12
3517,10
3518,13
3519,3
3520,0
3521,11
3522,0
3523,6
3524,3
3525,11
3526,11
3527,3
3528,2
3529,8
3530,13
3531,10
3532,3
3533,6
3534,11
3535,13
3536,1
3537,12
3538,11
3539,11
3540,11
3541,13
3542,2
3543,7
3544,2
3545,7
3546,11
3547,2
3548,12
3549,1
3550,11
3551,8
3552,0
3553,11
3554,13
3555,6
3556,8
3557,2
3558,3
3559,0
3560,2
3561,11
3562,2
3563,0
3564,5
3565,12
3566,6
3567,0
3568,10
3569,10
3570,2
3571,3
3572,4
3573,0
3574,12
3575,11
3576,11
3577,6
3578,12
3579,10
3580,6
3581,2
3582,4
3583,13
3584,4
3585,7
3586,10
3587,13
3588,0
3589,6
3590,11
3591,0
3592,10
3593,12
3594,12
3595,6
3596,13
3597,12
3598,11
3599,6
3600,13
3601,10
3602,0
3603,0
3604,2
3605,6
3606,9
3607,2
3608,13
3609,13
3610,0
3611,9
3612,7
3613,3
3614,0
3615,3
3616,11
3617,4
3618,11
3619,4
3620,1
3621,12
3622,6
3623,2
3624,7
3625,0
3626,8
3627,11
3628,4
3629,6
3630,3
3631,11
3632,11
3633,9
3634,4
3635,2
3636,11
3637,7
3638,2
3639,0
3640,12
3641,1
3642,6
3643,11
3644,2
3645,12
3646,8
3647,12
3648,1
3649,12
3650,6
3651,2
3652,10
3653,2
3654,1
3655,8
3656,10
3657,8
3658,6
3659,3
3660,10
3661,3
3662,9
3663,2
3664,0
3665,1
3666,8
3667,13
3668,3
3669,0
3670,9
3671,7
3672,13
3673,6
3674,0
3675,10
3676,0
3677,2
3678,2
3679,4
3680,12
3681,1
3682,10
3683,11
3684,11
3685,10
3686,4
3687,8
3688,11
3689,11
3690,8
3691,10
3692,10
3693,2
3694,6
3695,11
3696,0
3697,1
3698,12
3699,8
3700,11
3701,4
3702,2
3703,13
3704,6
3705,10
3706,6
3707,3
3708,11
3709,13
3710,13
3711,9
3712,11
3713,8
3714,2
3715,6
3716,11
3717,12
3718,6
3719,2
3720,12
3721,11
3722,1
3723,8
3724,3
3725,1
3726,12
3727,0
3728,12
3729,9
3730,7
3731,3
3732,11
3733,1
3734,6
3735,4
3736,7
3737,3
3738,11
3739,2
3740,8
3741,7
3742,0
3743,4
3744,0
3745,3
3746,3
3747,2
3748,12
3749,13
3750,3
3751,13
3752,10
3753,8
3754,2
3755,0
3756,0
3757,1
3758,8
3759,8
3760,9
3761,0
3762,2
3763,11
3764,2
3765,7
3766,2
3767,0
3768,2
3769,11
3770,13
3771,10
3772,2
3773,9
3774,3
3775,11
3776,7
3777,8
3778,8
3779,2
3780,11
3781,6
3782,3
3783,11
3784,10
3785,0
3786,6
3787,4
3788,0
3789,5
3790,3
3791,12
3792,12
3793,2
3794,6
3795,3
3796,11
3797,7
3798,9
3799,12
3800,11
3801,1
3802,8
3803,2
3804,8
3805,5
3806,7
3807,3
3808,12
3809,8
3810,0
3811,7
3812,4
3813,11
3814,6
3815,11
3816,2
3817,10
3818,7
3819,6
3820,9
3821,8
3822,12
3823,13
3824,3
3825,6
3826,13
3827,11
3828,11
3829,8
3830,3
3831,2
3832,2
3833,10
3834,0
3835,7
3836,7
3837,10
3838,3
3839,2
3840,10
3841,4
3842,3
3843,0
3844,1
3845,0
3846,12
3847,9
3848,11
3849,2
3850,2
3851,9
3852,0
3853,6
3854,2
3855,8
3856,11
3857,10
3858,4
3859,1
3860,2
3861,3
3862,2
3863,7
3864,1
3865,10
3866,6
3867,8
3868,13
3869,1
3870,6
3871,2
3872,10
3873,13
3874,8
3875,6
3876,4
3877,4
3878,7
3879,10
3880,7
3881,10
3882,9
3883,8
3884,4
3885,1
3886,1
3887,2
3888,8
3889,7
3890,8
3891,0
3892,2
3893,11
3894,2
3895,8
3896,10
3897,1
3898,9
3899,12
3900,2
3901,12
3902,13
3903,2
3904,8
3905,7
3906,13
3907,11
3908,3
3909,8
3910,11
3911,11
3912,1
3913,6
3914,11
3915,12
3916,8
3917,12
3918,10
3919,2
3920,0
3921,8
3922,8
3923,1
3924,11
3925,8
3926,10
3927,7
3928,4
3929,6
3930,13
3931,4
3932,1
3933,3
3934,4
3935,6
3936,1
3937,0
3938,10
3939,10
3940,7
3941,9
3942,9
3943,0
3944,1
3945,11
3946,4
3947,10
3948,5
3949,0
3950,6
3951,3
3952,8
3953,11
3954,7
3955,9
3956,2
3957,7
3958,2
3959,11
3960,9
3961,8
3962,11
3963,1
3964,12
3965,3
3966,2
3967,6
3968,8
3969,8
3970,11
3971,4
3972,1
3973,0
3974,10
3975,6
3976,12
3977,1
3978,8
3979,10
3980,7
3981,0
3982,0
3983,4
3984,1
3985,4
3986,6
3987,12
3988,11
3989,10
3990,0
3991,6
3992,6
3993,1
3994,2
3995,6
3996,2
3997,4
3998,11
3999,6
4000,12
4001,4
4002,2
4003,1
4004,12
4005,6
4006,6
4007,10
4008,7
4009,4
4010,12
4011,11
4012,2
4013,6
4014,0
4015,1
4016,11
4017,2
4018,2
4019,8
4020,13
4021,2
4022,2
4023,7
4024,3
4025,1
4026,8
4027,0
4028,1
4029,5
4030,8
4031,1
4032,2
4033,9
4034,0
4035,6
4036,5
4037,0
4038,6
4039,12
4040,11
4041,10
4042,7
4043,1
4044,8
4045,11
4046,1
4047,8
4048,10
4049,1
4050,0
4051,1
4052,10
4053,0
4054,8
4055,4
4056,12
4057,9
4058,11
4059,1
4060,12
4061,3
4062,10
4063,2
4064,1
4065,8
4066,11
4067,0
4068,1
4069,0
4070,6
4071,9
4072,8
4073,10
4074,2
4075,4
4076,9
4077,12
4078,2
4079,10
4080,12
4081,11
4082,12
4083,1
4084,2
4085,2
4086,8
4087,4
4088,0
4089,11
4090,7
4091,8
4092,8
4093,12
4094,2
4095,3
4096,3
4097,2
4098,6
4099,4
4100,2
4101,11
4102,2
4103,9
4104,4
4105,7
4106,6
4107,2
4108,7
4109,11
4110,2
4111,0
4112,12
4113,6
4114,9
4115,9
4116,11
4117,0
4118,6
4119,9
4120,7
4121,1
4122,2
4123,13
4124,1
4125,2
4126,13
4127,7
4128,0
4129,11
4130,0
4131,0
4132,3
4133,11
4134,1
4135,9
4136,5
4137,2
4138,1
4139,9
4140,9
4141,1
4142,1
4143,12
4144,2
4145,7
4146,11
4147,3
4148,11
4149,2
4150,11
4151,2
4152,7
4153,2
4154,1
4155,5
4156,11
4157,13
4158,2
4159,9
4160,4
4161,11
4162,1
4163,11
4164,2
4165,8
4166,0
4167,0
4168,2
4169,1
4170,2
4171,8
4172,7
4173,3
4174,3
4175,3
4176,6
4177,11
4178,13
4179,0
4180,9
4181,0
4182,13
4183,3
4184,6
4185,7
4186,1
4187,10
4188,0
4189,13
4190,7
4191,11
4192,8
4193,10
4194,2
4195,7
4196,10
4197,9
4198,2
4199,1
4200,10
4201,2
4202,10
4203,4
4204,1
4205,7
4206,7
4207,13
4208,2
4209,1
4210,2
4211,1
4212,13
4213,7
4214,8
4215,11
4216,1
4217,11
4218,8
4219,7
4220,1
4221,10
4222,12
4223,8
4224,6
4225,7
4226,3
4227,2
4228,3
4229,12
4230,11
4231,13
4232,11
4233,0
4234,1
4235,0
4236,13
4237,10
4238,2
4239,10
4240,6
4241,3
4242,6
4243,1
4244,11
4245,11
4246,1
4247,7
4248,9
4249,11
4250,8
4251,11
4252,2
4253,4
4254,0
4255,3
4256,8
4257,12
4258,13
4259,10
4260,3
4261,4
4262,0
4263,8
4264,13
4265,11
4266,6
4267,8
4268,8
4269,6
4270,5
4271,6
4272,0
4273,10
4274,4
4275,2
4276,12
4277,0
4278,9
4279,8
4280,4
4281,2
4282,1
4283,4
4284,3
4285,11
4286,2
4287,2
4288,6
4289,7
4290,7
4291,13
4292,1
4293,11
4294,9
4295,11
4296,8
4297,8
4298,11
4299,1
4300,2
4301,11
4302,13
4303,7
4304,0
4305,2
4306,12
4307,9
4308,11
4309,1
4310,6
4311,0
4312,2
4313,0
4314,13
4315,2
4316,2
4317,1
4318,2
4319,12
4320,6
4321,12
4322,7
4323,2
4324,8
4325,1
4326,13
4327,7
4328,7
4329,10
4330,0
4331,9
4332,0
4333,12
4334,6
4335,11
4336,5
4337,10
4338,3
4339,0
4340,11
4341,3
4342,11
4343,10
4344,12
4345,4
4346,7
4347,10
4348,0
4349,2
4350,8
4351,0
4352,7
4353,11
4354,4
4355,2
4356,3
4357,13
4358,6
4359,1
4360,1
4361,7
4362,10
4363,9
4364,7
4365,12
4366,1
4367,13
4368,3
4369,8
4370,6
4371,8
4372,7
4373,2
4374,4
4375,0
4376,5
4377,3
4378,0
4379,8
4380,2
4381,7
4382,8
4383,3
4384,2
4385,11
4386,6
4387,11
4388,9
4389,2
4390,11
4391,7
4392,10
4393,5
4394,3
4395,9
4396,0
4397,11
4398,7
4399,3
4400,6
4401,0
4402,13
4403,10
4404,10
4405,0
4406,11
4407,13
4408,7
4409,8
4410,4
4411,2
4412,9
4413,6
4414,12
4415,1
4416,8
4417,12
4418,8
4419,11
4420,0
4421,8
4422,0
4423,11
4424,10
4425,13
4426,2
4427,11
4428,6
4429,1
4430,3
4431,10
4432,2
4433,12
4434,9
4435,12
4436,11
4437,8
4438,12
4439,10
4440,2
4441,9
4442,8
4443,4
4444,2
4445,1
4446,6
4447,13
4448,8
4449,1
4450,8
4451,11
4452,0
4453,1
4454,12
4455,1
4456,7
4457,6
4458,2
4459,6
4460,2
4461,7
4462,2
4463,13
4464,2
4465,0
4466,11
4467,2
4468,7
4469,11
4470,0
4471,8
4472,8
4473,7
4474,3
4475,9
4476,1
4477,8
4478,6
4479,1
4480,12
4481,3
4482,13
4483,2
4484,4
4485,12
4486,0
4487,0
4488,2
4489,6
4490,1
4491,11
4492,11
4493,1
4494,1
4495,9
4496,4
4497,1
4498,6
4499,6
4500,3
4501,10
4502,2
4503,7
4504,4
4505,6
4506,7
4507,6
4508,11
4509,2
4510,2
4511,7
4512,4
4513,1
4514,2
4515,2
4516,13
4517,9
4518,1
4519,0
4520,8
4521,4
4522,1
4523,11
4524,4
4525,2
4526,6
4527,2
4528,3
4529,1
4530,11
4531,7
4532,9
4533,10
4534,6
4535,10
4536,3
4537,11
4538,7
4539,7
4540,12
4541,0
4542,3
4543,7
4544,10
4545,5
4546,12
4547,6
4548,8
4549,7
4550,11
4551,7
4552,9
4553,1
4554,2
4555,9
4556,2
4557,2
4558,2
4559,12
4560,9
4561,2
4562,1
4563,1
4564,11
4565,11
4566,4
4567,2
4568,6
4569,2
4570,7
4571,9
4572,9
4573,9
4574,7
4575,13
4576,8
4577,3
4578,8
4579,9
4580,8
4581,9
4582,2
4583,2
4584,1
4585,10
4586,1
4587,0
4588,4
4589,0
4590,2
4591,2
4592,6
4593,6
4594,12
4595,8
4596,11
4597,13
4598,7
4599,7
4600,6
4601,12
4602,7
4603,11
4604,10
4605,6
4606,4
4607,9
4608,3
4609,10
4610,9
4611,0
4612,5
4613,6
4614,1
4615,10
4616,1
4617,5
4618,6
4619,1
4620,7
4621,0
4622,1
4623,4
4624,2
4625,3
4626,2
4627,3
4628,4
4629,11
4630,1
4631,8
4632,3
4633,0
4634,12
4635,9
4636,7
4637,4
4638,11
4639,1
4640,1
4641,1
4642,9
4643,3
4644,7
4645,10
4646,1
4647,0
4648,0
4649,13
4650,9
4651,6
4652,7
4653,13
4654,10
4655,0
4656,10
4657,7
4658,2
4659,3
4660,13
4661,4
4662,11
4663,11
4664,0
4665,11
4666,3
4667,11
4668,11
4669,13
4670,3
4671,13
4672,5
4673,0
4674,2
4675,0
4676,12
4677,2
4678,9
4679,7
4680,2
4681,4
4682,0
4683,2
4684,13
4685,12
4686,8
4687,10
4688,13
4689,13
4690,6
4691,11
4692,2
4693,7
4694,3
4695,10
4696,0
4697,10
4698,3
4699,11
4700,0
4701,1
4702,0
4703,3
4704,2
4705,8
4706,4
4707,11
4708,9
4709,3
4710,0
4711,2
4712,1
4713,12
4714,5
4715,3
4716,4
4717,1
4718,6
4719,1
4720,4
4721,4
4722,2
4723,9
4724,9
4725,11
4726,0
4727,9
4728,12
4729,0
4730,7
4731,4
4732,6
4733,13
4734,0
4735,2
4736,12
4737,11
4738,4
4739,8
4740,2
4741,3
4742,9
4743,10
4744,4
4745,1
4746,8
4747,2
4748,3
4749,6
4750,10
4751,4
4752,7
4753,10
4754,1
4755,3
4756,6
4757,0
4758,3
4759,0
4760,10
4761,7
4762,3
4763,1
4764,9
4765,8
4766,7
4767,11
4768,4
4769,7
4770,1
4771,0
4772,1
4773,12
4774,9
4775,10
4776,2
4777,8
4778,9
4779,1
4780,11
4781,6
4782,6
4783,7
4784,8
4785,11
4786,11
4787,10
4788,3
4789,3
4790,7
4791,13
4792,8
4793,1
4794,2
4795,6
4796,8
4797,7
4798,7
4799,3
4800,9
4801,13
4802,6
4803,3
4804,1
4805,9
4806,4
4807,7
4808,12
4809,11
4810,13
4811,10
4812,10
4813,4
4814,7
4815,1
4816,2
4817,1
4818,1
4819,4
4820,12
4821,8
4822,9
4823,1
4824,0
4825,1
4826,4
4827,12
4828,3
4829,9
4830,6
4831,2
4832,3
4833,2
4834,2
4835,0
4836,1
4837,10
4838,7
4839,6
4840,11
4841,10
4842,10
4843,9
4844,10
4845,13
4846,6
4847,11
4848,3
4849,4
4850,2
4851,4
4852,13
4853,10
4854,13
4855,0
4856,12
4857,3
4858,3
4859,8
4860,8
4861,13
4862,12
4863,6
4864,6
4865,12
4866,4
4867,12
4868,12
4869,3
4870,7
4871,6
4872,8
4873,4
4874,6
4875,2
4876,13
4877,11
4878,0
4879,8
4880,1
4881,11
4882,13
4883,1
4884,2
4885,11
4886,11
4887,8
4888,12
4889,11
4890,4
4891,11
4892,13
4893,11
4894,2
4895,7
4896,12
4897,8
4898,6
4899,2
4900,3
4901,0
4902,5
4903,7
4904,8
4905,3
4906,1
4907,8
4908,4
4909,2
4910,2
4911,8
4912,11
4913,1
4914,10
4915,7
4916,6
4917,11
4918,4
4919,11
4920,11
4921,11
4922,12
4923,0
4924,6
4925,11
4926,4
4927,11
4928,7
4929,4
4930,11
4931,0
4932,8
4933,4
4934,1
4935,1
4936,8
4937,6
4938,9
4939,4
4940,11
4941,9
4942,9
4943,6
4944,3
4945,0
4946,2
4947,11
4948,4
4949,2
4950,2
4951,1
4952,11
4953,0
4954,0
4955,0
4956,2
4957,2
4958,7
4959,4
4960,0
4961,13
4962,2
4963,3
4964,4
4965,3
4966,6
4967,10
4968,11
4969,4
4970,2
4971,2
4972,0
4973,7
4974,10
4975,13
4976,8
4977,10
4978,7
4979,9
4980,6
4981,9
4982,9
4983,6
4984,11
4985,1
4986,2
4987,7
4988,4
4989,11
4990,12
4991,1
4992,4
4993,10
4994,7
4995,0
4996,11
4997,2
4998,1
4999,8
5000,7
5001,6
5002,11
5003,11
5004,4
5005,6
5006,8
5007,9
5008,3
5009,7
5010,8
5011,7
5012,6
5013,12
5014,11
5015,0
5016,2
5017,10
5018,2
5019,1
5020,6
5021,7
5022,0
5023,11
5024,11
5025,4
5026,7
5027,7
5028,2
5029,11
5030,0
5031,8
5032,13
5033,0
5034,9
5035,2
5036,8
5037,7
5038,1
5039,8
5040,10
5041,8
5042,2
5043,7
5044,11
5045,11
5046,2
5047,0
5048,13
5049,11
5050,8
5051,10
5052,2
5053,2
5054,6
5055,4
5056,1
5057,10
5058,12
5059,11
5060,6
5061,4
5062,0
5063,11
5064,4
5065,10
5066,11
5067,4
5068,7
5069,2
5070,7
5071,7
5072,6
5073,2
5074,4
5075,2
5076,3
5077,10
5078,1
5079,4
5080,12
5081,4
5082,1
5083,4
5084,11
5085,11
5086,11
5087,3
5088,7
5089,6
5090,7
5091,2
5092,11
5093,7
5094,8
5095,0
5096,2
5097,8
5098,8
5099,0
5100,9
5101,0
5102,9
5103,9
5104,12
5105,4
5106,1
5107,13
5108,6
5109,10
5110,11
5111,1
5112,12
5113,1
5114,0
5115,5
5116,7
5117,3
5118,12
5119,7
5120,12
5121,9
5122,0
5123,2
5124,7
5125,1
5126,0
5127,0
5128,2
5129,8
5130,1
5131,12
5132,0
5133,11
5134,7
5135,8
5136,4
5137,10
5138,8
5139,6
5140,3
5141,12
5142,12
5143,9
5144,7
5145,12
5146,11
5147,13
5148,11
5149,9
5150,0
5151,0
5152,9
5153,6
5154,8
5155,0
5156,7
5157,9
5158,6
5159,11
5160,12
5161,1
5162,2
5163,0
5164,6
5165,1
5166,1
5167,3
5168,0
5169,10
5170,9
5171,10
5172,11
5173,13
5174,9
5175,6
5176,8
5177,4
5178,12
5179,1
5180,1
5181,2
5182,7
5183,2
5184,3
5185,2
5186,4
5187,6
5188,3
5189,9
5190,11
5191,3
5192,7
5193,2
5194,6
5195,6
5196,9
5197,11
5198,7
5199,11
5200,2
5201,1
5202,9
5203,0
5204,6
5205,0
5206,7
5207,3
5208,11
5209,6
5210,2
5211,7
5212,7
5213,11
5214,13
5215,11
5216,0
5217,4
5218,10
5219,1
5220,6
5221,7
5222,3
5223,7
5224,10
5225,1
5226,8
5227,12
5228,0
5229,1
5230,9
5231,2
5232,9
5233,6
5234,6
5235,11
5236,6
5237,2
5238,1
5239,1
5240,0
5241,8
5242,9
5243,9
5244,3
5245,12
5246,0
5247,1
5248,1
5249,4
5250,1
5251,1
5252,1
5253,11
5254,3
5255,2
5256,0
5257,3
5258,12
5259,9
5260,13
5261,13
5262,8
5263,4
5264,7
5265,11
5266,12
5267,4
5268,7
5269,12
5270,2
5271,3
5272,4
5273,2
5274,2
5275,6
5276,8
5277,8
5278,0
5279,13
5280,4
5281,9
5282,12
5283,3
5284,0
5285,6
5286,12
5287,11
5288,7
5289,6
5290,2
5291,1
5292,1
5293,10
5294,3
5295,10
5296,13
5297,1
5298,2
5299,7
5300,9
5301,10
5302,13
5303,4
5304,12
5305,12
5306,8
5307,13
5308,1
5309,0
5310,2
5311,1
5312,2
5313,0
5314,10
5315,12
5316,5
5317,13
5318,7
5319,3
5320,1
5321,10
5322,6
5323,0
5324,6
5325,1
5326,3
5327,6
5328,7
5329,5
5330,7
5331,0
5332,3
5333,6
5334,2
5335,8
5336,0
5337,2
5338,9
5339,4
5340,2
5341,3
5342,11
5343,4
5344,4
5345,11
5346,11
5347,7
5348,2
5349,4
5350,4
5351,11
5352,8
5353,10
5354,10
5355,10
5356,1
5357,0
5358,13
5359,2
5360,0
5361,7
5362,2
5363,1
5364,9
5365,1
5366,9
5367,12
5368,11
5369,3
5370,2
5371,3
5372,4
5373,10
5374,1
5375,6
5376,11
5377,3
5378,11
5379,12
5380,7
5381,12
5382,9
5383,11
5384,1
5385,1
5386,13
5387,8
5388,13
5389,7
5390,12
5391,8
5392,4
5393,8
5394,4
5395,10
5396,8
5397,8
5398,9
5399,7
5400,2
5401,4
5402,10
5403,10
5404,8
5405,6
5406,1
5407,0
5408,3
5409,11
5410,10
5411,7
5412,7
5413,2
5414,7
5415,1
5416,11
5417,7
5418,2
5419,5
5420,13
5421,6
5422,3
5423,3
5424,3
5425,8
5426,11
5427,9
5428,10
5429,8
5430,8
5431,3
5432,11
5433,10
5434,12
5435,7
5436,12
5437,4
5438,7
5439,6
5440,2
5441,11
5442,0
5443,10
5444,13
5445,3
5446,6
5447,4
5448,10
5449,13
5450,1
5451,0
5452,4
5453,7
5454,7
5455,2
5456,0
5457,12
5458,13
5459,8
5460,8
5461,6
5462,11
5463,13
5464,0
5465,13
5466,8
5467,0
5468,0
5469,12
5470,4
5471,7
5472,0
5473,0
5474,11
5475,1
5476,11
5477,11
5478,3
5479,2
5480,7
5481,2
5482,6
5483,3
5484,3
5485,9
5486,11
5487,11
5488,1
5489,1
5490,8
5491,12
5492,12
5493,12
5494,8
5495,11
5496,2
5497,2
5498,11
5499,3
5500,10
5501,12
5502,10
5503,5
5504,1
5505,2
5506,0
5507,1
5508,3
5509,4
5510,2
5511,8
5512,6
5513,9
5514,8
5515,1
5516,8
5517,13
5518,10
5519,6
5520,4
5521,13
5522,8
5523,6
5524,10
5525,11
5526,13
5527,3
5528,7
5529,4
5530,1
5531,7
5532,0
5533,0
5534,6
5535,13
5536,12
5537,11
5538,13
5539,13
5540,11
5541,11
5542,1
5543,3
5544,12
5545,0
5546,11
5547,9
5548,1
5549,4
5550,5
5551,8
5552,2
5553,10
5554,8
5555,2
5556,6
5557,7
5558,13
5559,8
5560,2
5561,3
5562,7
5563,9
5564,11
5565,4
5566,11
5567,7
5568,1
5569,6
5570,10
5571,13
5572,7
5573,11
5574,7
5575,4
5576,10
5577,0
5578,12
5579,1
5580,11
5581,11
5582,0
5583,4
5584,0
5585,2
5586,2
5587,12
5588,1
5589,2
5590,2
5591,9
5592,2
5593,8
5594,13
5595,13
5596,3
5597,4
5598,6
5599,8
5600,1
5601,13
5602,4
5603,4
5604,11
5605,3
5606,2
5607,2
5608,4
5609,7
5610,4
5611,3
5612,13
5613,1
5614,8
5615,13
5616,0
5617,6
5618,5
5619,0
5620,9
5621,7
5622,2
5623,1
5624,6
5625,6
5626,6
5627,10
5628,12
5629,10
5630,1
5631,8
5632,1
5633,12
5634,10
5635,4
5636,0
5637,1
5638,8
5639,3
5640,3
5641,1
5642,1
5643,11
5644,2
5645,2
5646,2
5647,4
5648,11
5649,12
5650,2
5651,3
5652,0
5653,10
5654,3
5655,13
5656,2
5657,12
5658,0
5659,11
5660,0
5661,2
5662,3
5663,2
5664,8
5665,1
5666,8
5667,13
5668,11
5669,10
5670,6
5671,12
5672,6
5673,0
5674,6
5675,13
5676,4
5677,0
5678,6
5679,6
5680,9
5681,6
5682,0
5683,2
5684,9
5685,9
5686,2
5687,0
5688,2
5689,10
5690,0
5691,0
5692,0
5693,11
5694,11
5695,11
5696,6
5697,8
5698,10
5699,0
5700,9
5701,11
5702,2
5703,9
5704,4
5705,7
5706,4
5707,1
5708,0
5709,0
5710,9
5711,6
5712,1
5713,11
5714,10
5715,2
5716,2
5717,10
5718,7
5719,6
5720,8
5721,4
5722,9
5723,4
5724,10
5725,6
5726,0
5727,1
5728,2
5729,7
5730,2
5731,4
5732,1
5733,0
5734,2
5735,9
5736,3
5737,12
5738,0
5739,6
5740,2
5741,1
5742,8
5743,10
5744,2
5745,11
5746,2
5747,13
5748,2
5749,13
5750,11
5751,0
5752,7
5753,0
5754,8
5755,11
5756,11
5757,11
5758,8
5759,2
5760,2
5761,11
5762,8
5763,7
5764,10
5765,11
5766,12
5767,1
5768,8
5769,0
5770,6
5771,4
5772,7
5773,11
5774,2
5775,11
5776,8
5777,0
5778,6
5779,7
5780,2
5781,8
5782,2
5783,2
5784,11
5785,2
5786,12
5787,1
5788,2
5789,1
5790,0
5791,11
5792,8
5793,9
5794,13
5795,6
5796,0
5797,11
5798,11
5799,11
5800,2
5801,3
5802,7
5803,12
5804,8
5805,3
5806,1
5807,0
5808,8
5809,7
5810,3
5811,2
5812,10
5813,2
5814,7
5815,4
5816,0
5817,10
5818,3
5819,3
5820,8
5821,8
5822,13
5823,4
5824,11
5825,6
5826,3
5827,1
5828,2
5829,7
5830,2
5831,13
5832,12
5833,11
5834,7
5835,3
5836,2
5837,0
5838,10
5839,2
5840,7
5841,11
5842,2
5843,11
5844,2
5845,11
5846,9
5847,0
5848,2
5849,1
5850,1
5851,0
5852,11
5853,12
5854,2
5855,7
5856,2
5857,3
5858,11
5859,0
5860,11
5861,6
5862,1
5863,2
5864,7
5865,4
5866,3
5867,2
5868,9
5869,0
5870,2
5871,11
5872,2
5873,8
5874,4
5875,12
5876,2
5877,6
5878,12
5879,3
5880,0
5881,3
5882,11
5883,12
5884,9
5885,4
5886,7
5887,10
5888,1
5889,1
5890,0
5891,6
5892,7
5893,10
5894,10
5895,6
5896,8
5897,0
5898,3
5899,11
5900,8
5901,0
5902,12
5903,11
5904,2
5905,1
5906,8
5907,4
5908,7
5909,7
5910,13
5911,6
5912,12
5913,2
5914,3
5915,11
5916,11
5917,13
5918,11
5919,13
5920,12
5921,7
5922,8
5923,2
5924,7
5925,0
5926,11
5927,7
5928,2
5929,0
5930,7
5931,7
5932,9
5933,1
5934,8
5935,11
5936,4
5937,1
5938,12
5939,4
5940,3
5941,9
5942,6
5943,1
5944,6
5945,13
5946,13
5947,12
5948,11
5949,8
5950,6
5951,8
5952,3
5953,4
5954,2
5955,10
5956,11
5957,1
5958,6
5959,8
5960,11
5961,7
5962,4
5963,7
5964,10
5965,0
5966,12
5967,9
5968,13
5969,11
5970,11
5971,6
5972,1
5973,11
5974,1
5975,11
5976,7
5977,12
5978,9
5979,1
5980,6
5981,1
5982,3
5983,5
5984,8
5985,9
5986,4
5987,0
5988,4
5989,10
5990,11
5991,6
5992,6
5993,7
5994,12
5995,1
5996,4
5997,11
5998,3
5999,0
6000,9
6001,6
6002,11
6003,8
6004,6
6005,2
6006,0
6007,2
6008,2
6009,6
6010,12
6011,6
6012,0
6013,13
6014,6
6015,6
6016,2
6017,7
6018,6
6019,5
6020,11
6021,9
6022,11
6023,12
6024,7
6025,1
6026,7
6027,1
6028,12
6029,11
6030,3
6031,6
6032,12
6033,10
6034,3
6035,2
6036,3
6037,11
6038,0
6039,6
6040,1
6041,2
6042,13
6043,7
6044,4
6045,12
6046,12
6047,9
6048,0
6049,12
6050,2
6051,2
6052,9
6053,1
6054,8
6055,2
6056,10
6057,7
6058,11
6059,12
6060,1
6061,4
6062,4
6063,7
6064,9
6065,8
6066,2
6067,8
6068,0
6069,10
6070,0
6071,1
6072,13
6073,11
6074,12
6075,7
6076,0
6077,3
6078,8
6079,5
6080,8
6081,9
6082,0
6083,11
6084,6
6085,7
6086,0
6087,12
6088,7
6089,2
6090,6
6091,10
6092,1
6093,2
6094,6
6095,0
6096,13
6097,12
6098,4
6099,10
6100,3
6101,13
6102,6
6103,2
6104,1
6105,2
6106,11
6107,11
6108,7
6109,3
6110,2
6111,4
6112,8
6113,11
6114,9
6115,11
6116,0
6117,8
6118,7
6119,4
6120,0
6121,6
6122,9
6123,12
6124,9
6125,6
6126,11
6127,3
6128,1
6129,1
6130,10
6131,7
6132,13
6133,5
6134,8
6135,2
6136,0
6137,11
6138,8
6139,10
6140,11
6141,2
6142,11
6143,4
6144,1
6145,9
6146,7
6147,11
6148,10
6149,3
6150,8
6151,7
6152,1
6153,10
6154,2
6155,2
6156,4
6157,13
6158,5
6159,0
6160,10
6161,11
6162,1
6163,11
6164,2
6165,0
6166,13
6167,10
6168,10
6169,6
6170,7
6171,7
6172,3
6173,12
6174,2
6175,5
6176,5
6177,12
6178,1
6179,8
6180,10
6181,4
6182,13
6183,8
6184,6
6185,11
6186,6
6187,12
6188,6
6189,1
6190,10
6191,10
6192,10
6193,11
6194,2
6195,1
6196,0
6197,13
6198,6
6199,12
6200,7
6201,4
6202,8
6203,7
6204,10
6205,9
6206,8
6207,11
6208,7
6209,12
6210,10
6211,11
6212,10
6213,3
6214,7
6215,11
6216,0
6217,11
6218,6
6219,13
6220,12
6221,6
6222,4
6223,7
6224,7
6225,11
6226,13
6227,0
6228,12
6229,11
6230,6
6231,6
6232,4
6233,0
6234,2
6235,0
6236,9
6237,2
6238,10
6239,11
6240,11
6241,6
6242,12
6243,1
6244,10
6245,7
6246,11
6247,7
6248,10
6249,12
6250,0
6251,8
6252,1
6253,4
6254,8
6255,10
6256,6
6257,13
6258,8
6259,11
6260,12
6261,7
6262,11
6263,3
6264,11
6265,1
6266,3
6267,9
6268,5
6269,11
6270,10
6271,9
6272,6
6273,12
6274,2
6275,2
6276,11
6277,11
6278,0
6279,7
6280,7
6281,13
6282,10
6283,4
6284,3
6285,0
6286,7
6287,9
6288,13
6289,0
6290,2
6291,2
6292,6
6293,0
6294,2
6295,2
6296,11
6297,4
6298,0
6299,5
6300,8
6301,13
6302,11
6303,8
6304,6
6305,4
6306,8
6307,4
6308,11
6309,9
6310,13
6311,3
6312,10
6313,2
6314,3
6315,11
6316,3
6317,12
6318,0
6319,0
6320,6
6321,7
6322,10
6323,0
6324,8
6325,3
6326,12
6327,6
6328,11
6329,0
6330,7
6331,1
6332,12
6333,9
6334,7
6335,11
6336,7
6337,13
6338,11
6339,1
6340,6
6341,11
6342,7
6343,5
6344,11
6345,3
6346,1
6347,11
6348,7
6349,1
6350,10
6351,6
6352,4
6353,7
6354,3
6355,9
6356,10
6357,4
6358,10
6359,11
6360,2
6361,0
6362,11
6363,4
6364,10
6365,6
6366,12
6367,7
6368,9
6369,6
6370,2
6371,10
6372,9
6373,2
6374,1
6375,13
6376,9
6377,1
6378,10
6379,6
6380,12
6381,1
6382,2
6383,1
6384,8
6385,11
6386,11
6387,10
6388,11
6389,1
6390,2
6391,2
6392,12
6393,1
6394,2
6395,8
6396,4
6397,0
6398,2
6399,3
6400,9
6401,4
6402,4
6403,10
6404,11
6405,4
6406,12
6407,13
6408,7
6409,1
6410,8
6411,0
6412,8
6413,5
6414,7
6415,2
6416,11
6417,12
6418,8
6419,9
6420,13
6421,12
6422,8
6423,0
6424,12
6425,9
6426,2
6427,11
6428,13
6429,3
6430,12
6431,1
6432,11
6433,10
6434,6
6435,8
6436,3
6437,13
6438,12
6439,12
6440,13
6441,12
6442,9
6443,11
6444,4
6445,9
6446,11
6447,12
6448,0
6449,2
6450,13
6451,4
6452,8
6453,11
6454,7
6455,0
6456,13
6457,4
6458,4
6459,1
6460,2
6461,2
6462,1
6463,12
6464,7
6465,0
6466,2
6467,1
6468,1
6469,9
6470,7
6471,8
6472,3
6473,12
6474,9
6475,2
6476,3
6477,4
6478,1
6479,8
6480,0
6481,2
6482,0
6483,8
6484,10
6485,0
6486,2
6487,12
6488,0
6489,8
6490,0
6491,5
6492,3
6493,11
6494,10
6495,6
6496,13
6497,7
6498,1
6499,2
6500,10
6501,12
6502,10
6503,6
6504,3
6505,7
6506,8
6507,13
6508,13
6509,10
6510,0
6511,0
6512,8
6513,6
6514,2
6515,6
6516,6
6517,4
6518,1
6519,13
6520,2
6521,13
6522,1
6523,8
6524,4
6525,0
6526,0
6527,6
6528,9
6529,10
6530,1
6531,13
6532,9
6533,0
6534,7
6535,2
6536,0
6537,4
6538,11
6539,1
6540,1
6541,2
6542,0
6543,6
6544,0
6545,11
6546,12
6547,12
6548,4
6549,8
6550,1
6551,2
6552,13
6553,9
6554,7
6555,2
6556,8
6557,6
6558,10
6559,6
6560,8
6561,3
6562,8
6563,13
6564,4
6565,6
6566,0
6567,1
6568,11
6569,2
6570,8
6571,2
6572,9
6573,11
6574,1
6575,12
6576,13
6577,1
6578,8
6579,8
6580,11
6581,1
6582,8
6583,1
6584,13
6585,2
6586,6
6587,1
6588,7
6589,12
6590,2
6591,3
6592,2
6593,3
6594,6
6595,8
6596,9
6597,1
6598,3
6599,10
6600,10
6601,1
6602,8
6603,3
6604,13
6605,13
6606,6
6607,8
6608,10
6609,6
6610,3
6611,2
6612,4
6613,11
6614,13
6615,5
6616,11
6617,3
6618,8
6619,7
6620,0
6621,6
6622,4
6623,11
6624,10
6625,6
6626,11
6627,2
6628,2
6629,11
6630,1
6631,12
6632,7
6633,1
6634,10
6635,7
6636,8
6637,10
6638,8
6639,11
6640,7
6641,0
6642,12
6643,4
6644,1
6645,13
6646,6
6647,6
6648,11
6649,5
6650,7
6651,6
6652,9
6653,10
6654,12
6655,0
6656,11
6657,3
6658,2
6659,12
6660,9
6661,11
6662,2
6663,6
6664,2
6665,12
6666,2
6667,0
6668,4
6669,10
6670,9
6671,3
6672,1
6673,0
6674,13
6675,6
6676,1
6677,0
6678,1
6679,3
6680,13
6681,3
6682,2
6683,8
6684,2
6685,6
6686,1
6687,2
6688,10
6689,11
6690,11
6691,4
6692,12
6693,3
6694,1
6695,13
6696,4
6697,2
6698,10
6699,2
6700,0
6701,6
6702,1
6703,13
6704,7
6705,13
6706,8
6707,7
6708,3
6709,3
6710,6
6711,0
6712,7
6713,7
6714,2
6715,0
6716,6
6717,6
6718,0
6719,3
6720,4
6721,1
6722,2
6723,12
6724,2
6725,2
6726,11
6727,4
6728,11
6729,13
6730,2
6731,0
6732,4
6733,4
6734,7
6735,8
6736,9
6737,11
6738,11
6739,6
6740,2
6741,8
6742,7
6743,0
6744,13
6745,11
6746,2
6747,0
6748,3
6749,9
6750,6
6751,3
6752,5
6753,10
6754,8
6755,10
6756,1
6757,1
6758,13
6759,1
6760,2
6761,1
6762,2
6763,11
6764,1
6765,6
6766,0
6767,4
6768,10
6769,1
6770,10
6771,4
6772,4
6773,0
6774,0
6775,2
6776,4
6777,12
6778,2
6779,13
6780,6
6781,11
6782,7
6783,10
6784,6
6785,12
6786,10
6787,0
6788,3
6789,10
6790,11
6791,2
6792,3
6793,8
6794,1
6795,0
6796,8
6797,8
6798,3
6799,8
6800,3
6801,11
6802,10
6803,8
6804,8
6805,10
6806,1
6807,7
6808,1
6809,6
6810,13
6811,13
6812,2
6813,0
6814,10
6815,6
6816,12
6817,3
6818,11
6819,7
6820,2
6821,7
6822,2
6823,13
6824,3
6825,6
6826,1
6827,2
6828,11
6829,11
6830,11
6831,6
6832,6
6833,2
6834,0
6835,1
6836,7
6837,11
6838,0
6839,4
6840,3
6841,1
6842,6
6843,8
6844,2
6845,0
6846,3
6847,3
6848,1
6849,2
6850,0
6851,12
6852,6
6853,4
6854,3
6855,11
6856,11
6857,10
6858,0
6859,3
6860,13
6861,6
6862,8
6863,2
6864,0
6865,11
6866,2
6867,11
6868,13
6869,4
6870,6
6871,4
6872,0
6873,3
6874,12
6875,0
6876,7
6877,13
6878,11
6879,0
6880,9
6881,8
6882,2
6883,2
6884,6
6885,7
6886,9
6887,6
6888,3
6889,11
6890,5
6891,13
6892,0
6893,2
6894,13
6895,9
6896,13
6897,4
6898,11
6899,11
6900,10
6901,4
6902,11
6903,10
6904,8
6905,3
6906,7
6907,12
6908,7
6909,4
6910,1
6911,9
6912,0
6913,2
6914,11
6915,1
6916,12
6917,4
6918,13
6919,13
6920,10
6921,2
6922,11
6923,1
6924,8
6925,13
6926,8
6927,7
6928,9
6929,8
6930,4
6931,1
6932,11
6933,10
6934,2
6935,2
6936,4
6937,1
6938,12
6939,10
6940,2
6941,8
6942,6
6943,11
6944,12
6945,11
6946,7
6947,6
6948,1
6949,11
6950,0
6951,8
6952,11
6953,6
6954,11
6955,0
6956,7
6957,12
6958,2
6959,4
6960,4
6961,8
6962,8
6963,10
6964,11
6965,0
6966,3
6967,1
6968,12
6969,3
6970,1
6971,1
6972,12
6973,13
6974,12
6975,9
6976,0
6977,5
6978,5
6979,11
6980,7
6981,12
6982,12
6983,3
6984,4
6985,2
6986,9
6987,1
6988,10
6989,3
6990,11
6991,0
6992,12
6993,7
6994,8
6995,0
6996,3
6997,13
6998,10
6999,2
7000,13
7001,1
7002,6
7003,13
7004,2
7005,10
7006,4
7007,8
7008,6
7009,10
7010,3
7011,7
7012,1
7013,2
7014,13
7015,13
7016,4
7017,1
7018,1
7019,11
7020,5
7021,11
7022,13
7023,2
7024,8
7025,1
7026,6
7027,6
7028,11
7029,2
7030,8
7031,11
7032,8
7033,11
7034,1
7035,6
7036,7
7037,11
7038,9
7039,11
7040,1
7041,11
7042,8
7043,1
7044,3
7045,2
7046,3
7047,10
7048,1
7049,7
7050,2
7051,4
7052,10
7053,9
7054,2
7055,5
7056,0
7057,1
7058,4
7059,11
7060,11
7061,4
7062,11
7063,7
7064,12
7065,12
7066,7
7067,3
7068,0
7069,9
7070,2
7071,12
7072,12
7073,6
7074,10
7075,11
7076,6
7077,8
7078,10
7079,11
7080,5
7081,7
7082,12
7083,2
7084,0
7085,11
7086,11
7087,0
7088,10
7089,12
7090,9
7091,2
7092,9
7093,10
7094,8
7095,12
7096,13
7097,0
7098,1
7099,2
7100,11
7101,9
7102,11
7103,7
7104,6
7105,6
7106,0
7107,6
7108,1
7109,1
7110,0
7111,8
7112,11
7113,13
7114,0
7115,10
7116,7
7117,8
7118,0
7119,11
7120,6
7121,4
7122,3
7123,8
7124,2
7125,11
7126,6
7127,12
7128,1
7129,11
7130,1
7131,7
7132,2
7133,1
7134,8
7135,3
7136,2
7137,1
7138,2
7139,9
7140,1
7141,11
7142,8
7143,1
7144,8
7145,6
7146,2
7147,11
7148,7
7149,10
7150,7
7151,2
7152,11
7153,7
7154,10
7155,13
7156,1
7157,9
7158,5
7159,8
7160,1
7161,13
7162,8
7163,10
7164,3
7165,0
7166,8
7167,3
7168,3
7169,13
7170,2
7171,7
7172,2
7173,11
7174,7
7175,4
7176,12
7177,7
7178,7
7179,8
7180,8
7181,3
7182,11
7183,9
7184,2
7185,10
7186,2
7187,10
7188,0
7189,1
7190,3
7191,4
7192,2
7193,3
7194,4
7195,13
7196,10
7197,6
7198,10
7199,5
7200,2
7201,7
7202,4
7203,8
7204,7
7205,0
7206,7
7207,4
7208,7
7209,12
7210,2
7211,12
7212,13
7213,0
7214,8
7215,1
7216,7
7217,2
7218,1
7219,8
7220,9
7221,8
7222,9
7223,12
7224,6
7225,0
7226,4
7227,1
7228,7
7229,11
7230,11
7231,1
7232,11
7233,2
7234,4
7235,0
7236,11
7237,9
7238,5
7239,0
7240,0
7241,10
7242,6
7243,3
7244,8
7245,0
7246,11
7247,2
7248,6
7249,11
7250,8
7251,3
7252,9
7253,6
7254,0
7255,8
7256,9
7257,11
7258,11
7259,2
7260,2
7261,4
7262,3
7263,11
7264,8
7265,5
7266,7
7267,11
7268,6
7269,4
7270,3
7271,7
7272,0
7273,7
7274,1
7275,11
7276,9
7277,4
7278,12
7279,11
7280,13
7281,6
7282,13
7283,0
7284,8
7285,10
7286,13
7287,11
7288,7
7289,13
7290,1
7291,2
7292,7
7293,0
7294,4
7295,8
7296,10
7297,7
7298,7
7299,6
7300,11
7301,13
7302,11
7303,1
7304,0
7305,11
7306,7
7307,7
7308,6
7309,8
7310,12
7311,4
7312,12
7313,9
7314,0
7315,1
7316,0
7317,2
7318,2
7319,10
7320,1
7321,11
7322,0
7323,3
7324,2
7325,10
7326,8
7327,8
7328,1
7329,7
7330,7
7331,2
7332,6
7333,0
7334,13
7335,11
7336,0
7337,10
7338,11
7339,1
7340,7
7341,0
7342,1
7343,10
7344,10
7345,11
7346,12
7347,0
7348,2
7349,12
7350,11
7351,6
7352,8
7353,2
7354,4
7355,8
7356,0
7357,0
7358,0
7359,8
7360,6
7361,6
7362,1
7363,10
7364,6
7365,1
7366,6
7367,2
7368,10
7369,2
7370,2
7371,1
7372,9
7373,2
7374,12
7375,8
7376,11
7377,1
7378,4
7379,7
7380,11
7381,7
7382,11
7383,6
7384,3
7385,12
7386,1
7387,5
7388,7
7389,10
7390,10
7391,6
7392,1
7393,2
7394,3
7395,10
7396,4
7397,3
7398,0
7399,7
7400,11
7401,0
7402,11
7403,2
7404,7
7405,12
7406,2
7407,0
7408,1
7409,7
7410,6
7411,2
7412,2
7413,8
7414,8
7415,10
7416,2
7417,0
7418,10
7419,8
7420,11
7421,6
7422,1
7423,11
7424,9
7425,11
7426,13
7427,13
7428,6
7429,6
7430,0
7431,2
7432,12
7433,8
7434,1
7435,12
7436,3
7437,0
7438,9
7439,2
7440,3
7441,4
7442,10
7443,3
7444,12
7445,6
7446,13
7447,4
7448,11
7449,3
7450,12
7451,6
7452,1
7453,10
7454,10
7455,12
7456,10
7457,9
7458,9
7459,0
7460,12
7461,10
7462,11
7463,0
7464,13
7465,8
7466,3
7467,11
7468,0
7469,11
7470,1
7471,11
7472,3
7473,2
7474,11
7475,2
7476,1
7477,3
7478,11
7479,9
7480,10
7481,6
7482,2
7483,11
7484,11
7485,2
7486,0
7487,12
7488,8
7489,13
7490,3
7491,7
7492,11
7493,6
7494,3
7495,2
7496,1
7497,6
7498,2
7499,7
7500,10
7501,1
7502,3
7503,12
7504,11
7505,10
7506,1
7507,2
7508,12
7509,13
7510,2
7511,6
7512,7
7513,0
7514,8
7515,2
7516,13
7517,11
7518,0
7519,6
7520,3
7521,13
7522,1
7523,0
7524,8
7525,0
7526,0
7527,4
7528,8
7529,0
7530,13
7531,0
7532,0
7533,1
7534,8
7535,13
7536,10
7537,1
7538,8
7539,2
7540,11
7541,10
7542,7
7543,7
7544,10
7545,0
7546,3
7547,12
7548,0
7549,2
7550,13
7551,11
7552,10
7553,8
7554,0
7555,9
7556,6
7557,10
7558,2
7559,3
7560,9
7561,13
7562,9
7563,1
7564,13
7565,11
7566,10
7567,12
7568,7
7569,2
7570,4
7571,6
7572,11
7573,2
7574,8
7575,13
7576,4
7577,11
7578,8
7579,1
7580,8
7581,11
7582,2
7583,7
7584,11
7585,2
7586,6
7587,1
7588,12
7589,13
7590,1
7591,11
7592,7
7593,11
7594,8
7595,8
7596,1
7597,2
7598,9
7599,3
7600,6
7601,4
7602,5
7603,11
7604,9
7605,2
7606,7
7607,13
7608,8
7609,2
7610,9
7611,11
7612,12
7613,12
7614,8
7615,7
7616,10
7617,9
7618,3
7619,11
7620,13
7621,11
7622,2
7623,7
7624,10
7625,6
7626,8
7627,4
7628,7
7629,10
7630,11
7631,6
7632,11
7633,12
7634,10
7635,0
7636,1
7637,1
7638,1
7639,4
7640,11
7641,10
7642,1
7643,2
7644,2
7645,2
7646,10
7647,1
7648,8
7649,12
7650,2
7651,2
7652,4
7653,4
7654,0
7655,2
7656,13
7657,4
7658,0
7659,10
7660,4
7661,6
7662,11
7663,4
7664,6
7665,4
7666,12
7667,1
7668,2
7669,4
7670,6
7671,10
7672,6
7673,0
7674,9
7675,12
7676,2
7677,7
7678,8
7679,6
7680,2
7681,8
7682,0
7683,3
7684,1
7685,8
7686,3
7687,9
7688,2
7689,10
7690,9
7691,11
7692,10
7693,3
7694,3
7695,10
7696,8
7697,6
7698,13
7699,9
7700,9
7701,12
7702,8
7703,8
7704,0
7705,1
7706,3
7707,11
7708,7
7709,4
7710,0
7711,11
7712,2
7713,11
7714,10
7715,8
7716,4
7717,0
7718,7
7719,8
7720,3
7721,3
7722,1
7723,7
7724,11
7725,8
7726,6
7727,4
7728,12
7729,1
7730,10
7731,1
7732,7
7733,11
7734,7
7735,10
7736,9
7737,3
7738,8
7739,3
7740,6
7741,6
7742,8
7743,0
7744,9
7745,13
7746,8
7747,2
7748,13
7749,1
7750,1
7751,10
7752,12
7753,9
7754,0
7755,6
7756,0
7757,7
7758,1
7759,2
7760,7
7761,7
7762,7
7763,3
7764,0
7765,7
7766,11
7767,0
7768,2
7769,3
7770,1
7771,1
7772,0
7773,9
7774,3
7775,11
7776,11
7777,8
7778,4
7779,0
7780,7
7781,3
7782,10
7783,10
7784,3
7785,1
7786,7
7787,0
7788,1
7789,1
7790,2
7791,3
7792,6
7793,2
7794,3
7795,11
7796,0
7797,4
7798,11
7799,1
7800,4
7801,1
7802,12
7803,2
7804,0
7805,7
7806,13
7807,3
7808,6
7809,11
7810,9
7811,7
7812,13
7813,11
7814,2
7815,4
7816,3
7817,11
7818,8
7819,3
7820,8
7821,10
7822,0
7823,13
7824,4
7825,12
7826,0
7827,3
7828,12
7829,10
7830,1
7831,10
7832,8
7833,2
7834,6
7835,12
7836,11
7837,2
7838,7
7839,13
7840,0
7841,9
7842,7
7843,1
7844,2
7845,3
7846,0
7847,6
7848,3
7849,6
7850,8
7851,10
7852,12
7853,11
7854,10
7855,0
7856,0
7857,0
7858,6
7859,11
7860,10
7861,7
7862,0
7863,0
7864,10
7865,12
7866,11
7867,0
7868,12
7869,11
7870,2
7871,2
7872,2
7873,10
7874,13
7875,10
7876,10
7877,13
7878,4
7879,8
7880,8
7881,1
7882,13
7883,6
7884,11
7885,8
7886,3
7887,3
7888,10
7889,11
7890,10
7891,9
7892,7
7893,8
7894,0
7895,12
7896,1
7897,8
7898,8
7899,12
7900,13
7901,10
7902,3
7903,2
7904,2
7905,13
7906,4
7907,10
7908,4
7909,1
7910,2
7911,6
7912,13
7913,4
7914,8
7915,7
7916,10
7917,1
7918,1
7919,3
7920,8
7921,7
7922,2
7923,8
7924,10
7925,1
7926,1
7927,13
7928,1
7929,7
7930,0
7931,1
7932,6
7933,3
7934,6
7935,4
7936,11
7937,7
7938,1
7939,1
7940,12
7941,4
7942,10
7943,8
7944,0
7945,1
7946,4
7947,0
7948,8
7949,4
7950,8
7951,6
7952,1
7953,9
7954,13
7955,2
7956,13
7957,13
7958,1
7959,2
7960,6
7961,1
7962,0
7963,0
7964,2
7965,8
7966,3
7967,6
7968,2
7969,12
7970,12
7971,2
7972,11
7973,13
7974,12
7975,9
7976,8
7977,9
7978,0
7979,9
7980,11
7981,7
7982,3
7983,9
7984,7
7985,12
7986,3
7987,6
7988,6
7989,4
7990,0
7991,2
7992,4
7993,3
7994,10
7995,1
7996,8
7997,4
7998,11
7999,1
8000,12
8001,7
8002,8
8003,0
8004,8
8005,12
8006,8
8007,2
8008,10
8009,8
8010,4
8011,6
8012,7
8013,0
8014,8
8015,9
8016,10
8017,5
8018,1
8019,13
8020,2
8021,11
8022,0
8023,9
8024,6
8025,8
8026,2
8027,1
8028,4
8029,1
8030,1
8031,11
8032,11
8033,7
8034,6
8035,7
8036,3
8037,1
8038,10
8039,1
8040,8
8041,3
8042,12
8043,2
8044,7
8045,5
8046,3
8047,13
8048,0
8049,0
8050,2
8051,4
8052,5
8053,2
8054,11
8055,10
8056,7
8057,8
8058,6
8059,9
8060,11
8061,9
8062,8
8063,9
8064,7
8065,11
8066,10
8067,1
8068,0
8069,8
8070,3
8071,8
8072,8
8073,11
8074,2
8075,12
8076,12
8077,11
8078,1
8079,3
8080,2
8081,12
8082,11
8083,6
8084,5
8085,7
8086,4
8087,1
8088,7
8089,6
8090,8
8091,8
8092,3
8093,1
8094,3
8095,11
8096,6
8097,2
8098,2
8099,2
8100,2
8101,1
8102,0
8103,2
8104,11
8105,4
8106,0
8107,11
8108,1
8109,10
8110,6
8111,11
8112,6
8113,6
8114,1
8115,13
8116,1
8117,11
8118,1
8119,6
8120,11
8121,11
8122,6
8123,10
8124,11
8125,12
8126,7
8127,1
8128,8
8129,6
8130,6
8131,3
8132,11
8133,0
8134,12
8135,8
8136,2
8137,2
8138,3
8139,0
8140,3
8141,4
8142,2
8143,1
8144,12
8145,11
8146,8
8147,11
8148,6
8149,11
8150,12
8151,1
8152,6
8153,3
8154,6
8155,10
8156,0
8157,6
8158,4
8159,2
8160,10
8161,2
8162,0
8163,13
8164,6
8165,12
8166,1
8167,2
8168,0
8169,2
8170,10
8171,2
8172,7
8173,2
8174,8
8175,8
8176,2
8177,7
8178,6
8179,0
8180,0
8181,13
8182,8
8183,12
8184,2
8185,8
8186,10
8187,3
8188,10
8189,9
8190,4
8191,8
8192,8
8193,4
8194,10
8195,4
8196,1
8197,7
8198,10
8199,6
8200,7
8201,8
8202,11
8203,4
8204,0
8205,6
8206,2
8207,13
8208,12
8209,11
8210,3
8211,6
8212,2
8213,10
8214,10
8215,10
8216,6
8217,8
8218,4
8219,1
8220,13
8221,11
8222,13
8223,0
8224,11
8225,9
8226,1
8227,4
8228,6
8229,6
8230,12
8231,9
8232,11
8233,3
8234,7
8235,2
8236,7
8237,11
8238,0
8239,8
8240,13
8241,7
8242,0
8243,7
8244,2
8245,10
8246,11
8247,1
8248,2
8249,8
8250,11
8251,2
8252,13
8253,7
8254,0
8255,0
8256,11
8257,7
8258,12
8259,4
8260,10
8261,11
8262,2
8263,10
8264,2
8265,11
8266,11
8267,1
8268,7
8269,10
8270,2
8271,0
8272,7
8273,8
8274,1
8275,8
8276,9
8277,1
8278,7
8279,0
8280,11
8281,3
8282,4
8283,1
8284,0
8285,2
8286,2
8287,10
8288,6
8289,10
8290,6
8291,6
8292,8
8293,11
8294,2
8295,10
8296,11
8297,0
8298,0
8299,0
8300,3
8301,3
8302,11
8303,12
8304,12
8305,6
8306,3
8307,9
8308,1
8309,10
8310,3
8311,7
8312,6
8313,13
8314,1
8315,0
8316,10
8317,2
8318,6
8319,7
8320,3
8321,1
8322,2
8323,3
8324,0
8325,4
8326,12
8327,6
8328,2
8329,1
8330,5
8331,8
8332,2
8333,0
8334,4
8335,7
8336,10
8337,6
8338,13
8339,11
8340,0
8341,12
8342,2
8343,10
8344,6
8345,0
8346,0
8347,10
8348,1
8349,9
8350,4
8351,4
8352,11
8353,7
8354,12
8355,8
8356,2
8357,0
8358,2
8359,1
8360,8
8361,2
8362,7
8363,7
8364,0
8365,0
8366,10
8367,4
8368,11
8369,10
8370,3
8371,6
8372,0
8373,10
8374,7
8375,1
8376,8
8377,9
8378,0
8379,6
8380,2
8381,3
8382,9
8383,2
8384,8
8385,1
8386,7
8387,11
8388,9
8389,1
8390,1
8391,0
8392,0
8393,4
8394,11
8395,2
8396,11
8397,0
8398,8
8399,11
8400,12
8401,7
8402,7
8403,0
8404,12
8405,0
8406,6
8407,0
8408,11
8409,1
8410,10
8411,9
8412,2
8413,10
8414,4
8415,1
8416,7
8417,2
8418,13
8419,1
8420,12
8421,11
8422,11
8423,2
8424,11
8425,13
8426,1
8427,3
8428,11
8429,8
8430,11
8431,11
8432,11
8433,7
8434,3
8435,7
8436,1
8437,8
8438,11
8439,0
8440,11
8441,3
8442,10
8443,2
8444,0
8445,7
8446,2
8447,11
8448,0
8449,4
8450,0
8451,3
8452,2
8453,7
8454,3
8455,6
8456,11
8457,11
8458,8
8459,7
8460,9
8461,11
8462,2
8463,4
8464,13
8465,1
8466,11
8467,2
8468,6
8469,3
8470,7
8471,7
8472,9
8473,13
8474,1
8475,2
8476,12
8477,1
8478,12
8479,6
8480,13
8481,2
8482,2
8483,6
8484,0
8485,1
8486,12
8487,5
8488,5
8489,2
8490,7
8491,12
8492,13
8493,9
8494,6
8495,2
8496,0
8497,6
8498,3
8499,7
8500,5
8501,1
8502,3
8503,2
8504,0
8505,8
8506,10
8507,13
8508,7
8509,2
8510,9
8511,7
8512,2
8513,10
8514,4
8515,8
8516,0
8517,3
8518,10
8519,0
8520,10
8521,11
8522,0
8523,2
8524,11
8525,11
8526,8
8527,10
8528,3
8529,7
8530,11
8531,12
8532,12
8533,7
8534,7
8535,9
8536,0
8537,0
8538,13
8539,6
8540,8
8541,11
8542,2
8543,0
8544,10
8545,0
8546,4
8547,4
8548,1
8549,8
8550,6
8551,0
8552,1
8553,1
8554,2
8555,13
8556,3
8557,2
8558,13
8559,0
8560,8
8561,6
8562,1
8563,4
8564,2
8565,3
8566,1
8567,2
8568,2
8569,4
8570,5
8571,11
8572,3
8573,11
8574,11
8575,7
8576,6
8577,4
8578,10
8579,2
8580,2
8581,0
8582,10
8583,0
8584,10
8585,7
8586,3
8587,6
8588,1
8589,8
8590,3
8591,3
8592,11
8593,2
8594,1
8595,11
8596,12
8597,11
8598,0
8599,13
8600,0
8601,9
8602,1
8603,11
8604,9
8605,7
8606,5
8607,8
8608,3
8609,4
8610,10
8611,6
8612,2
8613,13
8614,8
8615,13
8616,3
8617,8
8618,11
8619,2
8620,9
8621,11
8622,7
8623,2
8624,11
8625,2
8626,11
8627,9
8628,1
8629,1
8630,3
8631,8
8632,0
8633,10
8634,9
8635,10
8636,6
8637,2
8638,7
8639,3
8640,10
8641,12
8642,12
8643,2
8644,11
8645,2
8646,4
8647,3
8648,0
8649,6
8650,9
8651,13
8652,6
8653,10
8654,8
8655,0
8656,8
8657,8
8658,7
8659,0
8660,7
8661,12
8662,1
8663,13
8664,11
8665,8
8666,10
8667,11
8668,3
8669,10
8670,2
8671,2
8672,8
8673,4
8674,0
8675,13
8676,11
8677,4
8678,0
8679,3
8680,7
8681,7
8682,1
8683,13
8684,6
8685,1
8686,4
8687,4
8688,3
8689,0
8690,0
8691,8
8692,7
8693,0
8694,11
8695,13
8696,6
8697,13
8698,11
8699,1
8700,4
8701,6
8702,7
8703,13
8704,2
8705,5
8706,1
8707,0
8708,7
8709,6
8710,4
8711,8
8712,4
8713,1
8714,4
8715,10
8716,6
8717,2
8718,1
8719,7
8720,11
8721,0
8722,2
8723,11
8724,9
8725,2
8726,4
8727,11
8728,11
8729,13
8730,7
8731,4
8732,1
8733,7
8734,2
8735,4
8736,8
8737,7
8738,4
8739,1
8740,2
8741,11
8742,8
8743,12
8744,2
8745,12
8746,10
8747,8
8748,7
8749,11
8750,8
8751,11
8752,12
8753,8
8754,6
8755,5
8756,7
8757,9
8758,1
8759,6
8760,7
8761,1
8762,2
8763,0
8764,13
8765,7
8766,7
8767,8
8768,1
8769,10
8770,0
8771,12
8772,13
8773,0
8774,3
8775,9
8776,9
8777,9
8778,4
8779,2
8780,6
8781,10
8782,9
8783,12
8784,8
8785,0
8786,13
8787,12
8788,4
8789,13
8790,11
8791,4
8792,2
8793,12
8794,13
8795,10
8796,3
8797,0
8798,1
8799,2
8800,12
8801,2
8802,1
8803,6
8804,4
8805,11
8806,11
8807,12
8808,1
8809,9
8810,10
8811,8
8812,11
8813,0
8814,8
8815,11
8816,2
8817,11
8818,2
8819,5
8820,1
8821,13
8822,1
8823,11
8824,8
8825,11
8826,6
8827,7
8828,6
8829,8
8830,5
8831,13
8832,2
8833,6
8834,0
8835,3
8836,9
8837,7
8838,6
8839,0
8840,0
8841,8
8842,4
8843,5
8844,6
8845,9
8846,10
8847,8
8848,4
8849,4
8850,13
8851,3
8852,8
8853,1
8854,6
8855,0
8856,0
8857,8
8858,12
8859,12
8860,7
8861,9
8862,2
8863,9
8864,13
8865,13
8866,2
8867,3
8868,2
8869,7
8870,3
8871,7
8872,12
8873,1
8874,11
8875,10
8876,10
8877,11
8878,0
8879,2
8880,8
8881,7
8882,2
8883,7
8884,8
8885,10
8886,4
8887,4
8888,6
8889,10
8890,2
8891,8
8892,12
8893,3
8894,10
8895,2
8896,8
8897,0
8898,9
8899,0
8900,1
8901,1
8902,3
8903,1
8904,6
8905,2
8906,1
8907,5
8908,0
8909,8
8910,11
8911,0
8912,0
8913,4
8914,3
8915,2
8916,11
8917,3
8918,1
8919,12
8920,1
8921,2
8922,12
8923,2
8924,7
8925,0
8926,4
8927,13
8928,2
8929,7
8930,1
8931,3
8932,11
8933,1
8934,1
8935,8
8936,12
8937,11
8938,8
8939,4
8940,2
8941,2
8942,4
8943,13
8944,13
8945,0
8946,6
8947,10
8948,10
8949,7
8950,12
8951,0
8952,12
8953,12
8954,8
8955,13
8956,0
8957,2
8958,1
8959,3
8960,7
8961,5
8962,6
8963,6
8964,6
8965,7
8966,2
8967,11
8968,0
8969,6
8970,6
8971,3
8972,6
8973,6
8974,1
8975,3
8976,11
8977,13
8978,4
8979,8
8980,11
8981,2
8982,10
8983,12
8984,2
8985,1
8986,3
8987,3
8988,8
8989,4
8990,3
8991,1
8992,2
8993,3
8994,1
8995,6
8996,0
8997,7
8998,13
8999,6
9000,9
9001,1
9002,0
9003,8
9004,11
9005,4
9006,4
9007,8
9008,0
9009,12
9010,10
9011,0
9012,11
9013,7
9014,0
9015,1
9016,6
9017,0
9018,10
9019,3
9020,11
9021,6
9022,0
9023,12
9024,6
9025,6
9026,10
9027,13
9028,8
9029,8
9030,11
9031,12
9032,8
9033,9
9034,4
9035,0
9036,0
9037,8
9038,2
9039,2
9040,2
9041,2
9042,10
9043,7
9044,1
9045,4
9046,7
9047,13
9048,0
9049,11
9050,8
9051,4
9052,11
9053,1
9054,12
9055,7
9056,0
9057,2
9058,12
9059,4
9060,4
9061,1
9062,12
9063,1
9064,7
9065,12
9066,4
9067,8
9068,13
9069,2
9070,12
9071,11
9072,2
9073,1
9074,6
9075,7
9076,9
9077,10
9078,2
9079,2
9080,11
9081,11
9082,7
9083,3
9084,11
9085,11
9086,11
9087,3
9088,12
9089,1
9090,11
9091,13
9092,2
9093,5
9094,2
9095,3
9096,11
9097,12
9098,4
9099,8
9100,0
9101,10
9102,11
9103,6
9104,7
9105,2
9106,4
9107,0
9108,0
9109,8
9110,0
9111,1
9112,10
9113,11
9114,10
9115,9
9116,11
9117,6
9118,8
9119,2
9120,10
9121,2
9122,4
9123,4
9124,11
9125,10
9126,1
9127,11
9128,5
9129,9
9130,11
9131,13
9132,2
9133,7
9134,7
9135,13
9136,2
9137,10
9138,3
9139,4
9140,11
9141,11
9142,0
9143,5
9144,12
9145,8
9146,7
9147,7
9148,2
9149,11
9150,3
9151,2
9152,9
9153,3
9154,0
9155,9
9156,0
9157,1
9158,0
9159,13
9160,7
9161,6
9162,4
9163,2
9164,0
9165,9
9166,2
9167,6
9168,10
9169,10
9170,5
9171,10
9172,13
9173,2
9174,12
9175,3
9176,10
9177,2
9178,6
9179,11
9180,6
9181,13
9182,12
9183,12
9184,8
9185,2
9186,11
9187,0
9188,4
9189,12
9190,9
9191,11
9192,9
9193,4
9194,10
9195,2
9196,4
9197,4
9198,2
9199,1
9200,13
9201,0
9202,4
9203,7
9204,2
9205,8
9206,1
9207,4
9208,3
9209,4
9210,12
9211,7
9212,4
9213,7
9214,2
9215,6
9216,6
9217,1
9218,2
9219,6
9220,7
9221,3
9222,3
9223,6
9224,7
9225,6
9226,11
9227,1
9228,3
9229,0
9230,3
9231,0
9232,3
9233,0
9234,1
9235,8
9236,10
9237,12
9238,7
9239,11
9240,0
9241,1
9242,12
9243,0
9244,10
9245,7
9246,4
9247,0
9248,1
9249,1
9250,0
9251,1
9252,5
9253,6
9254,6
9255,11
9256,1
9257,10
9258,0
9259,3
9260,4
9261,6
9262,11
9263,1
9264,0
9265,2
9266,1
9267,4
9268,4
9269,2
9270,11
9271,7
9272,7
9273,2
9274,11
9275,7
9276,10
9277,13
9278,10
9279,0
9280,1
9281,4
9282,1
9283,10
9284,6
9285,10
9286,12
9287,12
9288,1
9289,4
9290,8
9291,4
9292,11
9293,1
9294,1
9295,10
9296,10
9297,5
9298,6
9299,12
9300,0
9301,2
9302,0
9303,7
9304,4
9305,6
9306,2
9307,11
9308,1
9309,4
9310,1
9311,12
9312,10
9313,9
9314,12
9315,4
9316,8
9317,1
9318,11
9319,13
9320,1
9321,1
9322,4
9323,6
9324,0
9325,13
9326,8
9327,0
9328,11
9329,8
9330,1
9331,10
9332,10
9333,7
9334,7
9335,8
9336,0
9337,1
9338,8
9339,12
9340,1
9341,4
9342,7
9343,9
9344,3
9345,12
9346,5
9347,6
9348,12
9349,11
9350,7
9351,13
9352,1
9353,3
9354,12
9355,8
9356,11
9357,1
9358,2
9359,6
9360,3
9361,10
9362,10
9363,13
9364,12
9365,1
9366,11
9367,13
9368,5
9369,2
9370,12
9371,3
9372,3
9373,11
9374,1
9375,12
9376,11
9377,11
9378,9
9379,0
9380,0
9381,5
9382,10
9383,0
9384,11
9385,10
9386,6
9387,9
9388,8
9389,0
9390,0
9391,12
9392,6
9393,11
9394,12
9395,9
9396,0
9397,10
9398,3
9399,11
9400,10
9401,3
9402,1
9403,11
9404,10
9405,9
9406,4
9407,1
9408,5
9409,7
9410,6
9411,0
9412,9
9413,1
9414,9
9415,7
9416,11
9417,12
9418,13
9419,13
9420,6
9421,1
9422,3
9423,9
9424,0
9425,9
9426,1
9427,6
9428,4
9429,11
9430,11
9431,0
9432,2
9433,2
9434,1
9435,4
9436,1
9437,1
9438,9
9439,12
9440,2
9441,9
9442,8
9443,2
9444,9
9445,12
9446,4
9447,2
9448,2
9449,11
9450,11
9451,5
9452,2
9453,12
9454,8
9455,2
9456,3
9457,7
9458,0
9459,0
9460,1
9461,12
9462,9
9463,7
9464,7
9465,11
9466,9
9467,8
9468,3
9469,1
9470,1
9471,3
9472,12
9473,8
9474,2
9475,12
9476,7
9477,13
9478,12
9479,8
9480,3
9481,12
9482,13
9483,6
9484,13
9485,6
9486,1
9487,2
9488,0
9489,2
9490,4
9491,2
9492,1
9493,10
9494,6
9495,12
9496,10
9497,6
9498,7
9499,10
9500,11
9501,12
9502,3
9503,4
9504,11
9505,10
9506,6
9507,10
9508,9
9509,13
9510,9
9511,13
9512,13
9513,12
9514,12
9515,1
9516,9
9517,7
9518,8
9519,0
9520,0
9521,8
9522,13
9523,6
9524,11
9525,13
9526,12
9527,2
9528,0
9529,13
9530,13
9531,13
9532,8
9533,8
9534,0
9535,1
9536,0
9537,6
9538,0
9539,2
9540,1
9541,8
9542,7
9543,12
9544,2
9545,0
9546,9
9547,1
9548,0
9549,12
9550,2
9551,6
9552,6
9553,12
9554,6
9555,6
9556,10
9557,4
9558,7
9559,1
9560,10
9561,12
9562,7
9563,7
9564,8
9565,2
9566,7
9567,6
9568,10
9569,3
9570,10
9571,2
9572,12
9573,0
9574,5
9575,1
9576,13
9577,7
9578,11
9579,6
9580,3
9581,11
9582,9
9583,0
9584,7
9585,6
9586,8
9587,10
9588,6
9589,12
9590,6
9591,7
9592,11
9593,9
9594,11
9595,12
9596,4
9597,10
9598,2
9599,3
9600,1
9601,0
9602,1
9603,4
9604,12
9605,5
9606,1
9607,1
9608,8
9609,11
9610,12
9611,0
9612,8
9613,10
9614,0
9615,10
9616,6
9617,11
9618,0
9619,3
9620,10
9621,11
9622,3
9623,9
9624,11
9625,3
9626,8
9627,11
9628,4
9629,2
9630,1
9631,7
9632,3
9633,8
9634,1
9635,0
9636,10
9637,12
9638,5
9639,6
9640,1
9641,0
9642,8
9643,8
9644,2
9645,1
9646,3
9647,0
9648,3
9649,6
9650,0
9651,1
9652,2
9653,6
9654,2
9655,9
9656,11
9657,4
9658,11
9659,1
9660,10
9661,9
9662,2
9663,0
9664,4
9665,12
9666,1
9667,11
9668,7
9669,1
9670,1
9671,11
9672,12
9673,7
9674,11
9675,2
9676,4
9677,11
9678,12
9679,13
9680,10
9681,4
9682,10
9683,10
9684,6
9685,13
9686,7
9687,0
9688,4
9689,11
9690,7
9691,3
9692,6
9693,0
9694,1
9695,10
9696,7
9697,3
9698,6
9699,0
9700,2
9701,3
9702,8
9703,6
9704,0
9705,12
9706,1
9707,1
9708,2
9709,5
9710,0
9711,2
9712,1
9713,7
9714,3
9715,11
9716,8
9717,9
9718,4
9719,2
9720,2
9721,10
9722,13
9723,3
9724,11
9725,11
9726,6
9727,2
9728,11
9729,6
9730,9
9731,3
9732,2
9733,11
9734,7
9735,1
9736,3
9737,4
9738,1
9739,12
9740,8
9741,4
9742,4
9743,3
9744,0
9745,12
9746,13
9747,8
9748,2
9749,2
9750,11
9751,7
9752,1
9753,4
9754,0
9755,13
9756,2
9757,10
9758,8
9759,5
9760,0
9761,10
9762,8
9763,11
9764,2
9765,2
9766,12
9767,12
9768,11
9769,8
9770,11
9771,7
9772,12
9773,10
9774,10
9775,0
9776,1
9777,10
9778,8
9779,2
9780,11
9781,1
9782,1
9783,3
9784,9
9785,3
9786,10
9787,0
9788,2
9789,1
9790,1
9791,8
9792,2
9793,9
9794,0
9795,10
9796,5
9797,3
9798,10
9799,2
9800,2
9801,1
9802,1
9803,0
9804,12
9805,12
9806,13
9807,8
9808,10
9809,4
9810,2
9811,3
9812,4
9813,11
9814,13
9815,7
9816,0
9817,5
9818,11
9819,4
9820,9
9821,12
9822,3
9823,1
9824,6
9825,8
9826,7
9827,4
9828,3
9829,13
9830,1
9831,7
9832,0
9833,11
9834,0
9835,6
9836,11
9837,0
9838,2
9839,1
9840,0
9841,13
9842,8
9843,0
9844,1
9845,3
9846,7
9847,4
9848,2
9849,8
9850,6
9851,5
9852,13
9853,9
9854,10
9855,9
9856,0
9857,13
9858,4
9859,1
9860,1
9861,1
9862,13
9863,13
9864,4
9865,0
9866,13
9867,11
9868,3
9869,1
9870,1
9871,0
9872,13
9873,7
9874,1
9875,4
9876,2
9877,8
9878,9
9879,11
9880,10
9881,9
9882,10
9883,2
9884,9
9885,8
9886,8
9887,12
9888,1
9889,4
9890,2
9891,0
9892,10
9893,1
9894,10
9895,11
9896,1
9897,6
9898,2
9899,12
9900,6
9901,7
9902,6
9903,1
9904,2
9905,6
9906,11
9907,10
9908,7
9909,7
9910,2
9911,2
9912,8
9913,8
9914,2
9915,11
9916,10
9917,5
9918,11
9919,6
9920,10
9921,10
9922,0
9923,9
9924,10
9925,9
9926,4
9927,6
9928,6
9929,13
9930,6
9931,2
9932,1
9933,6
9934,6
9935,11
9936,1
9937,0
9938,5
9939,2
9940,12
9941,6
9942,6
9943,13
9944,11
9945,7
9946,7
9947,11
9948,11
9949,2
9950,0
9951,11
9952,0
9953,0
9954,11
9955,2
9956,7
9957,13
9958,6
9959,2
9960,13
9961,10
9962,0
9963,3
9964,4
9965,10
9966,6
9967,4
9968,8
9969,7
9970,2
9971,6
9972,6
9973,2
9974,8
9975,2
9976,1
9977,1
9978,6
9979,2
9980,1
9981,0
9982,2
9983,6
9984,1
9985,7
9986,0
9987,11
9988,8
9989,8
9990,6
9991,12
9992,7
9993,0
9994,6
9995,2
9996,11
9997,6
9998,2
9999,1
10000,3
10001,11
10002,12
10003,11
10004,6
10005,11
10006,7
10007,11
10008,12
10009,1
10010,4
10011,0
10012,10
10013,13
10014,10
10015,3
10016,6
10017,6
10018,2
10019,0
10020,6
10021,1
10022,2
10023,2
10024,4
10025,1
10026,11
10027,3
10028,6
10029,9
10030,2
10031,4
10032,2
10033,12
10034,1
10035,11
10036,1
10037,10
10038,11
10039,9
10040,7
10041,0
10042,9
10043,4
10044,6
10045,0
10046,1
10047,10
10048,8
10049,7
10050,7
10051,4
10052,10
10053,2
10054,9
10055,12
10056,0
10057,4
10058,6
10059,2
10060,3
10061,11
10062,5
10063,8
10064,2
10065,6
10066,0
10067,7
10068,0
10069,6
10070,11
10071,9
10072,7
10073,0
10074,11
10075,12
10076,2
10077,13
10078,2
10079,4
10080,7
10081,1
10082,9
10083,13
10084,2
10085,13
10086,11
10087,11
10088,13
10089,1
10090,11
10091,11
10092,13
10093,2
10094,9
10095,11
10096,10
10097,13
10098,7
10099,0
10100,12
10101,2
10102,10
10103,11
10104,0
10105,1
10106,0
10107,0
10108,12
10109,11
10110,11
10111,6
10112,6
10113,7
10114,2
10115,2
10116,10
10117,1
10118,0
10119,10
10120,2
10121,0
10122,6
10123,7
10124,0
10125,6
10126,8
10127,12
10128,8
10129,3
10130,8
10131,2
10132,12
10133,3
10134,2
10135,0
10136,6
10137,1
10138,4
10139,2
10140,11
10141,4
10142,8
10143,11
10144,12
10145,1
10146,12
10147,11
10148,11
10149,3
10150,0
10151,9
10152,11
10153,7
10154,11
10155,1
10156,4
10157,3
10158,6
10159,6
10160,7
10161,0
10162,8
10163,13
10164,1
10165,2
10166,2
10167,0
10168,0
10169,0
10170,0
10171,10
10172,6
10173,10
10174,4
10175,9
10176,10
10177,2
10178,6
10179,11
10180,7
10181,2
10182,7
10183,12
10184,2
10185,1
10186,0
10187,0
10188,10
10189,11
10190,4
10191,1
10192,12
10193,0
10194,6
10195,7
10196,10
10197,8
10198,10
10199,7
10200,10
10201,9
10202,11
10203,9
10204,8
10205,2
10206,8
10207,11
10208,1
10209,10
10210,6
10211,13
10212,11
10213,4
10214,2
10215,13
10216,1
10217,1
10218,4
10219,1
10220,12
10221,3
10222,9
10223,1
10224,8
10225,12
10226,9
10227,2
10228,8
10229,12
10230,11
10231,3
10232,10
10233,6
10234,12
10235,7
10236,3
10237,6
10238,2
10239,10
10240,10
10241,7
10242,2
10243,2
10244,10
10245,3
10246,6
10247,10
10248,1
10249,7
10250,3
10251,4
10252,0
10253,10
10254,7
10255,3
10256,10
10257,10
10258,4
10259,11
10260,10
10261,11
10262,0
10263,0
10264,11
10265,11
10266,4
10267,0
10268,9
10269,1
10270,12
10271,6
10272,11
10273,7
10274,3
10275,8
10276,13
10277,12
10278,12
10279,1
10280,7
10281,0
10282,13
10283,3
10284,3
10285,4
10286,4
10287,2
10288,7
10289,3
10290,6
10291,2
10292,8
10293,0
10294,4
10295,2
10296,11
10297,0
10298,8
10299,8
10300,13
10301,4
10302,2
10303,8
10304,7
10305,10
10306,3
10307,5
10308,1
10309,11
10310,5
10311,0
10312,1
10313,6
10314,10
10315,7
10316,8
10317,7
10318,7
10319,0
10320,10
10321,6
10322,1
10323,10
10324,7
10325,13
10326,4
10327,12
10328,11
10329,7
10330,10
10331,8
10332,9
10333,8
10334,2
10335,4
10336,1
10337,0
10338,3
10339,8
10340,11
10341,0
10342,11
10343,1
10344,0
10345,6
10346,4
10347,2
10348,3
10349,10
10350,0
10351,13
10352,0
10353,11
10354,2
10355,1
10356,1
10357,8
10358,6
10359,0
10360,10
10361,12
10362,4
10363,2
10364,1
10365,6
10366,0
10367,13
10368,3
10369,9
10370,9
10371,11
10372,3
10373,13
10374,10
10375,12
10376,3
10377,8
10378,11
10379,2
10380,2
10381,12
10382,11
10383,10
10384,13
10385,4
10386,3
10387,4
10388,11
10389,2
10390,13
10391,10
10392,13
10393,5
10394,12
10395,7
10396,2
10397,13
10398,11
10399,3
10400,11
10401,0
10402,1
10403,10
10404,11
10405,3
10406,2
10407,10
10408,8
10409,1
10410,13
10411,7
10412,8
10413,13
10414,6
10415,1
10416,8
10417,0
10418,3
10419,2
10420,13
10421,2
10422,10
10423,8
10424,8
10425,0
10426,8
10427,7
10428,8
10429,2
10430,1
10431,7
10432,9
10433,4
10434,2
10435,1
10436,2
10437,11
10438,9
10439,8
10440,10
10441,1
10442,0
10443,1
10444,11
10445,6
10446,8
10447,1
10448,12
10449,6
10450,11
10451,7
10452,11
10453,13
10454,2
10455,11
10456,7
10457,0
10458,10
10459,1
10460,7
10461,11
10462,11
10463,8
10464,8
10465,8
10466,0
10467,9
10468,10
10469,3
10470,6
10471,9
10472,1
10473,7
10474,6
10475,10
10476,3
10477,11
10478,1
10479,6
10480,5
10481,7
10482,2
10483,10
10484,9
10485,6
10486,3
10487,12
10488,6
10489,8
10490,2
10491,1
10492,11
10493,6
10494,11
10495,1
10496,0
10497,1
10498,9
10499,13
10500,11
10501,11
10502,2
10503,12
10504,1
10505,1
10506,11
10507,10
10508,7
10509,1
10510,7
10511,0
10512,3
10513,13
10514,6
10515,4
10516,12
10517,0
10518,10
10519,2
10520,6
10521,10
10522,11
10523,8
10524,9
10525,11
10526,11
10527,2
10528,9
10529,7
10530,12
10531,8
10532,1
10533,1
10534,1
10535,1
10536,10
10537,4
10538,8
10539,6
10540,1
10541,7
10542,8
10543,3
10544,0
10545,13
10546,11
10547,1
10548,4
10549,13
10550,6
10551,12
10552,8
10553,8
10554,9
10555,6
10556,1
10557,12
10558,6
10559,6
10560,8
10561,9
10562,13
10563,8
10564,11
10565,11
10566,3
10567,7
10568,6
10569,9
10570,12
10571,2
10572,10
10573,1
10574,13
10575,6
10576,6
10577,11
10578,0
10579,10
10580,13
10581,3
10582,7
10583,7
10584,2
10585,12
10586,4
10587,1
10588,7
10589,11
10590,13
10591,3
10592,11
10593,5
10594,11
10595,5
10596,10
10597,6
10598,9
10599,10
10600,2
10601,0
10602,13
10603,2
10604,8
10605,11
10606,3
10607,6
10608,2
10609,2
10610,11
10611,3
10612,3
10613,7
10614,13
10615,11
10616,2
10617,7
10618,1
10619,13
10620,10
10621,8
10622,3
10623,9
10624,11
10625,3
10626,8
10627,7
10628,7
10629,11
10630,7
10631,7
10632,8
10633,11
10634,9
10635,8
10636,2
10637,2
10638,0
10639,0
10640,3
10641,12
10642,1
10643,5
10644,2
10645,8
10646,11
10647,10
10648,11
10649,12
10650,2
10651,4
10652,7
10653,7
10654,13
10655,11
10656,1
10657,7
10658,7
10659,7
10660,2
10661,0
10662,11
10663,7
10664,7
10665,5
10666,10
10667,7
10668,2
10669,12
10670,8
10671,1
10672,9
10673,2
10674,0
10675,12
10676,1
10677,1
10678,8
10679,4
10680,1
10681,10
10682,12
10683,2
10684,0
10685,2
10686,3
10687,10
10688,7
10689,7
10690,1
10691,12
10692,10
10693,1
10694,4
10695,11
10696,12
10697,8
10698,7
10699,10
10700,1
10701,6
10702,8
10703,11
10704,11
10705,0
10706,6
10707,4
10708,7
10709,11
10710,7
10711,11
10712,11
10713,3
10714,7
10715,10
10716,11
10717,2
10718,2
10719,3
10720,3
10721,9
10722,8
10723,2
10724,0
10725,11
10726,3
10727,9
10728,1
10729,0
10730,11
10731,1
10732,11
10733,7
10734,2
10735,12
10736,10
10737,1
10738,6
10739,6
10740,1
10741,3
10742,4
10743,2
10744,4
10745,8
10746,2
10747,2
10748,13
10749,4
10750,0
10751,0
10752,1
10753,10
10754,10
10755,8
10756,4
10757,0
10758,6
10759,4
10760,3
10761,8
10762,7
10763,3
10764,4
10765,0
10766,8
10767,9
10768,2
10769,2
10770,10
10771,7
10772,1
10773,6
10774,4
10775,11
10776,11
10777,12
10778,4
10779,6
10780,10
10781,2
10782,11
10783,2
10784,11
10785,11
10786,8
10787,0
10788,6
10789,2
10790,3
10791,2
10792,7
10793,2
10794,12
10795,2
10796,7
10797,6
10798,7
10799,7
10800,6
10801,1
10802,3
10803,8
10804,8
10805,2
10806,8
10807,8
10808,12
10809,1
10810,6
10811,1
10812,12
10813,5
10814,8
10815,9
10816,11
10817,10
10818,9
10819,1
10820,9
10821,6
10822,3
10823,2
10824,1
10825,1
10826,1
10827,4
10828,7
10829,7
10830,2
10831,1
10832,7
10833,13
10834,6
10835,7
10836,2
10837,3
10838,0
10839,1
10840,4
10841,0
10842,4
10843,2
10844,9
10845,2
10846,3
10847,12
10848,10
10849,9
10850,3
10851,9
10852,4
10853,11
10854,11
10855,9
10856,13
10857,1
10858,9
10859,8
10860,10
10861,0
10862,11
10863,1
10864,0
10865,7
10866,6
10867,7
10868,3
10869,4
10870,11
10871,1
10872,7
10873,4
10874,1
10875,7
10876,6
10877,6
10878,12
10879,3
10880,13
10881,9
10882,8
10883,0
10884,11
10885,1
10886,11
10887,1
10888,11
10889,11
10890,2
10891,11
10892,2
10893,13
10894,6
10895,5
10896,9
10897,4
10898,0
10899,10
10900,9
10901,11
10902,3
10903,1
10904,4
10905,12
10906,5
10907,7
10908,0
10909,13
10910,0
10911,10
10912,3
10913,0
10914,3
10915,1
10916,4
10917,5
10918,10
10919,6
10920,4
10921,4
10922,1
10923,0
10924,10
10925,3
10926,3
10927,9
10928,3
10929,6
10930,9
10931,3
10932,4
10933,12
10934,11
10935,2
10936,11
10937,13
10938,5
10939,1
10940,1
10941,9
10942,7
10943,9
10944,8
10945,12
10946,13
10947,4
10948,3
10949,2
10950,12
10951,2
10952,10
10953,2
10954,0
10955,11
10956,4
10957,1
10958,9
10959,2
10960,11
10961,11
10962,4
10963,12
10964,8
10965,11
10966,2
10967,1
10968,4
10969,8
10970,1
10971,13
10972,2
10973,10
10974,10
10975,2
10976,10
10977,2
10978,10
10979,0
10980,3
10981,4
10982,13
10983,8
10984,3
10985,8
10986,2
10987,6
10988,0
10989,11
10990,1
10991,11
10992,3
10993,7
10994,10
10995,1
10996,2
10997,1
10998,0
10999,3
11000,9
11001,2
11002,10
11003,11
11004,2
11005,6
11006,2
11007,2
11008,1
11009,4
11010,2
11011,3
11012,10
11013,1
11014,10
11015,11
11016,0
11017,0
11018,6
11019,10
11020,2
11021,11
11022,5
11023,11
11024,13
11025,8
11026,4
11027,2
11028,0
11029,13
11030,6
11031,1
11032,8
11033,1
11034,4
11035,0
11036,10
11037,3
11038,11
11039,9
11040,1
11041,7
11042,0
11043,10
11044,0
11045,6
11046,7
11047,8
11048,2
11049,10
11050,1
11051,6
11052,8
11053,11
11054,3
11055,7
11056,2
11057,6
11058,6
11059,7
11060,8
11061,2
11062,9
11063,11
11064,7
11065,12
11066,9
11067,2
11068,4
11069,11
11070,6
11071,9
11072,7
11073,6
11074,1
11075,11
11076,6
11077,8
11078,11
11079,0
11080,3
11081,8
11082,5
11083,1
11084,13
11085,7
11086,3
11087,2
11088,2
11089,3
11090,0
11091,1
11092,7
11093,2
11094,9
11095,13
11096,10
11097,4
11098,13
11099,3
11100,3
11101,13
11102,9
11103,4
11104,7
11105,8
11106,2
11107,10
11108,0
11109,6
11110,2
11111,11
11112,13
11113,0
11114,3
11115,7
11116,11
11117,2
11118,0
11119,9
11120,9
11121,1
11122,8
11123,12
11124,1
11125,4
11126,2
11127,11
11128,4
11129,3
11130,12
11131,11
11132,13
11133,11
11134,7
11135,1
11136,0
11137,6
11138,10
11139,11
11140,0
11141,7
11142,8
11143,4
11144,9
11145,3
11146,13
11147,0
11148,6
11149,13
11150,11
11151,7
11152,8
11153,0
11154,2
11155,1
11156,13
11157,11
11158,1
11159,7
11160,5
11161,2
11162,10
11163,11
11164,6
11165,10
11166,2
11167,0
11168,9
11169,8
11170,10
11171,4
11172,11
11173,7
11174,11
11175,4
11176,7
11177,7
11178,0
11179,9
11180,11
11181,2
11182,13
11183,12
11184,0
11185,8
11186,12
11187,8
11188,12
11189,7
11190,7
11191,10
11192,12
11193,8
11194,11
11195,0
11196,2
11197,6
11198,12
11199,2
11200,6
11201,1
11202,11
11203,1
11204,6
11205,2
11206,2
11207,13
11208,0
11209,13
11210,1
11211,8
11212,12
11213,8
11214,13
11215,3
11216,3
11217,10
11218,3
11219,6
11220,5
11221,6
11222,7
11223,4
11224,4
11225,8
11226,0
11227,2
11228,7
11229,13
11230,9
11231,2
11232,11
11233,4
11234,7
11235,12
11236,6
11237,2
11238,4
11239,2
11240,11
11241,3
11242,11
11243,0
11244,9
11245,8
11246,0
11247,1
11248,4
11249,2
11250,4
11251,1
11252,1
11253,1
11254,2
11255,7
11256,3
11257,0
11258,4
11259,10
11260,12
11261,1
11262,10
11263,7
11264,9
11265,2
11266,6
11267,0
11268,10
11269,9
11270,6
11271,2
11272,13
11273,9
11274,8
11275,10
11276,5
11277,7
11278,0
11279,12
11280,8
11281,12
11282,0
11283,12
11284,12
11285,2
11286,12
11287,2
11288,7
11289,6
11290,0
11291,13
11292,2
11293,6
11294,10
11295,10
11296,7
11297,7
11298,7
11299,7
11300,2
11301,2
11302,2
11303,11
11304,9
11305,10
11306,6
11307,12
11308,0
11309,9
11310,9
11311,10
11312,10
11313,4
11314,1
11315,7
11316,0
11317,3
11318,0
11319,9
11320,3
11321,7
11322,12
11323,0
11324,2
11325,12
11326,7
11327,11
11328,5
11329,4
11330,6
11331,8
11332,5
11333,12
11334,13
11335,12
11336,10
11337,13
11338,12
11339,4
11340,12
11341,2
11342,6
11343,7
11344,5
11345,0
11346,11
11347,6
11348,4
11349,1
11350,8
11351,7
11352,13
11353,13
11354,0
11355,13
11356,0
11357,11
11358,7
11359,0
11360,10
11361,3
11362,2
11363,7
11364,7
11365,2
11366,0
11367,6
11368,12
11369,0
11370,6
11371,7
11372,6
11373,13
11374,3
11375,11
11376,8
11377,13
11378,7
11379,7
11380,13
11381,8
11382,0
11383,2
11384,1
11385,1
11386,1
11387,3
11388,11
11389,8
11390,4
11391,6
11392,1
11393,10
11394,8
11395,0
11396,6
11397,2
11398,2
11399,7
11400,7
11401,8
11402,6
11403,6
11404,7
11405,5
11406,4
11407,0
11408,4
11409,5
11410,7
11411,0
11412,6
11413,11
11414,12
11415,10
11416,6
11417,11
11418,11
11419,7
11420,8
11421,12
11422,2
11423,3
11424,11
11425,2
11426,0
11427,7
11428,2
11429,8
11430,2
11431,7
11432,2
11433,2
11434,8
11435,3
11436,7
11437,7
11438,0
11439,8
11440,11
11441,13
11442,12
11443,0
11444,10
11445,12
11446,12
11447,3
11448,11
11449,7
11450,2
11451,3
11452,4
11453,10
11454,1
11455,8
11456,8
11457,4
11458,13
11459,0
11460,13
11461,12
11462,6
11463,1
11464,13
11465,0
11466,1
11467,13
11468,11
11469,1
11470,2
11471,2
11472,2
11473,2
11474,11
11475,7
11476,11
11477,0
11478,4
11479,0
11480,11
11481,2
11482,12
11483,11
11484,13
11485,10
11486,11
11487,1
11488,7
11489,0
11490,1
11491,1
11492,0
11493,12
11494,6
11495,8
11496,4
11497,9
11498,1
11499,4
11500,11
11501,2
11502,8
11503,1
11504,11
11505,12
11506,3
11507,4
11508,11
11509,8
11510,12
11511,1
11512,11
11513,3
11514,8
11515,0
11516,11
11517,9
11518,6
11519,0
11520,10
11521,8
11522,8
11523,7
11524,11
11525,6
11526,1
11527,13
11528,6
11529,3
11530,11
11531,3
11532,0
11533,4
11534,1
11535,10
11536,0
11537,13
11538,2
11539,10
11540,7
11541,7
11542,10
11543,12
11544,6
11545,12
11546,7
11547,13
11548,0
11549,8
11550,5
11551,9
11552,11
11553,8
11554,7
11555,10
11556,9
11557,8
11558,6
11559,12
11560,11
11561,6
11562,1
11563,6
11564,7
11565,10
11566,4
11567,11
11568,12
11569,0
11570,5
11571,2
11572,8
11573,2
11574,6
11575,1
11576,8
11577,6
11578,2
11579,1
11580,2
11581,0
11582,9
11583,1
11584,1
11585,6
11586,4
11587,4
11588,1
11589,0
11590,11
11591,10
11592,7
11593,5
11594,0
11595,7
11596,10
11597,3
11598,4
11599,11
11600,6
11601,0
11602,4
11603,2
11604,6
11605,1
11606,2
11607,9
11608,11
11609,8
11610,10
11611,10
11612,13
11613,9
11614,3
11615,12
11616,6
11617,3
11618,12
11619,6
11620,6
11621,1
11622,0
11623,1
11624,11
11625,11
11626,3
11627,3
11628,2
11629,4
11630,1
11631,1
11632,6
11633,0
11634,2
11635,2
11636,0
11637,11
11638,13
11639,7
11640,10
11641,7
11642,8
11643,0
11644,7
11645,13
11646,1
11647,9
11648,4
11649,0
11650,13
11651,2
11652,2
11653,0
11654,2
11655,1
11656,12
11657,7
11658,12
11659,11
11660,10
11661,4
11662,10
11663,2
11664,0
11665,12
11666,8
11667,10
11668,2
11669,9
11670,2
11671,1
11672,10
11673,11
11674,2
11675,5
11676,10
11677,0
11678,2
11679,6
11680,6
11681,13
11682,9
11683,7
11684,11
11685,1
11686,9
11687,11
11688,6
11689,2
11690,3
11691,1
11692,12
11693,0
11694,11
11695,12
11696,12
11697,1
11698,12
11699,11
11700,8
11701,9
11702,8
11703,4
11704,12
11705,13
11706,2
11707,11
11708,7
11709,2
11710,12
11711,8
11712,6
11713,2
11714,4
11715,11
11716,2
11717,8
11718,12
11719,7
11720,4
11721,10
11722,1
11723,6
11724,11
11725,3
11726,6
11727,7
11728,11
11729,4
11730,8
11731,2
11732,6
11733,7
11734,11
11735,12
11736,10
11737,6
11738,11
11739,5
11740,8
11741,1
11742,8
11743,12
11744,11
11745,7
11746,10
11747,8
11748,10
11749,6
11750,4
11751,2
11752,6
11753,10
11754,10
11755,0
11756,4
11757,2
11758,13
11759,0
11760,13
11761,10
11762,10
11763,3
11764,8
11765,13
11766,6
11767,2
11768,13
11769,10
11770,8
11771,1
11772,2
11773,4
11774,4
11775,1
11776,1
11777,4
11778,0
11779,1
11780,13
11781,5
11782,8
11783,10
11784,7
11785,10
11786,3
11787,11
11788,11
11789,6
11790,6
11791,7
11792,1
11793,10
11794,10
11795,11
11796,7
11797,7
11798,8
11799,6
11800,8
11801,4
11802,11
11803,1
11804,2
11805,3
11806,7
11807,10
11808,8
11809,13
11810,2
11811,2
11812,10
11813,13
11814,0
11815,7
11816,10
11817,6
11818,11
11819,2
11820,11
11821,8
11822,11
11823,0
11824,0
11825,0
11826,0
11827,2
11828,11
11829,12
11830,1
11831,12
11832,6
11833,7
11834,6
11835,2
11836,12
11837,1
11838,6
11839,6
11840,13
11841,11
11842,2
11843,11
11844,10
11845,2
11846,1
11847,13
11848,2
11849,6
11850,1
11851,13
11852,2
11853,6
11854,11
11855,13
11856,0
11857,11
11858,0
11859,0
11860,6
11861,10
11862,11
11863,1
11864,11
11865,12
11866,1
11867,7
11868,10
11869,7
11870,7
11871,4
11872,10
11873,11
11874,7
11875,10
11876,8
11877,10
11878,6
11879,3
11880,11
11881,9
11882,2
11883,6
11884,8
11885,4
11886,2
11887,0
11888,3
11889,10
11890,11
11891,5
11892,11
11893,3
11894,8
11895,13
11896,1
11897,11
11898,11
11899,4
11900,3
11901,9
11902,10
11903,12
11904,3
11905,0
11906,2
11907,11
11908,7
11909,12
11910,9
11911,3
11912,13
11913,0
11914,9
11915,9
11916,2
11917,11
11918,1
11919,5
11920,9
11921,6
11922,6
11923,11
11924,7
11925,7
11926,4
11927,13
11928,0
11929,3
11930,12
11931,13
11932,8
11933,12
11934,8
11935,0
11936,6
11937,2
11938,4
11939,4
11940,3
11941,10
11942,4
11943,7
11944,12
11945,9
11946,7
11947,1
11948,6
11949,12
11950,4
11951,5
11952,0
11953,6
11954,1
11955,1
11956,4
11957,1
11958,12
11959,7
11960,2
11961,1
11962,11
11963,8
11964,7
11965,0
11966,0
11967,10
11968,3
11969,6
11970,6
11971,6
11972,1
11973,11
11974,9
11975,12
11976,11
11977,3
11978,1
11979,5
11980,2
11981,1
11982,13
11983,1
11984,8
11985,0
11986,4
11987,11
11988,1
11989,2
11990,11
11991,10
11992,13
11993,0
11994,5
11995,5
11996,13
11997,9
11998,7
11999,6
12000,1
12001,11
12002,0
12003,2
12004,12
12005,7
12006,3
12007,1
12008,2
12009,6
12010,13
12011,12
12012,9
12013,2
12014,6
12015,5
12016,1
12017,7
12018,10
12019,7
12020,0
12021,2
12022,12
12023,3
12024,8
12025,2
12026,2
12027,4
12028,10
12029,6
12030,12
12031,13
12032,4
12033,1
12034,12
12035,8
12036,1
12037,4
12038,1
12039,12
12040,4
12041,1
12042,0
12043,12
12044,13
12045,0
12046,11
12047,2
12048,9
12049,8
12050,4
12051,1
12052,0
12053,4
12054,2
12055,10
12056,7
12057,2
12058,6
12059,11
12060,13
12061,12
12062,10
12063,4
12064,1
12065,1
12066,10
12067,0
12068,4
12069,13
12070,3
12071,0
12072,6
12073,8
12074,11
12075,3
12076,3
12077,11
12078,8
12079,8
12080,13
12081,1
12082,4
12083,1
12084,12
12085,4
12086,10
12087,12
12088,3
12089,4
12090,12
12091,4
12092,6
12093,3
12094,12
12095,10
12096,8
12097,10
12098,2
12099,5
12100,5
12101,9
12102,2
12103,2
12104,13
12105,0
12106,0
12107,3
12108,6
12109,1
12110,11
12111,10
12112,7
12113,6
12114,0
12115,4
12116,13
12117,11
12118,6
12119,2
12120,3
12121,2
12122,0
12123,6
12124,6
12125,0
12126,4
12127,1
12128,0
12129,11
12130,1
12131,8
12132,11
12133,1
12134,1
12135,3
12136,6
12137,10
12138,10
12139,0
12140,7
12141,4
12142,0
12143,6
12144,6
12145,11
12146,7
12147,9
12148,10
12149,8
12150,8
12151,12
12152,5
12153,7
12154,6
12155,10
12156,1
12157,3
12158,4
12159,9
12160,11
12161,3
12162,1
12163,3
12164,3
12165,12
12166,3
12167,11
12168,4
12169,0
12170,9
12171,11
12172,8
12173,8
12174,3
12175,8
12176,11
12177,0
12178,10
12179,7
12180,11
12181,11
12182,12
12183,0
12184,9
12185,8
12186,0
12187,2
12188,7
12189,3
12190,6
12191,4
12192,4
12193,12
12194,2
12195,12
12196,7
12197,2
12198,11
12199,11
12200,12
12201,4
12202,11
12203,8
12204,3
12205,2
12206,0
12207,13
12208,9
12209,11
12210,10
12211,12
12212,2
12213,0
12214,13
12215,11
12216,4
12217,2
12218,8
12219,2
12220,7
12221,10
12222,12
12223,1
12224,3
12225,1
12226,2
12227,4
12228,0
12229,8
12230,12
12231,12
12232,1
12233,13
12234,3
12235,7
12236,7
12237,2
12238,11
12239,8
12240,13
12241,10
12242,2
12243,8
12244,5
12245,7
12246,6
12247,6
12248,6
12249,1
12250,4
12251,2
12252,11
12253,12
12254,1
12255,0
12256,9
12257,2
12258,0
12259,12
12260,8
12261,1
12262,0
12263,1
12264,1
12265,3
12266,3
12267,11
12268,2
12269,9
12270,11
12271,4
12272,5
12273,4
12274,9
12275,2
12276,1
12277,2
12278,11
12279,2
12280,1
12281,3
12282,1
12283,5
12284,6
12285,0
12286,6
12287,1
12288,8
12289,9
12290,1
12291,4
12292,1
12293,13
12294,8
12295,2
12296,3
12297,6
12298,0
12299,6
12300,3
12301,12
12302,10
12303,13
12304,12
12305,11
12306,2
12307,2
12308,2
12309,12
12310,4
12311,2
12312,9
12313,0
12314,1
12315,13
12316,3
12317,2
12318,2
12319,3
12320,11
12321,1
12322,7
12323,10
12324,6
12325,8
12326,2
12327,4
12328,8
12329,0
12330,12
12331,8
12332,1
12333,8
12334,10
12335,11
12336,1
12337,2
12338,4
12339,11
12340,7
12341,3
12342,12
12343,3
12344,13
12345,12
12346,13
12347,6
12348,0
12349,7
12350,0
12351,12
12352,6
12353,10
12354,11
12355,10
12356,2
12357,11
12358,4
12359,8
12360,0
12361,2
12362,7
12363,13
12364,7
12365,6
12366,10
12367,2
12368,9
12369,0
12370,3
12371,10
12372,11
12373,0
12374,1
12375,2
12376,1
12377,4
12378,4
12379,13
12380,3
12381,9
12382,1
12383,10
12384,8
12385,9
12386,7
12387,6
12388,6
12389,9
12390,11
12391,6
12392,2
12393,0
12394,11
12395,0
12396,2
12397,4
12398,13
12399,6
12400,12
12401,11
12402,4
12403,8
12404,8
12405,1
12406,9
12407,4
12408,11
12409,13
12410,9
12411,6
12412,0
12413,1
12414,12
12415,8
12416,2
12417,5
12418,8
12419,6
12420,11
12421,4
12422,6
12423,12
12424,1
12425,9
12426,13
12427,6
12428,12
12429,2
12430,0
12431,11
12432,7
12433,1
12434,0
12435,13
12436,11
12437,0
12438,11
12439,2
12440,12
12441,12
12442,11
12443,8
12444,8
12445,6
12446,7
12447,6
12448,2
12449,13
12450,8
12451,10
12452,6
12453,5
12454,5
12455,1
12456,6
12457,0
12458,4
12459,10
12460,6
12461,7
12462,0
12463,8
12464,8
12465,3
12466,4
12467,6
12468,1
12469,13
12470,2
12471,8
12472,3
12473,10
12474,12
12475,4
12476,6
12477,1
12478,1
12479,0
12480,4
12481,9
12482,0
12483,13
12484,2
12485,7
12486,0
12487,0
12488,0
12489,7
12490,1
12491,5
12492,2
12493,13
12494,13
12495,6
12496,10
12497,7
12498,0
12499,2
12500,2
12501,4
12502,10
12503,4
12504,7
12505,9
12506,7
12507,0
12508,3
12509,11
12510,12
12511,3
12512,3
12513,11
12514,1
12515,1
12516,11
12517,4
12518,8
12519,1
12520,3
12521,6
12522,0
12523,12
12524,0
12525,3
12526,6
12527,2
12528,13
12529,7
12530,8
12531,10
12532,5
12533,8
12534,12
12535,8
12536,1
12537,2
12538,12
12539,2
12540,13
12541,11
12542,6
12543,0
12544,11
12545,11
12546,10
12547,2
12548,7
12549,10
12550,4
12551,4
12552,8
12553,1
12554,11
12555,1
12556,0
12557,2
12558,11
12559,0
12560,2
12561,6
12562,0
12563,8
12564,2
12565,12
12566,3
12567,7
12568,13
12569,6
12570,1
12571,13
12572,1
12573,9
12574,1
12575,2
12576,6
12577,4
12578,3
12579,0
12580,12
12581,7
12582,10
12583,9
12584,7
12585,12
12586,13
12587,13
12588,9
12589,8
12590,4
12591,6
12592,2
12593,1
12594,5
12595,2
12596,11
12597,2
12598,7
12599,8
12600,2
12601,2
12602,7
12603,2
12604,5
12605,12
12606,4
12607,8
12608,11
12609,1
12610,11
12611,13
12612,0
12613,9
12614,3
12615,9
12616,11
12617,7
12618,13
12619,0
12620,10
12621,12
12622,0
12623,2
12624,13
12625,4
12626,11
12627,10
12628,1
12629,1
12630,2
12631,1
12632,4
12633,7
12634,0
12635,3
12636,11
12637,12
12638,0
12639,13
12640,4
12641,9
12642,7
12643,10
12644,2
12645,13
12646,4
12647,12
12648,0
12649,9
12650,3
12651,7
12652,8
12653,10
12654,13
12655,0
12656,11
12657,6
12658,0
12659,9
12660,10
12661,11
12662,0
12663,11
12664,11
12665,11
12666,0
12667,13
12668,6
12669,4
12670,12
12671,6
12672,6
12673,12
12674,1
12675,10
12676,2
12677,0
12678,4
12679,2
12680,12
12681,13
12682,2
12683,12
12684,6
12685,7
12686,6
12687,11
12688,11
12689,7
12690,8
12691,9
12692,0
12693,4
12694,11
12695,10
12696,6
12697,1
12698,12
12699,6
12700,6
12701,2
12702,1
12703,11
12704,12
12705,9
12706,6
12707,11
12708,8
12709,4
12710,13
12711,9
12712,1
12713,8
12714,2
12715,1
12716,10
12717,1
12718,7
12719,8
12720,1
12721,3
12722,1
12723,8
12724,1
12725,6
12726,6
12727,11
12728,10
12729,3
12730,10
12731,4
12732,0
12733,5
12734,12
12735,1
12736,13
12737,8
12738,9
12739,8
12740,8
12741,4
12742,10
12743,11
12744,6
12745,0
12746,8
12747,2
12748,9
12749,1
12750,0
12751,12
12752,3
12753,8
12754,9
12755,10
12756,4
12757,13
12758,2
12759,0
12760,0
12761,1
12762,7
12763,2
12764,10
12765,0
12766,9
12767,0
12768,11
12769,4
12770,6
12771,9
12772,1
12773,6
12774,5
12775,1
12776,8
12777,9
12778,5
12779,12
12780,8
12781,4
12782,2
12783,6
12784,0
12785,8
12786,4
12787,2
12788,0
12789,11
12790,13
12791,1
12792,13
12793,1
12794,4
12795,6
12796,13
12797,11
12798,0
12799,2
12800,8
12801,8
12802,1
12803,6
12804,0
12805,1
12806,2
12807,11
12808,5
12809,8
12810,11
12811,0
12812,10
12813,0
12814,2
12815,0
12816,0
12817,9
12818,10
12819,2
12820,0
12821,4
12822,10
12823,12
12824,0
12825,0
12826,1
12827,11
12828,13
12829,11
12830,2
12831,7
12832,6
12833,6
12834,12
12835,2
12836,6
12837,0
12838,3
12839,2
12840,6
12841,3
12842,1
12843,8
12844,1
12845,4
12846,1
12847,1
12848,1
12849,3
12850,9
12851,4
12852,12
12853,7
12854,12
12855,9
12856,2
12857,6
12858,12
12859,1
12860,1
12861,0
12862,6
12863,12
12864,8
12865,2
12866,0
12867,2
12868,11
12869,7
12870,5
12871,10
12872,4
12873,6
12874,6
12875,9
12876,2
12877,9
12878,1
12879,9
12880,9
12881,4
12882,6
12883,12
12884,7
12885,2
12886,7
12887,7
12888,10
12889,6
12890,1
12891,10
12892,0
12893,4
12894,2
12895,11
12896,0
12897,7
12898,7
12899,6
12900,2
12901,1
12902,6
12903,8
12904,2
12905,1
12906,0
12907,2
12908,7
12909,7
12910,9
12911,1
12912,8
12913,8
12914,2
12915,1
12916,12
12917,1
12918,1
12919,8
12920,12
12921,13
12922,10
12923,9
12924,11
12925,10
12926,9
12927,2
12928,0
12929,0
12930,12
12931,11
12932,11
12933,0
12934,11
12935,6
12936,0
12937,6
12938,0
12939,0
12940,9
12941,6
12942,10
12943,4
12944,2
12945,6
12946,1
12947,10
12948,0
12949,5
12950,6
12951,0
12952,6
12953,6
12954,8
12955,1
12956,2
12957,2
12958,11
12959,11
12960,0
12961,6
12962,0
12963,2
12964,11
12965,11
12966,8
12967,4
12968,4
12969,3
12970,8
12971,4
12972,7
12973,13
12974,11
12975,3
12976,11
12977,1
12978,2
12979,7
12980,2
12981,6
12982,1
12983,1
12984,12
12985,3
12986,2
12987,2
12988,1
12989,1
12990,8
12991,10
12992,1
12993,0
12994,12
12995,11
12996,7
12997,3
12998,7
12999,11
13000,13
13001,12
13002,6
13003,13
13004,12
13005,9
13006,0
13007,6
13008,2
13009,0
13010,1
13011,9
13012,0
13013,3
13014,8
13015,10
13016,3
13017,11
13018,6
13019,6
13020,1
13021,13
13022,7
13023,13
13024,0
13025,3
13026,2
13027,8
13028,6
13029,2
13030,7
13031,1
13032,1
13033,5
13034,11
13035,12
13036,2
13037,7
13038,9
13039,9
13040,11
13041,2
13042,11
13043,2
13044,7
13045,4
13046,2
13047,1
13048,0
13049,11
13050,3
13051,7
13052,8
13053,11
13054,0
13055,0
13056,6
13057,0
13058,12
13059,3
13060,2
13061,6
13062,2
13063,11
13064,3
13065,1
13066,9
13067,4
13068,11
13069,1
13070,1
13071,1
13072,11
13073,11
13074,1
13075,1
13076,1
13077,4
13078,0
13079,6
13080,7
13081,13
13082,9
13083,3
13084,6
13085,1
13086,8
13087,8
13088,11
13089,9
13090,13
13091,2
13092,1
13093,11
13094,6
13095,12
13096,2
13097,8
13098,11
13099,4
13100,1
13101,1
13102,1
13103,4
13104,7
13105,8
13106,12
13107,11
13108,3
13109,2
13110,10
13111,8
13112,10
13113,1
13114,7
13115,11
13116,4
13117,7
13118,2
13119,2
13120,11
13121,13
13122,3
13123,13
13124,11
13125,6
13126,0
13127,4
13128,1
13129,4
13130,13
13131,8
13132,6
13133,7
13134,3
13135,10
13136,2
13137,6
13138,6
13139,0
13140,9
13141,10
13142,13
13143,11
13144,3
13145,2
13146,13
13147,10
13148,10
13149,8
13150,11
13151,10
13152,8
13153,12
13154,11
13155,2
13156,4
13157,5
13158,9
13159,2
13160,10
13161,11
13162,7
13163,8
13164,11
13165,9
13166,11
13167,6
13168,11
13169,11
13170,11
13171,0
13172,9
13173,9
13174,1
13175,1
13176,3
13177,2
13178,13
13179,3
13180,0
13181,6
13182,6
13183,0
13184,13
13185,2
13186,12
13187,11
13188,9
13189,4
13190,0
13191,6
13192,12
13193,6
13194,8
13195,4
13196,4
13197,1
13198,11
13199,2
13200,2
13201,11
13202,7
13203,12
13204,4
13205,6
13206,7
13207,2
13208,2
13209,8
13210,0
13211,1
13212,2
13213,10
13214,6
13215,1
13216,13
13217,3
13218,1
13219,9
13220,0
13221,0
13222,9
13223,8
13224,3
13225,8
13226,10
13227,12
13228,13
13229,9
13230,8
13231,7
13232,1
13233,11
13234,12
13235,4
13236,2
13237,4
13238,11
13239,0
13240,11
13241,13
13242,11
13243,0
13244,1
13245,2
13246,4
13247,6
13248,12
13249,5
13250,3
13251,4
13252,8
13253,6
13254,2
13255,11
13256,7
13257,13
13258,6
13259,1
13260,3
13261,1
13262,10
13263,2
13264,7
13265,11
13266,9
13267,3
13268,12
13269,1
13270,2
13271,1
13272,12
13273,8
13274,2
13275,5
13276,7
13277,7
13278,12
13279,7
13280,2
13281,10
13282,12
13283,0
13284,5
13285,2
13286,10
13287,4
13288,11
13289,13
13290,7
13291,1
13292,0
13293,0
13294,9
13295,6
13296,0
13297,9
13298,13
13299,4
13300,11
13301,11
13302,8
13303,3
13304,11
13305,0
13306,13
13307,0
13308,8
13309,4
13310,12
13311,8
13312,11
13313,8
13314,8
13315,3
13316,9
13317,8
13318,12
13319,9
13320,8
13321,0
13322,1
13323,0
13324,0
13325,13
13326,10
13327,9
13328,11
13329,1
13330,8
13331,0
13332,6
13333,13
13334,1
13335,0
13336,0
13337,5
13338,9
13339,6
13340,6
13341,0
13342,7
13343,6
13344,2
13345,4
13346,8
13347,1
13348,2
13349,12
13350,6
13351,10
13352,13
13353,3
13354,2
13355,4
13356,1
13357,3
13358,11
13359,6
13360,13
13361,3
13362,11
13363,1
13364,7
13365,8
13366,9
13367,4
13368,11
13369,11
13370,1
13371,9
13372,1
13373,3
13374,1
13375,12
13376,10
13377,13
13378,11
13379,11
13380,3
13381,11
13382,8
13383,12
13384,11
13385,11
13386,11
13387,8
13388,6
13389,11
13390,3
13391,8
13392,2
13393,1
13394,8
13395,7
13396,0
13397,3
13398,11
13399,6
13400,5
13401,6
13402,1
13403,1
13404,7
13405,7
13406,0
13407,1
13408,7
13409,12
13410,3
13411,2
13412,12
13413,8
13414,2
13415,5
13416,7
13417,3
13418,11
13419,12
13420,4
13421,3
13422,10
13423,7
13424,1
13425,3
13426,10
13427,10
13428,8
13429,7
13430,11
13431,3
13432,8
13433,1
13434,4
13435,11
13436,8
13437,6
13438,11
13439,9
13440,0
13441,4
13442,4
13443,2
13444,8
13445,12
13446,6
13447,8
13448,8
13449,3
13450,0
13451,1
13452,3
13453,2
13454,1
13455,4
13456,5
13457,11
13458,7
13459,11
13460,8
13461,1
13462,7
13463,2
13464,3
13465,3
13466,11
13467,9
13468,2
13469,13
13470,2
13471,11
13472,2
13473,1
13474,6
13475,1
13476,7
13477,12
13478,8
13479,1
13480,4
13481,9
13482,10
13483,4
13484,4
13485,8
13486,0
13487,9
13488,4
13489,12
13490,10
13491,8
13492,6
13493,4
13494,3
13495,11
13496,4
13497,0
13498,5
13499,9
13500,11
13501,8
13502,8
13503,4
13504,9
13505,8
13506,2
13507,12
13508,2
13509,4
13510,1
13511,3
13512,3
13513,10
13514,10
13515,13
13516,11
13517,4
13518,7
13519,0
13520,10
13521,0
13522,11
13523,5
13524,7
13525,4
13526,8
13527,3
13528,2
13529,11
13530,13
13531,11
13532,9
13533,13
13534,4
13535,11
13536,2
13537,8
13538,1
13539,11
13540,11
13541,9
13542,2
13543,1
13544,2
13545,0
13546,1
13547,11
13548,4
13549,10
13550,9
13551,12
13552,11
13553,2
13554,7
13555,6
13556,5
13557,6
13558,12
13559,12
13560,1
13561,9
13562,8
13563,3
13564,1
13565,7
13566,12
13567,8
13568,3
13569,9
13570,3
13571,2
13572,0
13573,2
13574,1
13575,7
13576,0
13577,4
13578,10
13579,1
13580,13
13581,2
13582,4
13583,5
13584,12
13585,6
13586,4
13587,7
13588,2
13589,7
13590,1
13591,11
13592,11
13593,3
13594,3
13595,6
13596,6
13597,4
13598,10
13599,6
13600,11
13601,4
13602,1
13603,1
13604,7
13605,11
13606,6
13607,6
13608,10
13609,12
13610,11
13611,10
13612,1
13613,8
13614,2
13615,1
13616,11
13617,7
13618,0
13619,1
13620,3
13621,2
13622,9
13623,3
13624,8
13625,10
13626,8
13627,3
13628,0
13629,10
13630,8
13631,2
13632,0
13633,13
13634,7
13635,0
13636,12
13637,2
13638,11
13639,2
13640,13
13641,1
13642,2
13643,4
13644,10
13645,11
13646,11
13647,10
13648,11
13649,4
13650,11
13651,0
13652,3
13653,8
13654,1
13655,4
13656,5
13657,1
13658,9
13659,4
13660,4
13661,0
13662,2
13663,0
13664,13
13665,10
13666,3
13667,7
13668,12
13669,7
13670,11
13671,9
13672,6
13673,2
13674,1
13675,1
13676,11
13677,13
13678,10
13679,12
13680,4
13681,11
13682,10
13683,4
13684,8
13685,3
13686,7
13687,13
13688,10
13689,4
13690,10
13691,1
13692,5
13693,8
13694,10
13695,13
13696,0
13697,12
13698,13
13699,6
13700,13
13701,0
13702,10
13703,11
13704,11
13705,8
13706,4
13707,4
13708,3
13709,11
13710,9
13711,8
13712,1
13713,11
13714,12
13715,12
13716,1
13717,0
13718,1
13719,0
13720,8
13721,0
13722,13
13723,1
13724,6
13725,10
13726,1
13727,11
13728,11
13729,12
13730,4
13731,12
13732,9
13733,6
13734,11
13735,10
13736,6
13737,6
13738,4
13739,1
13740,1
13741,8
13742,6
13743,2
13744,2
13745,8
13746,8
13747,7
13748,13
13749,3
13750,13
13751,12
13752,11
13753,2
13754,10
13755,2
13756,3
13757,2
13758,2
13759,11
13760,9
13761,4
13762,2
13763,9
13764,13
13765,8
13766,9
13767,2
13768,0
13769,1
13770,0
13771,2
13772,4
13773,6
13774,3
13775,0
13776,7
13777,1
13778,7
13779,1
13780,1
13781,12
13782,4
13783,10
13784,0
13785,2
13786,2
13787,7
13788,4
13789,9
13790,0
13791,4
13792,13
13793,6
13794,3
13795,11
13796,8
13797,2
13798,8
13799,0
13800,3
13801,8
13802,4
13803,8
13804,8
13805,1
13806,5
13807,4
13808,3
13809,7
13810,9
13811,11
13812,6
13813,11
13814,2
13815,13
13816,6
13817,3
13818,9
13819,2
13820,1
13821,1
13822,11
13823,10
13824,11
13825,3
13826,11
13827,1
13828,0
13829,13
13830,0
13831,4
13832,11
13833,8
13834,2
13835,2
13836,1
13837,6
13838,4
13839,13
13840,11
13841,1
13842,13
13843,7
13844,1
13845,1
13846,11
13847,2
13848,1
13849,11
13850,10
13851,2
13852,8
13853,1
13854,7
13855,11
13856,1
13857,1
13858,4
13859,4
13860,6
13861,3
13862,13
13863,9
13864,0
13865,10
13866,7
13867,2
13868,3
13869,11
13870,13
13871,3
13872,2
13873,11
13874,13
13875,0
13876,12
13877,2
13878,10
13879,11
13880,2
13881,0
13882,11
13883,5
13884,0
13885,1
13886,7
13887,10
13888,4
13889,2
13890,0
13891,9
13892,8
13893,1
13894,0
13895,0
13896,3
13897,4
13898,3
13899,9
13900,7
13901,2
13902,9
13903,6
13904,10
13905,11
13906,13
13907,10
13908,11
13909,2
13910,6
13911,3
13912,11
13913,12
13914,12
13915,11
13916,11
13917,11
13918,4
13919,1
13920,7
13921,8
13922,10
13923,7
13924,6
13925,7
13926,2
13927,0
13928,2
13929,3
13930,9
13931,2
13932,2
13933,8
13934,3
13935,0
13936,10
13937,8
13938,1
13939,7
13940,6
13941,11
13942,11
13943,2
13944,4
13945,12
13946,3
13947,8
13948,7
13949,13
13950,0
13951,13
13952,9
13953,11
13954,6
13955,7
13956,11
13957,8
13958,3
13959,7
13960,12
13961,6
13962,0
13963,11
13964,5
13965,1
13966,3
13967,10
13968,8
13969,1
13970,9
13971,3
13972,9
13973,4
13974,4
13975,12
13976,9
13977,4
13978,2
13979,10
13980,6
13981,13
13982,0
13983,12
13984,3
13985,12
13986,0
13987,7
13988,2
13989,11
13990,6
13991,5
13992,6
13993,12
13994,13
13995,9
13996,9
13997,4
13998,2
13999,11
14000,6
14001,10
14002,13
14003,9
14004,0
14005,10
14006,10
14007,0
14008,3
14009,1
14010,0
14011,8
14012,11
14013,8
14014,3
14015,0
14016,13
14017,10
14018,11
14019,12
14020,10
14021,4
14022,0
14023,11
14024,2
14025,9
14026,2
14027,0
14028,11
14029,3
14030,4
14031,7
14032,2
14033,13
14034,4
14035,8
14036,9
14037,3
14038,4
14039,10
14040,6
14041,7
14042,11
14043,12
14044,0
14045,8
14046,5
14047,2
14048,10
14049,1
14050,2
14051,2
14052,7
14053,10
14054,11
14055,9
14056,13
14057,8
14058,11
14059,4
14060,3
14061,2
14062,6
14063,7
14064,8
14065,0
14066,10
14067,4
14068,11
14069,9
14070,2
14071,2
14072,1
14073,7
14074,1
14075,13
14076,6
14077,11
14078,2
14079,7
14080,3
14081,2
14082,0
14083,10
14084,0
14085,1
14086,12
14087,13
14088,10
14089,11
14090,0
14091,10
14092,8
14093,2
14094,11
14095,3
14096,11
14097,11
14098,7
14099,3
14100,9
14101,12
14102,11
14103,13
14104,10
14105,0
14106,11
14107,8
14108,9
14109,8
14110,3
14111,0
14112,6
14113,1
14114,0
14115,2
14116,0
14117,4
14118,11
14119,4
14120,1
14121,10
14122,2
14123,12
14124,8
14125,11
14126,7
14127,6
14128,3
14129,10
14130,8
14131,10
14132,3
14133,10
14134,7
14135,8
14136,0
14137,1
14138,10
14139,2
14140,8
14141,11
14142,9
14143,2
14144,13
14145,10
14146,5
14147,6
14148,4
14149,2
14150,4
14151,12
14152,9
14153,7
14154,11
14155,0
14156,11
14157,11
14158,7
14159,10
14160,8
14161,7
14162,7
14163,11
14164,3
14165,7
14166,10
14167,8
14168,9
14169,1
14170,1
14171,1
14172,1
14173,11
14174,6
14175,11
14176,6
14177,10
14178,3
14179,1
14180,8
14181,1
14182,2
14183,4
14184,2
14185,9
14186,11
14187,0
14188,3
14189,6
14190,4
14191,12
14192,8
14193,5
14194,0
14195,1
14196,8
14197,8
14198,8
14199,3
14200,0
14201,8
14202,6
14203,8
14204,5
14205,0
14206,2
14207,8
14208,1
14209,1
14210,9
14211,7
14212,1
14213,4
14214,0
14215,2
14216,1
14217,2
14218,6
14219,2
14220,3
14221,10
14222,7
14223,9
14224,3
14225,11
14226,13
14227,11
14228,10
14229,8
14230,11
14231,11
14232,4
14233,2
14234,10
14235,0
14236,8
14237,3
14238,7
14239,4
14240,7
14241,3
14242,5
14243,2
14244,0
14245,4
14246,0
14247,1
14248,8
14249,8
14250,1
14251,10
14252,4
14253,10
14254,8
14255,3
14256,1
14257,4
14258,3
14259,4
14260,11
14261,1
14262,1
14263,1
14264,2
14265,1
14266,4
14267,2
14268,13
14269,6
14270,10
14271,8
14272,0
14273,10
14274,9
14275,0
14276,3
14277,11
14278,10
14279,8
14280,0
14281,2
14282,10
14283,9
14284,6
14285,1
14286,1
14287,2
14288,3
14289,1
14290,9
14291,10
14292,1
14293,13
14294,1
14295,1
14296,6
14297,10
14298,3
14299,7
14300,8
14301,7
14302,1
14303,11
14304,11
14305,2
14306,8
14307,7
14308,10
14309,2
14310,3
14311,8
14312,4
14313,10
14314,3
14315,1
14316,6
14317,4
14318,2
14319,7
14320,9
14321,11
14322,2
14323,8
14324,6
14325,7
14326,11
14327,2
14328,10
14329,6
14330,7
14331,6
14332,8
14333,3
14334,0
14335,10
14336,4
14337,11
14338,9
14339,3
14340,0
14341,2
14342,3
14343,11
14344,1
14345,2
14346,13
14347,7
14348,11
14349,11
14350,7
14351,8
14352,2
14353,1
14354,13
14355,8
14356,1
14357,3
14358,2
14359,4
14360,11
14361,11
14362,3
14363,7
14364,1
14365,0
14366,1
14367,1
14368,13
14369,11
14370,2
14371,2
14372,13
14373,11
14374,11
14375,1
14376,12
14377,0
14378,2
14379,7
14380,5
14381,12
14382,2
14383,0
14384,2
14385,0
14386,2
14387,7
14388,9
14389,7
14390,0
14391,3
14392,2
14393,12
14394,4
14395,7
14396,12
14397,9
14398,4
14399,4
14400,11
14401,6
14402,2
14403,1
14404,1
14405,12
14406,0
14407,7
14408,6
14409,11
14410,0
14411,11
14412,13
14413,12
14414,3
14415,11
14416,6
14417,2
14418,3
14419,2
14420,6
14421,12
14422,8
14423,10
14424,0
14425,11
14426,5
14427,7
14428,10
14429,2
14430,2
14431,2
14432,1
14433,10
14434,13
14435,12
14436,2
14437,11
14438,0
14439,6
14440,7
14441,1
14442,12
14443,4
14444,11
14445,11
14446,7
14447,8
14448,4
14449,10
14450,1
14451,12
14452,12
14453,11
14454,1
14455,6
14456,1
14457,2
14458,7
14459,6
14460,2
14461,8
14462,2
14463,0
14464,7
14465,6
14466,10
14467,11
14468,0
14469,11
14470,13
14471,2
14472,5
14473,10
14474,8
14475,10
14476,7
14477,7
14478,11
14479,6
14480,4
14481,11
14482,7
14483,7
14484,3
14485,9
14486,7
14487,2
14488,10
14489,11
14490,1
14491,0
14492,1
14493,0
14494,4
14495,7
14496,10
14497,0
14498,3
14499,2
14500,10
14501,2
14502,8
14503,13
14504,7
14505,7
14506,2
14507,0
14508,0
14509,11
14510,2
14511,11
14512,2
14513,1
14514,10
14515,11
14516,4
14517,6
14518,8
14519,1
14520,7
14521,11
14522,2
14523,9
14524,11
14525,12
14526,3
14527,2
14528,1
14529,4
14530,13
14531,2
14532,2
14533,13
14534,8
14535,7
14536,9
14537,11
14538,11
14539,4
14540,10
14541,7
14542,6
14543,4
14544,3
14545,2
14546,4
14547,11
14548,0
14549,1
14550,7
14551,0
14552,9
14553,2
14554,11
14555,9
14556,4
14557,11
14558,8
14559,2
14560,8
14561,8
14562,12
14563,12
14564,13
14565,3
14566,1
14567,12
14568,6
14569,2
14570,11
14571,0
14572,3
14573,0
14574,8
14575,6
14576,2
14577,1
14578,1
14579,12
14580,9
14581,11
14582,8
14583,1
14584,6
14585,1
14586,7
14587,11
14588,0
14589,9
14590,6
14591,6
14592,1
14593,4
14594,7
14595,6
14596,0
14597,13
14598,6
14599,11
14600,1
14601,3
14602,2
14603,1
14604,1
14605,6
14606,8
14607,3
14608,10
14609,0
14610,4
14611,11
14612,1
14613,0
14614,10
14615,0
14616,11
14617,0
14618,10
14619,10
14620,0
14621,12
14622,8
14623,8
14624,11
14625,6
14626,6
14627,5
14628,2
14629,0
14630,11
14631,9
14632,4
14633,1
14634,13
14635,9
14636,11
14637,11
14638,3
14639,6
14640,4
14641,11
14642,2
14643,11
14644,11
14645,8
14646,1
14647,10
14648,1
14649,2
14650,1
14651,11
14652,1
14653,12
14654,10
14655,8
14656,10
14657,7
14658,13
14659,0
14660,1
14661,4
14662,13
14663,2
14664,10
14665,2
14666,3
14667,11
14668,4
14669,11
14670,1
14671,6
14672,2
14673,8
14674,12
14675,2
14676,8
14677,9
14678,10
14679,11
14680,1
14681,12
14682,2
14683,7
14684,1
14685,0
14686,2
14687,9
14688,11
14689,11
14690,0
14691,11
14692,2
14693,11
14694,1
14695,7
14696,1
14697,6
14698,9
14699,0
14700,4
14701,11
14702,2
14703,9
14704,11
14705,4
14706,12
14707,12
14708,9
14709,9
14710,0
14711,0
14712,1
14713,8
14714,0
14715,2
14716,6
14717,11
14718,3
14719,11
14720,1
14721,4
14722,1
14723,2
14724,12
14725,0
14726,9
14727,3
14728,0
14729,8
14730,0
14731,13
14732,3
14733,13
14734,0
14735,3
14736,13
14737,7
14738,0
14739,0
14740,10
14741,8
14742,11
14743,11
14744,7
14745,2
14746,2
14747,11
14748,13
14749,11
14750,5
14751,12
14752,6
14753,2
14754,12
14755,9
14756,6
14757,8
14758,12
14759,6
14760,1
14761,0
14762,0
14763,10
14764,0
14765,1
14766,2
14767,7
14768,2
14769,2
14770,8
14771,2
14772,12
14773,12
14774,11
14775,3
14776,12
14777,1
14778,10
14779,12
14780,3
14781,7
14782,7
14783,10
14784,6
14785,6
14786,3
14787,8
14788,3
14789,1
14790,2
14791,6
14792,3
14793,3
14794,6
14795,12
14796,12
14797,4
14798,9
14799,11
14800,10
14801,2
14802,1
14803,5
14804,6
14805,8
14806,0
14807,10
14808,0
14809,1
14810,7
14811,0
14812,7
14813,5
14814,4
14815,7
14816,11
14817,11
14818,8
14819,12
14820,0
14821,0
14822,7
14823,13
14824,11
14825,13
14826,0
14827,4
14828,4
14829,3
14830,1
14831,7
14832,13
14833,11
14834,9
14835,5
14836,10
14837,11
14838,4
14839,4
14840,11
14841,0
14842,8
14843,10
14844,13
14845,9
14846,10
14847,9
14848,12
14849,2
14850,0
14851,8
14852,2
14853,2
14854,13
14855,0
14856,7
14857,4
14858,11
14859,0
14860,2
14861,2
14862,1
14863,1
14864,1
14865,6
14866,12
14867,12
14868,0
14869,0
14870,12
14871,4
14872,10
14873,2
14874,1
14875,2
14876,0
14877,1
14878,2
14879,10
14880,13
14881,2
14882,2
14883,10
14884,1
14885,6
14886,4
14887,12
14888,10
14889,1
14890,2
14891,3
14892,4
14893,12
14894,6
14895,8
14896,6
14897,0
14898,6
14899,1
14900,0
14901,0
14902,7
14903,11
14904,11
14905,13
14906,8
14907,11
14908,12
14909,0
14910,10
14911,2
14912,5
14913,4
14914,11
14915,3
14916,0
14917,3
14918,2
14919,2
14920,3
14921,1
14922,2
14923,4
14924,1
14925,13
14926,2
14927,12
14928,6
14929,1
14930,4
14931,6
14932,6
14933,10
14934,11
14935,11
14936,13
14937,6
14938,2
14939,7
14940,1
14941,10
14942,9
14943,11
14944,11
14945,1
14946,1
14947,1
14948,2
14949,12
14950,9
14951,4
14952,0
14953,12
14954,9
14955,11
14956,11
14957,6
14958,10
14959,10
14960,10
14961,6
14962,7
14963,9
14964,4
14965,13
14966,7
14967,11
14968,4
14969,3
14970,13
14971,0
14972,4
14973,7
14974,11
14975,12
14976,6
14977,2
14978,13
14979,7
14980,8
14981,2
14982,7
14983,1
14984,8
14985,13
14986,9
14987,5
14988,6
14989,7
14990,0
14991,2
14992,8
14993,7
14994,0
14995,1
14996,3
14997,1
14998,11
14999,4
15000,12
15001,7
15002,7
15003,13
15004,7
15005,11
15006,9
15007,2
15008,1
15009,2
15010,8
15011,10
15012,3
15013,3
15014,6
15015,0
15016,8
15017,0
15018,7
15019,7
15020,3
15021,7
15022,7
15023,10
15024,7
15025,2
15026,11
15027,7
15028,6
15029,0
15030,0
15031,1
15032,10
15033,1
15034,4
15035,2
15036,12
15037,2
15038,8
15039,8
15040,8
15041,11
15042,9
15043,10
15044,4
15045,10
15046,9
15047,0
15048,11
15049,6
15050,4
15051,0
15052,1
15053,11
15054,12
15055,1
15056,9
15057,4
15058,13
15059,9
15060,11
15061,1
15062,0
15063,11
15064,3
15065,7
15066,1
15067,0
15068,11
15069,13
15070,2
15071,1
15072,11
15073,11
15074,12
15075,0
15076,12
15077,2
15078,2
15079,4
15080,8
15081,2
15082,1
15083,8
15084,10
15085,6
15086,11
15087,11
15088,9
15089,0
15090,0
15091,11
15092,1
15093,6
15094,12
15095,2
15096,5
15097,11
15098,1
15099,1
15100,13
15101,12
15102,11
15103,13
15104,0
15105,11
15106,11
15107,10
15108,6
15109,0
15110,1
15111,1
15112,3
15113,2
15114,12
15115,8
15116,2
15117,11
15118,7
15119,11
15120,11
15121,0
15122,0
15123,1
15124,1
15125,11
15126,10
15127,1
15128,8
15129,1
15130,11
15131,1
15132,7
15133,3
15134,1
15135,11
15136,7
15137,4
15138,10
15139,3
15140,5
15141,7
15142,6
15143,10
15144,2
15145,6
15146,7
15147,8
15148,2
15149,12
15150,3
15151,11
15152,2
15153,2
15154,11
15155,11
15156,2
15157,10
15158,7
15159,2
15160,3
15161,1
15162,1
15163,2
15164,10
15165,6
15166,6
15167,1
15168,10
15169,4
15170,3
15171,4
15172,8
15173,12
15174,11
15175,4
15176,4
15177,11
15178,11
15179,0
15180,0
15181,10
15182,1
15183,3
15184,9
15185,1
15186,6
15187,9
15188,6
15189,0
15190,8
15191,9
15192,4
15193,7
15194,0
15195,4
15196,4
15197,2
15198,6
15199,1
15200,0
15201,10
15202,13
15203,2
15204,1
15205,10
15206,6
15207,11
15208,1
15209,0
15210,4
15211,10
15212,11
15213,2
15214,0
15215,12
15216,9
15217,10
15218,10
15219,10
15220,1
15221,12
15222,11
15223,11
15224,0
15225,0
15226,2
15227,6
15228,2
15229,8
15230,11
15231,6
15232,6
15233,7
15234,1
15235,0
15236,4
15237,8
15238,10
15239,11
15240,8
15241,13
15242,12
15243,13
15244,2
15245,2
15246,10
15247,3
15248,6
15249,11
15250,2
15251,2
15252,2
15253,8
15254,1
15255,11
15256,1
15257,1
15258,11
15259,1
15260,2
15261,4
15262,12
15263,11
15264,1
15265,3
15266,11
15267,8
15268,13
15269,6
15270,8
15271,4
15272,2
15273,8
15274,7
15275,11
15276,3
15277,3
15278,8
15279,1
15280,1
15281,9
15282,3
15283,1
15284,1
15285,9
15286,12
15287,4
15288,11
15289,11
15290,4
15291,9
15292,0
15293,11
15294,3
15295,12
15296,6
15297,10
15298,8
15299,0
15300,3
15301,8
15302,1
15303,11
15304,2
15305,12
15306,13
15307,2
15308,0
15309,6
15310,10
15311,0
15312,1
15313,9
15314,1
15315,9
15316,11
15317,11
15318,6
15319,6
15320,2
15321,12
15322,10
15323,13
15324,11
15325,7
15326,11
15327,2
15328,1
15329,6
15330,6
15331,3
15332,0
15333,11
15334,8
15335,3
15336,7
15337,8
15338,13
15339,4
15340,2
15341,8
15342,7
15343,0
15344,6
15345,0
15346,13
15347,11
15348,4
15349,8
15350,4
15351,3
15352,1
15353,2
15354,2
15355,9
15356,11
15357,11
15358,1
15359,8
15360,11
15361,13
15362,9
15363,10
15364,0
15365,0
15366,7
15367,7
15368,8
15369,7
15370,2
15371,3
15372,3
15373,12
15374,8
15375,12
15376,10
15377,11
15378,3
15379,12
15380,6
15381,6
15382,12
15383,13
15384,4
15385,6
15386,11
15387,13
15388,0
15389,7
15390,0
15391,10
15392,1
15393,0
15394,4
15395,3
15396,8
15397,1
15398,9
15399,8
15400,6
15401,2
15402,8
15403,11
15404,1
15405,4
15406,12
15407,6
15408,0
15409,0
15410,2
15411,13
15412,7
15413,6
15414,7
15415,12
15416,13
15417,10
15418,10
15419,13
15420,8
15421,10
15422,12
15423,2
15424,8
15425,4
15426,12
15427,2
15428,10
15429,11
15430,1
15431,6
15432,9
15433,12
15434,2
15435,1
15436,11
15437,4
15438,8
15439,7
15440,11
15441,7
15442,4
15443,12
15444,7
15445,4
15446,11
15447,6
15448,1
15449,2
15450,1
15451,0
15452,12
15453,0
15454,7
15455,8
15456,8
15457,13
15458,3
15459,4
15460,13
15461,8
15462,2
15463,13
15464,11
15465,11
15466,2
15467,10
15468,11
15469,13
15470,7
15471,10
15472,8
15473,8
15474,8
15475,7
15476,13
15477,11
15478,4
15479,2
15480,6
15481,9
15482,2
15483,13
15484,6
15485,10
15486,2
15487,5
15488,0
15489,3
15490,1
15491,9
15492,6
15493,7
15494,3
15495,7
15496,3
15497,3
15498,11
15499,11
15500,3
15501,1
15502,1
15503,8
15504,1
15505,3
15506,2
15507,4
15508,8
15509,8
15510,11
15511,13
15512,4
15513,4
15514,6
15515,8
15516,13
15517,0
15518,12
15519,7
15520,12
15521,1
15522,1
15523,3
15524,7
15525,0
15526,1
15527,1
15528,5
15529,10
15530,6
15531,9
15532,8
15533,8
15534,1
15535,4
15536,11
15537,0
15538,0
15539,7
15540,2
15541,10
15542,2
15543,11
15544,2
15545,7
15546,2
15547,0
15548,12
15549,11
15550,7
15551,4
15552,2
15553,1
15554,2
15555,6
15556,9
15557,4
15558,8
15559,11
15560,4
15561,4
15562,11
15563,2
15564,6
15565,13
15566,6
15567,9
15568,3
15569,6
15570,4
15571,4
15572,0
15573,1
15574,6
15575,3
15576,8
15577,10
15578,1
15579,0
15580,11
15581,6
15582,0
15583,0
15584,11
15585,6
15586,7
15587,10
15588,8
15589,13
15590,3
15591,0
15592,1
15593,8
15594,10
15595,11
15596,3
15597,11
15598,3
15599,9
15600,13
15601,6
15602,4
15603,9
15604,8
15605,8
15606,4
15607,7
15608,0
15609,8
15610,7
15611,3
15612,2
15613,9
15614,2
15615,4
15616,1
15617,7
15618,6
15619,11
15620,8
15621,13
15622,6
15623,3
15624,3
15625,11
15626,7
15627,3
15628,6
15629,10
15630,4
15631,6
15632,2
15633,11
15634,13
15635,13
15636,0
15637,1
15638,0
15639,6
15640,7
15641,7
15642,10
15643,3
15644,8
15645,11
15646,6
15647,10
15648,0
15649,1
15650,11
15651,0
15652,10
15653,11
15654,6
15655,10
15656,8
15657,12
15658,3
15659,7
15660,2
15661,1
15662,1
15663,2
15664,7
15665,1
15666,7
15667,12
15668,7
15669,11
15670,9
15671,10
15672,10
15673,2
15674,10
15675,2
15676,10
15677,11
15678,0
15679,11
15680,0
15681,9
15682,11
15683,0
15684,8
15685,5
15686,11
15687,7
15688,0
15689,6
15690,0
15691,1
15692,3
15693,6
15694,1
15695,3
15696,7
15697,6
15698,4
15699,1
15700,10
15701,6
15702,8
15703,12
15704,7
15705,8
15706,8
15707,9
15708,2
15709,7
15710,1
15711,1
15712,7
15713,10
15714,12
15715,0
15716,11
15717,4
15718,10
15719,1
15720,13
15721,2
15722,4
15723,4
15724,4
15725,4
15726,10
15727,10
15728,7
15729,2
15730,8
15731,7
15732,0
15733,2
15734,7
15735,0
15736,7
15737,6
15738,2
15739,11
15740,6
15741,0
15742,0
15743,8
15744,3
15745,8
15746,8
15747,10
15748,11
15749,2
15750,10
15751,13
15752,5
15753,0
15754,10
15755,6
15756,2
15757,10
15758,0
15759,9
15760,1
15761,13
15762,0
15763,13
15764,4
15765,11
15766,2
15767,13
15768,12
15769,7
15770,2
15771,2
15772,9
15773,0
15774,1
15775,1
15776,11
15777,8
15778,8
15779,8
15780,11
15781,4
15782,9
15783,8
15784,8
15785,2
15786,0
15787,4
15788,7
15789,6
15790,0
15791,1
15792,3
15793,11
15794,8
15795,0
15796,12
15797,11
15798,2
15799,6
15800,3
15801,11
15802,2
15803,0
15804,8
15805,2
15806,8
15807,13
15808,9
15809,8
15810,3
15811,1
15812,6
15813,12
15814,12
15815,1
15816,12
15817,6
15818,9
15819,1
15820,10
15821,10
15822,0
15823,4
15824,7
15825,2
15826,6
15827,6
15828,5
15829,6
15830,2
15831,10
15832,7
15833,0
15834,0
15835,2
15836,2
15837,6
15838,2
15839,12
15840,3
15841,2
15842,4
15843,11
15844,11
15845,0
15846,12
15847,11
15848,1
15849,6
15850,12
15851,11
15852,1
15853,6
15854,12
15855,8
15856,12
15857,1
15858,4
15859,12
15860,11
15861,12
15862,8
15863,2
15864,0
15865,13
15866,1
15867,11
15868,0
15869,11
15870,10
15871,1
15872,3
15873,7
15874,10
15875,8
15876,8
15877,7
15878,0
15879,6
15880,11
15881,4
15882,4
15883,10
15884,1
15885,2
15886,13
15887,6
15888,12
15889,10
15890,4
15891,6
15892,11
15893,1
15894,11
15895,2
15896,4
15897,11
15898,13
15899,11
15900,2
15901,6
15902,7
15903,11
15904,1
15905,12
15906,3
15907,10
15908,3
15909,13
15910,6
15911,2
15912,6
15913,0
15914,12
15915,11
15916,8
15917,2
15918,8
15919,4
15920,5
15921,11
15922,1
15923,11
15924,2
15925,1
15926,3
15927,7
15928,10
15929,7
15930,1
15931,11
15932,7
15933,8
15934,13
15935,2
15936,6
15937,9
15938,4
15939,7
15940,11
15941,11
15942,6
15943,1
15944,6
15945,1
15946,8
15947,9
15948,12
15949,11
15950,3
15951,11
15952,6
15953,6
15954,5
15955,1
15956,8
15957,5
15958,2
15959,0
15960,6
15961,6
15962,4
15963,11
15964,9
15965,6
15966,6
15967,0
15968,1
15969,0
15970,6
15971,3
15972,6
15973,7
15974,1
15975,6
15976,8
15977,0
15978,13
15979,9
15980,1
15981,1
15982,7
15983,0
15984,6
15985,13
15986,6
15987,2
15988,2
15989,1
15990,10
15991,12
15992,4
15993,1
15994,8
15995,2
15996,13
15997,3
15998,6
15999,0
16000,2
16001,13
16002,4
16003,12
16004,9
16005,4
16006,3
16007,4
16008,10
16009,1
16010,8
16011,11
16012,1
16013,8
16014,11
16015,11
16016,1
16017,7
16018,13
16019,2
16020,10
16021,7
16022,11
16023,13
16024,5
16025,6
16026,12
16027,8
16028,13
16029,0
16030,7
16031,6
16032,4
16033,2
16034,7
16035,11
16036,1
16037,1
16038,10
16039,11
16040,12
16041,12
16042,6
16043,7
16044,5
16045,3
16046,7
16047,1
16048,10
16049,0
16050,11
16051,10
16052,11
16053,2
16054,6
16055,2
16056,6
16057,3
16058,12
16059,6
16060,11
16061,4
16062,1
16063,5
16064,2
16065,11
16066,0
16067,8
16068,11
16069,0
16070,7
16071,3
16072,6
16073,1
16074,6
16075,1
16076,1
16077,2
16078,7
16079,0
16080,8
16081,1
16082,1
16083,3
16084,4
16085,6
16086,0
16087,6
16088,7
16089,6
16090,7
16091,8
16092,10
16093,12
16094,2
16095,6
16096,3
16097,5
16098,9
16099,10
16100,11
16101,7
16102,3
16103,7
16104,7
16105,0
16106,1
16107,0
16108,3
16109,9
16110,10
16111,0
16112,12
16113,12
16114,11
16115,0
16116,3
16117,2
16118,1
16119,1
16120,1
16121,5
16122,12
16123,2
16124,11
16125,10
16126,10
16127,12
16128,8
16129,0
16130,13
16131,6
16132,6
16133,1
16134,11
16135,13
16136,4
16137,2
16138,10
16139,0
16140,3
16141,2
16142,9
16143,11
16144,7
16145,13
16146,6
16147,6
16148,7
16149,1
16150,1
16151,1
16152,4
16153,11
16154,8
16155,2
16156,3
16157,13
16158,8
16159,2
16160,7
16161,13
16162,6
16163,12
16164,2
16165,10
16166,4
16167,4
16168,5
16169,8
16170,4
16171,4
16172,1
16173,9
16174,11
16175,1
16176,0
16177,13
16178,9
16179,13
16180,1
16181,10
16182,3
16183,7
16184,4
16185,2
16186,0
16187,4
16188,4
16189,0
16190,9
16191,11
16192,12
16193,2
16194,0
16195,8
16196,13
16197,11
16198,4
16199,1
16200,4
16201,10
16202,0
16203,12
16204,10
16205,5
16206,0
16207,0
16208,11
16209,11
16210,13
16211,2
16212,11
16213,11
16214,7
16215,1
16216,8
16217,8
16218,0
16219,13
16220,10
16221,1
16222,8
16223,13
16224,2
16225,1
16226,7
16227,13
16228,0
16229,0
16230,0
16231,1
16232,10
16233,12
16234,4
16235,8
16236,6
16237,0
16238,12
16239,0
16240,1
16241,7
16242,2
16243,1
16244,12
16245,6
16246,11
16247,0
16248,1
16249,2
16250,1
16251,1
16252,9
16253,11
16254,13
16255,10
16256,3
16257,7
16258,4
16259,11
16260,3
16261,2
16262,6
16263,2
16264,4
16265,7
16266,11
16267,8
16268,2
16269,8
16270,6
16271,6
16272,2
16273,3
16274,2
16275,8
16276,8
16277,6
16278,7
16279,13
16280,0
16281,13
16282,8
16283,10
16284,13
16285,12
16286,7
16287,8
16288,8
16289,0
16290,6
16291,10
16292,2
16293,2
16294,11
16295,11
16296,10
16297,6
16298,8
16299,7
16300,2
16301,6
16302,2
16303,4
16304,0
16305,13
16306,11
16307,4
16308,0
16309,7
16310,9
16311,1
16312,10
16313,2
16314,1
16315,11
16316,0
16317,1
16318,2
16319,8
16320,6
16321,0
16322,1
16323,13
16324,1
16325,5
16326,7
16327,0
16328,4
16329,8
16330,1
16331,7
16332,2
16333,13
16334,4
16335,12
16336,11
16337,5
16338,13
16339,0
16340,11
16341,13
16342,1
16343,4
16344,1
16345,12
16346,0
16347,11
16348,9
16349,7
16350,3
16351,1
16352,12
16353,0
16354,13
16355,11
16356,0
16357,0
16358,0
16359,7
16360,7
16361,6
16362,11
16363,11
16364,11
16365,1
16366,2
16367,10
16368,2
16369,13
16370,12
16371,0
16372,6
16373,0
16374,10
16375,6
16376,11
16377,3
16378,1
16379,0
16380,11
16381,10
16382,10
16383,7
16384,0
16385,3
16386,6
16387,4
16388,8
16389,1
16390,12
16391,13
16392,13
16393,0
16394,8
16395,4
16396,0
16397,3
16398,6
16399,12
16400,4
16401,8
16402,0
16403,10
16404,1
16405,4
16406,12
16407,5
16408,1
16409,3
16410,0
16411,9
16412,10
16413,1
16414,10
16415,1
16416,10
16417,0
16418,4
16419,3
16420,11
16421,2
16422,5
16423,9
16424,3
16425,2
16426,10
16427,4
16428,11
16429,0
16430,1
16431,5
16432,6
16433,12
16434,2
16435,12
16436,0
16437,11
16438,10
16439,3
16440,2
16441,7
16442,0
16443,2
16444,6
16445,2
16446,10
16447,7
16448,9
16449,0
16450,2
16451,11
16452,12
16453,12
16454,0
16455,9
16456,0
16457,13
16458,1
16459,6
16460,10
16461,11
16462,7
16463,0
16464,12
16465,6
16466,3
16467,0
16468,5
16469,0
16470,13
16471,9
16472,11
16473,7
16474,1
16475,1
16476,13
16477,8
16478,10
16479,12
16480,11
16481,6
16482,11
16483,11
16484,10
16485,13
16486,1
16487,4
16488,6
16489,10
16490,7
16491,6
16492,7
16493,3
16494,6
16495,4
16496,3
16497,13
16498,13
16499,8
16500,3
16501,8
16502,5
16503,4
16504,1
16505,9
16506,10
16507,6
16508,7
16509,6
16510,1
16511,5
16512,10
16513,4
16514,11
16515,8
16516,0
16517,12
16518,10
16519,6
16520,10
16521,6
16522,13
16523,11
16524,10
16525,4
16526,6
16527,3
16528,13
16529,11
16530,7
16531,2
16532,13
16533,7
16534,4
16535,10
16536,3
16537,10
16538,1
16539,0
16540,9
16541,0
16542,11
16543,0
16544,8
16545,2
16546,6
16547,8
16548,1
16549,6
16550,3
16551,6
16552,4
16553,9
16554,4
16555,8
16556,0
16557,11
16558,8
16559,11
16560,1
16561,8
16562,11
16563,2
16564,0
16565,3
16566,13
16567,12
16568,13
16569,7
16570,8
16571,6
16572,2
16573,8
16574,4
16575,7
16576,6
16577,12
16578,7
16579,5
16580,11
16581,4
16582,0
16583,7
16584,11
16585,11
16586,13
16587,2
16588,0
16589,9
16590,0
16591,2
16592,1
16593,13
16594,2
16595,9
16596,1
16597,9
16598,12
16599,12
16600,11
16601,12
16602,2
16603,10
16604,0
16605,13
16606,0
16607,2
16608,7
16609,0
16610,2
16611,1
16612,7
16613,0
16614,12
16615,6
16616,1
16617,9
16618,11
16619,4
16620,10
16621,8
16622,4
16623,9
16624,11
16625,0
16626,9
16627,4
16628,13
16629,6
16630,11
16631,0
16632,2
16633,10
16634,9
16635,9
16636,1
16637,2
16638,8
16639,9
16640,2
16641,5
16642,13
16643,10
16644,1
16645,7
16646,0
16647,12
16648,1
16649,4
16650,4
16651,10
16652,10
16653,1
16654,3
16655,11
16656,1
16657,10
16658,7
16659,2
16660,6
16661,7
16662,10
16663,12
16664,8
16665,2
16666,10
16667,0
16668,8
16669,10
16670,0
16671,13
16672,2
16673,2
16674,1
16675,7
16676,4
16677,1
16678,6
16679,13
16680,3
16681,11
16682,12
16683,11
16684,7
16685,7
16686,11
16687,0
16688,6
16689,2
16690,0
16691,8
16692,10
16693,9
16694,1
16695,8
16696,1
16697,8
16698,0
16699,0
16700,1
16701,10
16702,0
16703,10
16704,10
16705,13
16706,4
16707,7
16708,10
16709,3
16710,0
16711,5
16712,11
16713,0
16714,0
16715,2
16716,12
16717,1
16718,2
16719,9
16720,1
16721,4
16722,11
16723,11
16724,0
16725,0
16726,13
16727,11
16728,4
16729,0
16730,2
16731,0
16732,6
16733,1
16734,8
16735,2
16736,11
16737,8
16738,7
16739,12
16740,4
16741,1
16742,6
16743,3
16744,8
16745,2
16746,7
16747,2
16748,2
16749,2
16750,1
16751,11
16752,12
16753,13
16754,6
16755,9
16756,6
16757,3
16758,2
16759,12
16760,7
16761,12
16762,10
16763,11
16764,11
16765,13
16766,2
16767,11
16768,6
16769,10
16770,1
16771,12
16772,3
16773,2
16774,4
16775,10
16776,2
16777,0
16778,3
16779,1
16780,11
16781,9
16782,11
16783,4
16784,9
16785,7
16786,4
16787,2
16788,4
16789,3
16790,1
16791,10
16792,8
16793,13
16794,3
16795,3
16796,2
16797,4
16798,7
16799,12
16800,2
16801,4
16802,6
16803,1
16804,3
16805,7
16806,13
16807,10
16808,11
16809,12
16810,9
16811,1
16812,11
16813,9
16814,7
16815,6
16816,11
16817,10
16818,9
16819,2
16820,11
16821,0
16822,4
16823,0
16824,4
16825,3
16826,1
16827,13
16828,1
16829,4
16830,6
16831,8
16832,13
16833,10
16834,7
16835,0
16836,2
16837,11
16838,5
16839,6
16840,11
16841,11
16842,2
16843,6
16844,12
16845,4
16846,3
16847,10
16848,8
16849,4
16850,6
16851,2
16852,1
16853,7
16854,9
16855,13
16856,10
16857,0
16858,1
16859,11
16860,9
16861,0
16862,11
16863,13
16864,1
16865,12
16866,4
16867,6
16868,12
16869,11
16870,13
16871,0
16872,10
16873,0
16874,6
16875,6
16876,2
16877,13
16878,7
16879,11
16880,2
16881,0
16882,2
16883,12
16884,12
16885,1
16886,13
16887,8
16888,10
16889,9
16890,2
16891,1
16892,5
16893,13
16894,0
16895,8
16896,2
16897,11
16898,11
16899,10
16900,6
16901,10
16902,1
16903,1
16904,11
16905,4
16906,3
16907,1
16908,3
16909,5
16910,7
16911,8
16912,6
16913,11
16914,5
16915,1
16916,11
16917,5
16918,4
16919,2
16920,11
16921,12
16922,8
16923,11
16924,6
16925,6
16926,12
16927,2
16928,11
16929,13
16930,11
16931,10
16932,1
16933,0
16934,3
16935,11
16936,3
16937,2
16938,10
16939,1
16940,12
16941,3
16942,7
16943,5
16944,3
16945,9
16946,3
16947,13
16948,4
16949,12
16950,6
16951,2
16952,4
16953,0
16954,9
16955,1
16956,4
16957,9
16958,1
16959,10
16960,4
16961,4
16962,3
16963,12
16964,8
16965,5
16966,12
16967,0
16968,7
16969,8
16970,5
16971,2
16972,0
16973,4
16974,6
16975,7
16976,6
16977,2
16978,11
16979,11
16980,8
16981,10
16982,11
16983,11
16984,4
16985,6
16986,2
16987,10
16988,0
16989,8
16990,9
16991,2
16992,6
16993,1
16994,10
16995,10
16996,11
16997,8
16998,3
16999,2
17000,7
17001,9
17002,0
17003,10
17004,11
17005,12
17006,1
17007,12
17008,7
17009,0
17010,10
17011,6
17012,1
17013,1
17014,6
17015,10
17016,6
17017,0
17018,4
17019,10
17020,12
17021,6
17022,10
17023,9
17024,3
17025,2
17026,6
17027,3
17028,7
17029,6
17030,11
17031,0
17032,10
17033,6
17034,0
17035,1
17036,0
17037,10
17038,10
17039,4
17040,1
17041,10
17042,1
17043,3
17044,4
17045,13
17046,11
17047,2
17048,1
17049,13
17050,13
17051,0
17052,3
17053,2
17054,11
17055,11
17056,7
17057,0
17058,1
17059,2
17060,1
17061,0
17062,1
17063,0
17064,13
17065,4
17066,10
17067,4
17068,1
17069,0
17070,12
17071,9
17072,13
17073,7
17074,5
17075,2
17076,13
17077,1
17078,8
17079,7
17080,1
17081,6
17082,10
17083,1
17084,13
17085,7
17086,0
17087,3
17088,7
17089,3
17090,10
17091,4
17092,8
17093,1
17094,2
17095,4
17096,4
17097,11
17098,0
17099,13
17100,6
17101,7
17102,13
17103,1
17104,11
17105,8
17106,3
17107,12
17108,3
17109,13
17110,1
17111,11
17112,11
17113,1
17114,12
17115,0
17116,1
17117,6
17118,10
17119,6
17120,2
17121,11
17122,0
17123,4
17124,1
17125,1
17126,3
17127,4
17128,2
17129,0
17130,4
17131,1
17132,11
17133,2
17134,12
17135,2
17136,13
17137,7
17138,12
17139,5
17140,9
17141,11
17142,7
17143,6
17144,6
17145,0
17146,1
17147,2
17148,12
17149,2
17150,0
17151,11
17152,11
17153,3
17154,10
17155,0
17156,11
17157,1
17158,3
17159,9
17160,1
17161,3
17162,3
17163,7
17164,6
17165,6
17166,2
17167,9
17168,8
17169,12
17170,0
17171,2
17172,6
17173,11
17174,10
17175,7
17176,10
17177,12
17178,6
17179,0
17180,9
17181,6
17182,2
17183,1
17184,12
17185,2
17186,3
17187,11
17188,10
17189,8
17190,9
17191,10
17192,10
17193,0
17194,1
17195,9
17196,3
17197,2
17198,10
17199,7
17200,0
17201,2
17202,9
17203,2
17204,1
17205,11
17206,3
17207,7
17208,2
17209,10
17210,4
17211,10
17212,11
17213,11
17214,5
17215,2
17216,11
17217,3
17218,12
17219,1
17220,10
17221,12
17222,0
17223,5
17224,9
17225,10
17226,0
17227,2
17228,11
17229,8
17230,11
17231,0
17232,9
17233,2
17234,8
17235,2
17236,7
17237,11
17238,1
17239,10
17240,11
17241,1
17242,2
17243,12
17244,11
17245,0
17246,6
17247,8
17248,4
17249,10
17250,7
17251,3
17252,10
17253,2
17254,4
17255,0
17256,6
17257,7
17258,4
17259,0
17260,11
17261,11
17262,3
17263,2
17264,10
17265,13
17266,11
17267,6
17268,10
17269,0
17270,7
17271,13
17272,0
17273,10
17274,1
17275,3
17276,2
17277,11
17278,1
17279,0
17280,2
17281,8
17282,10
17283,2
17284,12
17285,1
17286,0
17287,2
17288,1
17289,1
17290,2
17291,2
17292,2
17293,7
17294,10
17295,6
17296,6
17297,4
17298,8
17299,13
17300,0
17301,2
17302,13
17303,3
17304,10
17305,3
17306,6
17307,4
17308,2
17309,7
17310,8
17311,6
17312,13
17313,6
17314,11
17315,4
17316,10
17317,6
17318,0
17319,1
17320,1
17321,2
17322,8
17323,8
17324,10
17325,0
17326,13
17327,7
17328,13
17329,4
17330,13
17331,8
17332,3
17333,0
17334,6
17335,12
17336,13
17337,11
17338,3
17339,9
17340,1
17341,4
17342,10
17343,1
17344,0
17345,10
17346,8
17347,7
17348,8
17349,4
17350,7
17351,4
17352,3
17353,4
17354,13
17355,6
17356,1
17357,0
17358,1
17359,6
17360,10
17361,7
17362,6
17363,8
17364,7
17365,2
17366,9
17367,9
17368,5
17369,7
17370,12
17371,1
17372,2
17373,1
17374,11
17375,9
17376,1
17377,0
17378,11
17379,11
17380,9
17381,4
17382,1
17383,2
17384,1
17385,6
17386,8
17387,12
17388,11
17389,12
17390,4
17391,8
17392,0
17393,2
17394,10
17395,0
17396,11
17397,3
17398,1
17399,10
17400,12
17401,2
17402,7
17403,0
17404,4
17405,1
17406,6
17407,8
17408,9
17409,4
17410,10
17411,8
17412,9
17413,4
17414,11
17415,0
17416,7
17417,1
17418,6
17419,3
17420,3
17421,6
17422,13
17423,11
17424,10
17425,10
17426,13
17427,4
17428,11
17429,6
17430,8
17431,1
17432,1
17433,2
17434,11
17435,4
17436,10
17437,7
17438,1
17439,11
17440,0
17441,2
17442,0
17443,9
17444,8
17445,11
17446,1
17447,2
17448,11
17449,8
17450,8
17451,1
17452,0
17453,5
17454,11
17455,1
17456,8
17457,6
17458,9
17459,12
17460,9
17461,11
17462,13
17463,7
17464,1
17465,13
17466,2
17467,11
17468,13
17469,7
17470,8
17471,9
17472,3
17473,2
17474,5
17475,4
17476,7
17477,8
17478,7
17479,0
17480,6
17481,10
17482,11
17483,10
17484,8
17485,7
17486,10
17487,1
17488,1
17489,8
17490,7
17491,4
17492,11
17493,2
17494,0
17495,10
17496,8
17497,12
17498,4
17499,2
17500,8
17501,6
17502,2
17503,11
17504,13
17505,7
17506,7
17507,11
17508,1
17509,10
17510,6
17511,2
17512,9
17513,6
17514,3
17515,11
17516,11
17517,6
17518,13
17519,0
17520,13
17521,8
17522,3
17523,8
17524,12
17525,2
17526,12
17527,10
17528,7
17529,4
17530,2
17531,0
17532,4
17533,10
17534,1
17535,12
17536,9
17537,1
17538,4
17539,11
17540,10
17541,6
17542,1
17543,13
17544,2
17545,1
17546,11
17547,5
17548,12
17549,2
17550,10
17551,11
17552,0
17553,3
17554,8
17555,2
17556,1
17557,11
17558,10
17559,1
17560,9
17561,10
17562,0
17563,1
17564,13
17565,0
17566,1
17567,7
17568,11
17569,3
17570,11
17571,8
17572,11
17573,1
17574,8
17575,12
17576,2
17577,1
17578,0
17579,10
17580,7
17581,8
17582,3
17583,8
17584,0
17585,7
17586,0
17587,11
17588,10
17589,0
17590,0
17591,9
17592,0
17593,11
17594,3
17595,10
17596,11
17597,12
17598,4
17599,12
17600,8
17601,11
17602,1
17603,2
17604,2
17605,11
17606,1
17607,1
17608,1
17609,4
17610,1
17611,12
17612,12
17613,11
17614,4
17615,6
17616,10
17617,7
17618,10
17619,2
17620,1
17621,11
17622,12
17623,11
17624,9
17625,1
17626,1
17627,10
17628,0
17629,2
17630,4
17631,2
17632,1
17633,6
17634,1
17635,7
17636,11
17637,10
17638,6
17639,6
17640,7
17641,3
17642,6
17643,8
17644,4
17645,12
17646,12
17647,1
17648,13
17649,12
17650,0
17651,13
17652,6
17653,7
17654,2
17655,13
17656,0
17657,11
17658,1
17659,3
17660,6
17661,2
17662,0
17663,2
17664,3
17665,11
17666,6
17667,10
17668,1
17669,11
17670,12
17671,3
17672,2
17673,7
17674,1
17675,3
17676,7
17677,6
17678,11
17679,2
17680,9
17681,7
17682,8
17683,10
17684,12
17685,2
17686,0
17687,2
17688,2
17689,0
17690,6
17691,2
17692,10
17693,1
17694,0
17695,8
17696,9
17697,11
17698,4
17699,11
17700,0
17701,11
17702,11
17703,8
17704,11
17705,1
17706,5
17707,13
17708,1
17709,8
17710,8
17711,1
17712,2
17713,3
17714,10
17715,0
17716,3
17717,12
17718,8
17719,2
17720,3
17721,0
17722,3
17723,2
17724,4
17725,12
17726,11
17727,4
17728,1
17729,1
17730,3
17731,3
17732,10
17733,8
17734,11
17735,1
17736,13
17737,2
17738,5
17739,4
17740,11
17741,11
17742,12
17743,13
17744,12
17745,12
17746,12
17747,4
17748,2
17749,12
17750,11
17751,7
17752,8
17753,11
17754,0
17755,0
17756,6
17757,6
17758,10
17759,12
17760,12
17761,8
17762,12
17763,0
17764,2
17765,13
17766,6
17767,7
17768,3
17769,11
17770,0
17771,2
17772,11
17773,9
17774,8
17775,3
17776,0
17777,2
17778,7
17779,7
17780,4
17781,2
17782,4
17783,2
17784,8
17785,8
17786,13
17787,11
17788,8
17789,0
17790,7
17791,8
17792,11
17793,11
17794,11
17795,12
17796,3
17797,7
17798,10
17799,12
17800,5
17801,0
17802,1
17803,5
17804,11
17805,6
17806,11
17807,1
17808,3
17809,4
17810,13
17811,1
17812,9
17813,9
17814,2
17815,6
17816,12
17817,12
17818,4
17819,13
17820,10
17821,0
17822,13
17823,0
17824,2
17825,11
17826,10
17827,0
17828,3
17829,4
17830,2
17831,10
17832,3
17833,6
17834,8
17835,13
17836,7
17837,11
17838,8
17839,2
17840,2
17841,4
17842,4
17843,13
17844,12
17845,2
17846,2
17847,12
17848,5
17849,0
17850,7
17851,2
17852,0
17853,8
17854,5
17855,7
17856,6
17857,0
17858,11
17859,2
17860,2
17861,6
17862,9
17863,8
17864,0
17865,5
17866,3
17867,11
17868,7
17869,3
17870,2
17871,13
17872,0
17873,4
17874,7
17875,9
17876,6
17877,3
17878,0
17879,1
17880,4
17881,11
17882,3
17883,12
17884,2
17885,11
17886,11
17887,6
17888,0
17889,10
17890,7
17891,3
17892,11
17893,8
17894,7
17895,0
17896,10
17897,2
17898,1
17899,4
17900,4
17901,2
17902,7
17903,11
17904,1
17905,8
17906,6
17907,7
17908,10
17909,6
17910,6
17911,0
17912,9
17913,12
17914,6
17915,12
17916,11
17917,1
17918,1
17919,8
17920,3
17921,1
17922,8
17923,0
17924,0
17925,1
17926,2
17927,12
17928,2
17929,12
17930,12
17931,6
17932,4
17933,4
17934,0
17935,12
17936,11
17937,10
17938,8
17939,11
17940,4
17941,1
17942,7
17943,12
17944,9
17945,3
17946,11
17947,2
17948,12
17949,6
17950,6
17951,0
17952,11
17953,5
17954,8
17955,0
17956,8
17957,4
17958,1
17959,1
17960,0
17961,7
17962,8
17963,6
17964,10
17965,11
17966,1
17967,2
17968,1
17969,12
17970,10
17971,12
17972,0
17973,9
17974,4
17975,6
17976,9
17977,0
17978,4
17979,7
17980,11
17981,5
17982,2
17983,0
17984,12
17985,9
17986,2
17987,2
17988,0
17989,8
17990,1
17991,12
17992,3
17993,3
17994,11
17995,10
17996,1
17997,1
17998,3
17999,11
18000,0
18001,13
18002,2
18003,13
18004,3
18005,12
18006,1
18007,11
18008,8
18009,11
18010,7
18011,12
18012,3
18013,12
18014,13
18015,1
18016,1
18017,13
18018,4
18019,9
18020,1
18021,7
18022,6
18023,6
18024,2
18025,2
18026,13
18027,11
18028,2
18029,4
18030,11
18031,8
18032,3
18033,11
18034,8
18035,3
18036,2
18037,2
18038,7
18039,11
18040,11
18041,2
18042,3
18043,0
18044,4
18045,0
18046,6
18047,8
18048,10
18049,6
18050,2
18051,8
18052,8
18053,2
18054,11
18055,11
18056,1
18057,10
18058,8
18059,11
18060,0
18061,9
18062,4
18063,9
18064,13
18065,0
18066,1
18067,2
18068,1
18069,4
18070,9
18071,13
18072,7
18073,5
18074,3
18075,8
18076,13
18077,6
18078,1
18079,10
18080,11
18081,3
18082,11
18083,10
18084,2
18085,13
18086,7
18087,7
18088,8
18089,1
18090,7
18091,11
18092,2
18093,5
18094,7
18095,2
18096,6
18097,2
18098,12
18099,0
18100,6
18101,6
18102,8
18103,3
18104,11
18105,12
18106,1
18107,0
18108,10
18109,7
18110,7
18111,9
18112,9
18113,4
18114,10
18115,9
18116,11
18117,12
18118,2
18119,9
18120,0
18121,8
18122,3
18123,1
18124,10
18125,13
18126,6
18127,6
18128,13
18129,4
18130,1
18131,3
18132,4
18133,1
18134,1
18135,10
18136,11
18137,6
18138,7
18139,7
18140,11
18141,9
18142,9
18143,1
18144,0
18145,11
18146,8
18147,8
18148,4
18149,0
18150,2
18151,7
18152,1
18153,4
18154,0
18155,8
18156,0
18157,9
18158,2
18159,11
18160,2
18161,10
18162,11
18163,9
18164,2
18165,1
18166,8
18167,10
18168,12
18169,3
18170,13
18171,6
18172,6
18173,10
18174,12
18175,9
18176,2
18177,13
18178,1
18179,6
18180,0
18181,3
18182,3
18183,11
18184,4
18185,0
18186,11
18187,4
18188,5
18189,1
18190,10
18191,4
18192,6
18193,10
18194,13
18195,12
18196,2
18197,6
18198,1
18199,6
18200,4
18201,5
18202,6
18203,0
18204,4
18205,7
18206,11
18207,8
18208,11
18209,1
18210,2
18211,3
18212,3
18213,7
18214,0
18215,3
18216,11
18217,11
18218,2
18219,12
18220,0
18221,0
18222,13
18223,6
18224,2
18225,12
18226,13
18227,9
18228,10
18229,13
18230,3
18231,6
18232,8
18233,6
18234,6
18235,13
18236,2
18237,0
18238,9
18239,9
18240,10
18241,4
18242,1
18243,4
18244,9
18245,8
18246,8
18247,11
18248,2
18249,7
18250,8
18251,11
18252,8
18253,6
18254,12
18255,10
18256,13
18257,8
18258,11
18259,5
18260,11
18261,1
18262,6
18263,8
18264,1
18265,13
18266,12
18267,7
18268,1
18269,1
18270,10
18271,6
18272,11
18273,2
18274,7
18275,11
18276,2
18277,7
18278,12
18279,2
18280,12
18281,4
18282,5
18283,0
18284,3
18285,10
18286,4
18287,3
18288,11
18289,2
18290,4
18291,2
18292,7
18293,11
18294,12
18295,10
18296,3
18297,2
18298,8
18299,2
18300,12
18301,11
18302,11
18303,13
18304,0
18305,7
18306,11
18307,6
18308,2
18309,2
18310,1
18311,3
18312,3
18313,10
18314,2
18315,3
18316,0
18317,6
18318,7
18319,8
18320,3
18321,3
18322,9
18323,2
18324,0
18325,12
18326,10
18327,6
18328,7
18329,12
18330,1
18331,7
18332,4
18333,7
18334,10
18335,6
18336,12
18337,1
18338,3
18339,0
18340,1
18341,6
18342,5
18343,6
18344,8
18345,8
18346,10
18347,0
18348,1
18349,1
18350,9
18351,11
18352,11
18353,3
18354,13
18355,12
18356,1
18357,4
18358,9
18359,8
18360,10
18361,11
18362,0
18363,2
18364,8
18365,9
18366,11
18367,8
18368,9
18369,8
18370,2
18371,6
18372,2
18373,1
18374,7
18375,11
18376,6
18377,6
18378,11
18379,12
18380,8
18381,1
18382,6
18383,3
18384,1
18385,12
18386,1
18387,2
18388,0
18389,12
18390,12
18391,0
18392,1
18393,8
18394,1
18395,12
18396,12
18397,4
18398,3
18399,2
18400,7
18401,10
18402,13
18403,11
18404,2
18405,9
18406,0
18407,0
18408,8
18409,13
18410,3
18411,5
18412,2
18413,12
18414,10
18415,3
18416,0
18417,1
18418,2
18419,12
18420,11
18421,0
18422,8
18423,1
18424,8
18425,13
18426,2
18427,0
18428,4
18429,11
18430,10
18431,4
18432,7
18433,9
18434,12
18435,0
18436,8
18437,1
18438,1
18439,3
18440,0
18441,4
18442,2
18443,1
18444,7
18445,9
18446,11
18447,4
18448,2
18449,8
18450,13
18451,7
18452,0
18453,7
18454,11
18455,7
18456,11
18457,6
18458,3
18459,7
18460,6
18461,7
18462,12
18463,2
18464,12
18465,12
18466,8
18467,4
18468,7
18469,6
18470,3
18471,6
18472,3
18473,11
18474,7
18475,2
18476,9
18477,1
18478,6
18479,1
18480,0
18481,2
18482,13
18483,4
18484,10
18485,11
18486,3
18487,1
18488,8
18489,13
18490,13
18491,0
18492,12
18493,0
18494,0
18495,4
18496,1
18497,7
18498,8
18499,3
18500,6
18501,4
18502,1
18503,11
18504,1
18505,2
18506,4
18507,10
18508,3
18509,6
18510,4
18511,2
18512,6
18513,10
18514,1
18515,6
18516,6
18517,9
18518,12
18519,11
18520,2
18521,8
18522,10
18523,10
18524,6
18525,2
18526,6
18527,10
18528,11
18529,13
18530,11
18531,8
18532,13
18533,4
18534,2
18535,3
18536,1
18537,8
18538,7
18539,0
18540,8
18541,9
18542,0
18543,0
18544,6
18545,2
18546,10
18547,7
18548,10
18549,1
18550,11
18551,6
18552,11
18553,10
18554,11
18555,13
18556,4
18557,8
18558,11
18559,13
18560,8
18561,0
18562,12
18563,8
18564,6
18565,3
18566,0
18567,1
18568,12
18569,0
18570,2
18571,11
18572,8
18573,8
18574,8
18575,4
18576,0
18577,4
18578,11
18579,11
18580,3
18581,4
18582,4
18583,2
18584,7
18585,6
18586,5
18587,13
18588,6
18589,8
18590,1
18591,8
18592,3
18593,8
18594,6
18595,7
18596,6
18597,4
18598,2
18599,1
18600,7
18601,7
18602,11
18603,6
18604,2
18605,13
18606,12
18607,11
18608,8
18609,2
18610,9
18611,6
18612,4
18613,12
18614,2
18615,0
18616,2
18617,13
18618,11
18619,2
18620,4
18621,10
18622,0
18623,7
18624,8
18625,0
18626,7
18627,7
18628,10
18629,6
18630,4
18631,8
18632,11
18633,2
18634,2
18635,8
18636,4
18637,10
18638,10
18639,7
18640,2
18641,8
18642,9
18643,1
18644,7
18645,0
18646,5
18647,13
18648,1
18649,4
18650,1
18651,10
18652,0
18653,3
18654,0
18655,8
18656,7
18657,9
18658,13
18659,12
18660,9
18661,7
18662,3
18663,13
18664,9
18665,1
18666,8
18667,7
18668,0
18669,4
18670,0
18671,3
18672,12
18673,10
18674,6
18675,9
18676,1
18677,11
18678,8
18679,3
18680,9
18681,8
18682,7
18683,7
18684,9
18685,8
18686,12
18687,6
18688,0
18689,2
18690,1
18691,3
18692,0
18693,2
18694,3
18695,6
18696,6
18697,8
18698,3
18699,7
18700,1
18701,0
18702,3
18703,6
18704,7
18705,1
18706,5
18707,6
18708,2
18709,13
18710,2
18711,11
18712,10
18713,11
18714,12
18715,8
18716,12
18717,11
18718,8
18719,11
18720,2
18721,1
18722,11
18723,3
18724,0
18725,2
18726,9
18727,7
18728,10
18729,7
18730,10
18731,9
18732,4
18733,11
18734,6
18735,2
18736,0
18737,8
18738,10
18739,3
18740,5
18741,4
18742,11
18743,1
18744,1
18745,1
18746,13
18747,8
18748,9
18749,0
18750,0
18751,8
18752,12
18753,13
18754,2
18755,2
18756,13
18757,0
18758,7
18759,2
18760,12
18761,8
18762,8
18763,1
18764,1
18765,0
18766,9
18767,11
18768,13
18769,11
18770,7
18771,2
18772,10
18773,2
18774,0
18775,7
18776,0
18777,8
18778,10
18779,11
18780,1
18781,4
18782,11
18783,6
18784,10
18785,11
18786,11
18787,2
18788,13
18789,10
18790,6
18791,7
18792,9
18793,7
18794,4
18795,11
18796,7
18797,1
18798,1
18799,11
18800,11
18801,13
18802,13
18803,2
18804,2
18805,0
18806,6
18807,6
18808,0
18809,8
18810,0
18811,4
18812,6
18813,11
18814,2
18815,0
18816,11
18817,7
18818,0
18819,2
18820,2
18821,0
18822,1
18823,11
18824,11
18825,11
18826,13
18827,2
18828,7
18829,11
18830,12
18831,6
18832,0
18833,11
18834,11
18835,7
18836,0
18837,1
18838,6
18839,1
18840,11
18841,5
18842,6
18843,8
18844,11
18845,7
18846,10
18847,4
18848,11
18849,7
18850,10
18851,0
18852,6
18853,2
18854,1
18855,7
18856,0
18857,8
18858,6
18859,2
18860,0
18861,12
18862,8
18863,8
18864,0
18865,9
18866,4
18867,2
18868,6
18869,0
18870,1
18871,0
18872,11
18873,13
18874,2
18875,10
18876,10
18877,11
18878,0
18879,2
18880,12
18881,13
18882,2
18883,2
18884,7
18885,5
18886,11
18887,0
18888,1
18889,1
18890,4
18891,2
18892,12
18893,7
18894,1
18895,8
18896,1
18897,11
18898,8
18899,2
18900,9
18901,7
18902,6
18903,3
18904,6
18905,8
18906,11
18907,3
18908,10
18909,11
18910,2
18911,8
18912,13
18913,6
18914,8
18915,0
18916,11
18917,11
18918,10
18919,13
18920,2
18921,13
18922,12
18923,10
18924,1
18925,11
18926,10
18927,10
18928,0
18929,10
18930,2
18931,7
18932,1
18933,1
18934,13
18935,2
18936,0
18937,10
18938,13
18939,8
18940,2
18941,9
18942,7
18943,5
18944,4
18945,7
18946,0
18947,1
18948,10
18949,11
18950,3
18951,7
18952,13
18953,10
18954,1
18955,2
18956,7
18957,13
18958,0
18959,13
18960,7
18961,0
18962,12
18963,11
18964,0
18965,10
18966,2
18967,8
18968,1
18969,4
18970,8
18971,6
18972,9
18973,7
18974,4
18975,2
18976,12
18977,12
18978,0
18979,1
18980,2
18981,2
18982,13
18983,8
18984,4
18985,4
18986,2
18987,11
18988,6
18989,11
18990,1
18991,8
18992,4
18993,13
18994,6
18995,3
18996,10
18997,1
18998,8
18999,3
19000,2
19001,4
19002,7
19003,8
19004,13
19005,2
19006,9
19007,9
19008,7
19009,8
19010,7
19011,7
19012,11
19013,10
19014,0
19015,1
19016,0
19017,2
19018,1
19019,11
19020,4
19021,8
19022,3
19023,9
19024,8
19025,11
19026,11
19027,10
19028,11
19029,8
19030,2
19031,13
19032,10
19033,0
19034,10
19035,2
19036,2
19037,0
19038,11
19039,1
19040,1
19041,3
19042,7
19043,1
19044,4
19045,2
19046,10
19047,2
19048,8
19049,1
19050,5
19051,4
19052,2
19053,2
19054,11
19055,10
19056,11
19057,3
19058,2
19059,7
19060,3
19061,2
19062,11
19063,11
19064,11
19065,9
19066,2
19067,7
19068,6
19069,12
19070,9
19071,12
19072,2
19073,3
19074,7
19075,10
19076,8
19077,6
19078,0
19079,12
19080,2
19081,10
19082,3
19083,12
19084,0
19085,6
19086,7
19087,11
19088,1
19089,10
19090,3
19091,9
19092,6
19093,10
19094,9
19095,2
19096,0
19097,4
19098,11
19099,1
19100,2
19101,11
19102,2
19103,0
19104,2
19105,2
19106,10
19107,9
19108,7
19109,11
19110,4
19111,7
19112,11
19113,11
19114,9
19115,0
19116,6
19117,6
19118,1
19119,2
19120,8
19121,0
19122,1
19123,1
19124,1
19125,0
19126,7
19127,11
19128,1
19129,6
19130,9
19131,12
19132,1
19133,8
19134,4
19135,4
19136,3
19137,11
19138,12
19139,11
19140,8
19141,0
19142,8
19143,2
19144,10
19145,2
19146,0
19147,2
19148,10
19149,3
19150,7
19151,7
19152,7
19153,12
19154,0
19155,4
19156,3
19157,7
19158,8
19159,0
19160,7
19161,7
19162,11
19163,0
19164,8
19165,11
19166,6
19167,9
19168,12
19169,8
19170,2
19171,1
19172,2
19173,1
19174,10
19175,9
19176,8
19177,0
19178,12
19179,1
19180,1
19181,3
19182,7
19183,11
19184,13
19185,11
19186,7
19187,1
19188,8
19189,12
19190,1
19191,9
19192,9
19193,11
19194,0
19195,11
19196,6
19197,6
19198,8
19199,9
19200,7
19201,5
19202,13
19203,3
19204,1
19205,11
19206,11
19207,11
19208,1
19209,4
19210,1
19211,4
19212,12
19213,7
19214,2
19215,11
19216,11
19217,10
19218,6
19219,0
19220,1
19221,1
19222,9
19223,4
19224,7
19225,0
19226,6
19227,12
19228,11
19229,8
19230,2
19231,11
19232,12
19233,2
19234,3
19235,11
19236,0
19237,11
19238,3
19239,0
19240,4
19241,13
19242,10
19243,10
19244,10
19245,10
19246,6
19247,9
19248,1
19249,7
19250,9
19251,8
19252,8
19253,0
19254,11
19255,0
19256,7
19257,0
19258,4
19259,0
19260,10
19261,3
19262,1
19263,12
19264,11
19265,11
19266,9
19267,3
19268,11
19269,1
19270,9
19271,3
19272,4
19273,7
19274,4
19275,1
19276,3
19277,1
19278,6
19279,8
19280,7
19281,3
19282,5
19283,7
19284,11
19285,11
19286,4
19287,7
19288,7
19289,1
19290,8
19291,0
19292,0
19293,0
19294,0
19295,2
19296,8
19297,10
19298,1
19299,9
19300,7
19301,13
19302,1
19303,4
19304,1
19305,6
19306,9
19307,2
19308,8
19309,1
19310,0
19311,11
19312,8
19313,10
19314,0
19315,12
19316,7
19317,0
19318,1
19319,0
19320,8
19321,2
19322,0
19323,9
19324,11
19325,2
19326,1
19327,10
19328,4
19329,10
19330,2
19331,1
19332,9
19333,8
19334,12
19335,6
19336,0
19337,6
19338,10
19339,3
19340,6
19341,7
19342,6
19343,11
19344,0
19345,0
19346,8
19347,2
19348,0
19349,4
19350,6
19351,5
19352,8
19353,1
19354,7
19355,8
19356,0
19357,0
19358,8
19359,0
19360,7
19361,0
19362,13
19363,4
19364,2
19365,8
19366,3
19367,9
19368,6
19369,7
19370,9
19371,4
19372,8
19373,12
19374,7
19375,3
19376,6
19377,7
19378,8
19379,2
19380,2
19381,12
19382,11
19383,8
19384,7
19385,10
19386,0
19387,7
19388,3
19389,13
19390,11
19391,11
19392,10
19393,0
19394,4
19395,9
19396,8
19397,1
19398,7
19399,11
19400,6
19401,11
19402,12
19403,0
19404,1
19405,10
19406,1
19407,6
19408,13
19409,11
19410,13
19411,3
19412,4
19413,5
19414,12
19415,1
19416,0
19417,3
19418,12
19419,1
19420,13
19421,1
19422,10
19423,8
19424,2
19425,9
19426,10
19427,12
19428,12
19429,11
19430,13
19431,11
19432,3
19433,13
19434,1
19435,6
19436,7
19437,6
19438,8
19439,8
19440,0
19441,6
19442,8
19443,2
19444,0
19445,11
19446,12
19447,0
19448,11
19449,8
19450,2
19451,5
19452,4
19453,0
19454,3
19455,11
19456,8
19457,8
19458,12
19459,10
19460,7
19461,2
19462,11
19463,9
19464,6
19465,1
19466,9
19467,4
19468,9
19469,9
19470,7
19471,11
19472,0
19473,10
19474,2
19475,1
19476,4
19477,3
19478,10
19479,0
19480,12
19481,11
19482,12
19483,11
19484,4
19485,8
19486,10
19487,11
19488,6
19489,2
19490,13
19491,1
19492,6
19493,9
19494,1
19495,1
19496,4
19497,1
19498,4
19499,12
19500,13
19501,10
19502,9
19503,0
19504,10
19505,1
19506,11
19507,3
19508,3
19509,12
19510,8
19511,4
19512,8
19513,6
19514,9
19515,10
19516,2
19517,1
19518,6
19519,10
19520,2
19521,7
19522,6
19523,2
19524,1
19525,2
19526,8
19527,11
19528,0
19529,3
19530,11
19531,7
19532,7
19533,10
19534,6
19535,9
19536,2
19537,10
19538,11
19539,10
19540,2
19541,3
19542,4
19543,12
19544,9
19545,6
19546,6
19547,11
19548,1
19549,12
19550,12
19551,2
19552,2
19553,12
19554,6
19555,0
19556,10
19557,13
19558,8
19559,4
19560,8
19561,0
19562,6
19563,4
19564,12
19565,7
19566,10
19567,1
19568,13
19569,2
19570,8
19571,3
19572,1
19573,8
19574,9
19575,10
19576,8
19577,9
19578,12
19579,7
19580,1
19581,9
19582,1
19583,7
19584,3
19585,5
19586,4
19587,7
19588,7
19589,10
19590,2
19591,3
19592,11
19593,2
19594,8
19595,3
19596,12
19597,8
19598,6
19599,11
19600,4
19601,1
19602,9
19603,3
19604,0
19605,8
19606,11
19607,11
19608,12
19609,11
19610,0
19611,0
19612,11
19613,8
19614,2
19615,8
19616,1
19617,6
19618,0
19619,0
19620,11
19621,4
19622,9
19623,8
19624,10
19625,7
19626,8
19627,11
19628,6
19629,6
19630,8
19631,11
19632,6
19633,10
19634,7
19635,9
19636,0
19637,11
19638,4
19639,8
19640,12
19641,7
19642,1
19643,5
19644,11
19645,6
19646,9
19647,5
19648,9
19649,10
19650,7
19651,11
19652,12
19653,9
19654,7
19655,8
19656,6
19657,1
19658,11
19659,6
19660,10
19661,10
19662,11
19663,13
19664,11
19665,13
19666,1
19667,8
19668,6
19669,11
19670,3
19671,5
19672,5
19673,13
19674,6
19675,5
19676,9
19677,2
19678,9
19679,2
19680,8
19681,10
19682,0
19683,11
19684,1
19685,2
19686,11
19687,10
19688,1
19689,10
19690,8
19691,0
19692,11
19693,0
19694,8
19695,0
19696,7
19697,10
19698,6
19699,8
19700,1
19701,2
19702,2
19703,8
19704,6
19705,4
19706,1
19707,10
19708,6
19709,3
19710,7
19711,9
19712,1
19713,4
19714,2
19715,8
19716,11
19717,8
19718,8
19719,2
19720,3
19721,11
19722,0
19723,1
19724,8
19725,11
19726,1
19727,1
19728,10
19729,8
19730,12
19731,3
19732,10
19733,6
19734,13
19735,0
19736,3
19737,11
19738,2
19739,11
19740,4
19741,3
19742,12
19743,0
19744,1
19745,4
19746,3
19747,13
19748,10
19749,1
19750,11
19751,8
19752,7
19753,7
19754,11
19755,12
19756,13
19757,2
19758,12
19759,8
19760,4
19761,2
19762,11
19763,7
19764,3
19765,11
19766,11
19767,1
19768,11
19769,4
19770,0
19771,9
19772,3
19773,1
19774,6
19775,10
19776,8
19777,11
19778,7
19779,7
19780,9
19781,2
19782,6
19783,0
19784,4
19785,11
19786,10
19787,10
19788,1
19789,7
19790,11
19791,0
19792,8
19793,6
19794,11
19795,8
19796,6
19797,1
19798,2
19799,8
19800,7
19801,7
19802,8
19803,4
19804,9
19805,2
19806,12
19807,7
19808,12
19809,4
19810,1
19811,9
19812,10
19813,11
19814,0
19815,8
19816,4
19817,7
19818,11
19819,3
19820,9
19821,0
19822,11
19823,3
19824,11
19825,10
19826,2
19827,2
19828,7
19829,7
19830,1
19831,10
19832,11
19833,1
19834,0
19835,1
19836,6
19837,6
19838,3
19839,13
19840,3
19841,2
19842,9
19843,6
19844,2
19845,6
19846,0
19847,7
19848,11
19849,2
19850,12
19851,12
19852,13
19853,3
19854,8
19855,8
19856,7
19857,9
19858,1
19859,6
19860,2
19861,11
19862,0
19863,8
19864,8
19865,11
19866,0
19867,2
19868,11
19869,11
19870,4
19871,6
19872,6
19873,11
19874,3
19875,1
19876,2
19877,0
19878,2
19879,13
19880,11
19881,1
19882,8
19883,8
19884,3
19885,11
19886,11
19887,11
19888,3
19889,9
19890,0
19891,2
19892,8
19893,4
19894,1
19895,0
19896,1
19897,0
19898,6
19899,8
19900,2
19901,0
19902,12
19903,0
19904,1
19905,6
19906,7
19907,12
19908,0
19909,2
19910,6
19911,11
19912,0
19913,6
19914,1
19915,11
19916,0
19917,9
19918,12
19919,1
19920,11
19921,13
19922,7
19923,10
19924,1
19925,2
19926,11
19927,6
19928,8
19929,4
19930,1
19931,13
19932,2
19933,9
19934,0
19935,10
19936,6
19937,11
19938,6
19939,1
19940,1
19941,11
19942,4
19943,2
19944,1
19945,3
19946,4
19947,0
19948,11
19949,4
19950,13
19951,10
19952,11
19953,0
19954,2
19955,11
19956,0
19957,11
19958,4
19959,8
19960,1
19961,6
19962,2
19963,3
19964,10
19965,4
19966,11
19967,0
19968,11
19969,11
19970,11
19971,7
19972,8
19973,13
19974,11
19975,13
19976,6
19977,4
19978,3
19979,10
19980,0
19981,11
19982,10
19983,7
19984,6
19985,2
19986,3
19987,0
19988,3
19989,2
19990,7
19991,6
19992,4
19993,6
19994,0
19995,3
19996,1
19997,10
19998,6
19999,1
20000,10
20001,2
20002,11
20003,6
20004,12
20005,7
20006,0
20007,6
20008,12
20009,13
20010,4
20011,13
20012,11
20013,8
20014,12
20015,6
20016,7
20017,12
20018,12
20019,1
20020,1
20021,0
20022,11
20023,11
20024,7
20025,7
20026,0
20027,5
20028,8
20029,0
20030,0
20031,10
20032,2
20033,0
20034,3
20035,2
20036,1
20037,8
20038,6
20039,6
20040,4
20041,10
20042,11
20043,6
20044,11
20045,7
20046,0
20047,6
20048,2
20049,7
20050,12
20051,4
20052,10
20053,7
20054,4
20055,0
20056,2
20057,6
20058,12
20059,0
20060,3
20061,3
20062,4
20063,12
20064,1
20065,11
20066,9
20067,8
20068,1
20069,2
20070,3
20071,0
20072,1
20073,10
20074,2
20075,10
20076,6
20077,2
20078,0
20079,9
20080,7
20081,0
20082,11
20083,7
20084,9
20085,13
20086,11
20087,6
20088,2
20089,7
20090,10
20091,11
20092,4
20093,11
20094,2
20095,4
20096,3
20097,10
20098,0
20099,8
20100,3
20101,7
20102,0
20103,7
20104,13
20105,12
20106,6
20107,2
20108,10
20109,10
20110,9
20111,3
20112,2
20113,10
20114,6
20115,6
20116,2
20117,10
20118,0
20119,1
20120,2
20121,2
20122,2
20123,6
20124,8
20125,7
20126,10
20127,12
20128,13
20129,0
20130,3
20131,6
20132,1
20133,12
20134,4
20135,7
20136,11
20137,0
20138,12
20139,6
20140,6
20141,1
20142,2
20143,4
20144,11
20145,1
20146,3
20147,0
20148,7
20149,2
20150,4
20151,4
20152,4
20153,11
20154,12
20155,6
20156,4
20157,6
20158,8
20159,4
20160,3
20161,0
20162,0
20163,7
20164,0
20165,2
20166,12
20167,2
20168,10
20169,1
20170,4
20171,10
20172,7
20173,6
20174,2
20175,10
20176,1
20177,2
20178,2
20179,5
20180,0
20181,13
20182,5
20183,2
20184,0
20185,7
20186,12
20187,0
20188,0
20189,12
20190,10
20191,6
20192,6
20193,7
20194,3
20195,4
20196,11
20197,11
20198,3
20199,3
20200,2
20201,12
20202,9
20203,8
20204,2
20205,2
20206,12
20207,2
20208,5
20209,12
20210,4
20211,6
20212,5
20213,4
20214,13
20215,2
20216,13
20217,1
20218,10
20219,9
20220,2
20221,8
20222,4
20223,13
20224,11
20225,9
20226,4
20227,2
20228,6
20229,1
20230,10
20231,2
20232,13
20233,7
20234,6
20235,2
20236,7
20237,8
20238,4
20239,6
20240,6
20241,7
20242,11
20243,13
20244,0
20245,0
20246,2
20247,8
20248,9
20249,4
20250,11
20251,6
20252,7
20253,4
20254,8
20255,6
20256,0
20257,3
20258,13
20259,11
20260,4
20261,7
20262,2
20263,0
20264,10
20265,0
20266,0
20267,6
20268,10
20269,13
20270,3
20271,6
20272,4
20273,8
20274,9
20275,4
20276,7
20277,8
20278,9
20279,7
20280,0
20281,0
20282,10
20283,3
20284,11
20285,4
20286,7
20287,7
20288,6
20289,4
20290,2
20291,8
20292,0
20293,1
20294,11
20295,6
20296,9
20297,0
20298,11
20299,1
20300,1
20301,11
20302,8
20303,2
20304,9
20305,4
20306,10
20307,10
20308,4
20309,0
20310,10
20311,0
20312,12
20313,4
20314,6
20315,0
20316,13
20317,3
20318,8
20319,7
20320,0
20321,3
20322,8
20323,1
20324,1
20325,12
20326,2
20327,7
20328,6
20329,1
20330,2
20331,11
20332,11
20333,6
20334,13
20335,6
20336,10
20337,7
20338,4
20339,11
20340,2
20341,5
20342,11
20343,8
20344,11
20345,0
20346,8
20347,0
20348,3
20349,10
20350,12
20351,0
20352,9
20353,9
20354,6
20355,12
20356,7
20357,3
20358,8
20359,2
20360,7
20361,1
20362,3
20363,1
20364,0
20365,3
20366,4
20367,10
20368,7
20369,1
20370,7
20371,8
20372,2
20373,11
20374,0
20375,2
20376,8
20377,7
20378,0
20379,1
20380,12
20381,10
20382,7
20383,10
20384,11
20385,2
20386,1
20387,7
20388,11
20389,11
20390,6
20391,7
20392,0
20393,12
20394,7
20395,8
20396,6
20397,1
20398,7
20399,11
20400,10
20401,8
20402,0
20403,0
20404,4
20405,10
20406,13
20407,4
20408,12
20409,2
20410,0
20411,10
20412,10
20413,4
20414,10
20415,10
20416,5
20417,3
20418,11
20419,11
20420,11
20421,0
20422,7
20423,9
20424,10
20425,6
20426,11
20427,0
20428,0
20429,0
20430,8
20431,13
20432,10
20433,8
20434,3
20435,9
20436,6
20437,9
20438,6
20439,3
20440,3
20441,10
20442,3
20443,11
20444,4
20445,12
20446,11
20447,1
20448,1
20449,0
20450,11
20451,11
20452,1
20453,7
20454,11
20455,6
20456,1
20457,3
20458,8
20459,7
20460,13
20461,3
20462,9
20463,9
20464,2
20465,7
20466,1
20467,8
20468,13
20469,5
20470,6
20471,3
20472,13
20473,0
20474,1
20475,0
20476,3
20477,9
20478,10
20479,13
20480,5
20481,0
20482,2
20483,8
20484,0
20485,0
20486,8
20487,2
20488,8
20489,12
20490,10
20491,11
20492,13
20493,3
20494,13
20495,1
20496,1
20497,4
20498,0
20499,5
20500,2
20501,10
20502,12
20503,2
20504,10
20505,12
20506,1
20507,8
20508,10
20509,1
20510,9
20511,11
20512,8
20513,7
20514,6
20515,0
20516,12
20517,6
20518,7
20519,1
20520,1
20521,6
20522,8
20523,1
20524,6
20525,10
20526,8
20527,4
20528,6
20529,2
20530,1
20531,8
20532,5
20533,13
20534,7
20535,6
20536,3
20537,3
20538,4
20539,11
20540,0
20541,6
20542,2
20543,6
20544,4
20545,11
20546,1
20547,13
20548,12
20549,12
20550,12
20551,2
20552,11
20553,1
20554,2
20555,11
20556,11
20557,6
20558,5
20559,7
20560,6
20561,2
20562,11
20563,3
20564,0
20565,2
20566,5
20567,6
20568,12
20569,4
20570,12
20571,9
20572,7
20573,11
20574,2
20575,6
20576,10
20577,3
20578,0
20579,6
20580,10
20581,7
20582,11
20583,11
20584,13
20585,12
20586,5
20587,4
20588,0
20589,9
20590,2
20591,11
20592,9
20593,4
20594,7
20595,8
20596,12
20597,3
20598,3
20599,11
20600,2
20601,1
20602,9
20603,0
20604,7
20605,6
20606,0
20607,0
20608,2
20609,11
20610,9
20611,8
20612,7
20613,7
20614,0
20615,5
20616,7
20617,9
20618,3
20619,11
20620,7
20621,2
20622,6
20623,7
20624,13
20625,6
20626,0
20627,2
20628,11
20629,2
20630,2
20631,9
20632,13
20633,6
20634,0
20635,12
20636,0
20637,0
20638,13
20639,1
20640,1
20641,2
20642,6
20643,11
20644,11
20645,3
20646,10
20647,10
20648,10
20649,12
20650,12
20651,13
20652,11
20653,10
20654,11
20655,3
20656,1
20657,2
20658,11
20659,13
20660,11
20661,10
20662,13
20663,8
20664,2
20665,10
20666,11
20667,8
20668,6
20669,1
20670,12
20671,10
20672,12
20673,10
20674,10
20675,2
20676,10
20677,3
20678,1
20679,9
20680,11
20681,1
20682,11
20683,4
20684,12
20685,11
20686,4
20687,12
20688,4
20689,13
20690,7
20691,2
20692,11
20693,11
20694,3
20695,5
20696,9
20697,6
20698,10
20699,2
20700,13
20701,12
20702,4
20703,7
20704,4
20705,7
20706,2
20707,0
20708,13
20709,4
20710,8
20711,6
20712,7
20713,10
20714,0
20715,11
20716,10
20717,4
20718,7
20719,0
20720,8
20721,6
20722,2
20723,4
20724,7
20725,1
20726,13
20727,13
20728,11
20729,13
20730,9
20731,1
20732,2
20733,10
20734,1
20735,11
20736,11
20737,1
20738,3
20739,7
20740,8
20741,6
20742,10
20743,1
20744,2
20745,9
20746,9
20747,1
20748,10
20749,1
20750,8
20751,12
20752,2
20753,2
20754,6
20755,6
20756,11
20757,9
20758,1
20759,10
20760,3
20761,2
20762,1
20763,5
20764,4
20765,6
20766,9
20767,3
20768,8
20769,0
20770,2
20771,7
20772,8
20773,1
20774,6
20775,2
20776,8
20777,3
20778,3
20779,13
20780,12
20781,8
20782,1
20783,13
20784,11
20785,12
20786,2
20787,11
20788,7
20789,2
20790,12
20791,0
20792,4
20793,11
20794,11
20795,1
20796,3
20797,2
20798,1
20799,6
20800,11
20801,6
20802,2
20803,6
20804,2
20805,12
20806,9
20807,10
20808,10
20809,13
20810,10
20811,2
20812,12
20813,2
20814,10
20815,9
20816,4
20817,9
20818,11
20819,1
20820,9
20821,2
20822,11
20823,7
20824,5
20825,7
20826,0
20827,11
20828,7
20829,6
20830,8
20831,0
20832,3
20833,7
20834,10
20835,0
20836,1
20837,13
20838,1
20839,7
20840,11
20841,2
20842,12
20843,1
20844,6
20845,0
20846,6
20847,1
20848,1
20849,11
20850,9
20851,6
20852,7
20853,1
20854,9
20855,2
20856,2
20857,3
20858,5
20859,7
20860,11
20861,2
20862,2
20863,13
20864,3
20865,10
20866,12
20867,10
20868,6
20869,13
20870,13
20871,0
20872,8
20873,11
20874,2
20875,2
20876,9
20877,4
20878,12
20879,2
20880,6
20881,3
20882,12
20883,10
20884,9
20885,7
20886,12
20887,11
20888,7
20889,6
20890,1
20891,11
20892,0
20893,7
20894,13
20895,12
20896,6
20897,2
20898,6
20899,10
20900,7
20901,6
20902,10
20903,11
20904,0
20905,6
20906,10
20907,11
20908,11
20909,1
20910,0
20911,3
20912,1
20913,0
20914,11
20915,2
20916,5
20917,7
20918,8
20919,0
20920,12
20921,6
20922,0
20923,12
20924,11
20925,0
20926,1
20927,3
20928,8
20929,10
20930,0
20931,1
20932,1
20933,10
20934,0
20935,1
20936,11
20937,4
20938,8
20939,13
20940,0
20941,13
20942,8
20943,0
20944,2
20945,5
20946,6
20947,3
20948,0
20949,8
20950,7
20951,13
20952,5
20953,8
20954,9
20955,4
20956,6
20957,0
20958,3
20959,6
20960,11
20961,12
20962,7
20963,0
20964,4
20965,0
20966,13
20967,8
20968,10
20969,7
20970,7
20971,9
20972,6
20973,10
20974,6
20975,5
20976,12
20977,3
20978,13
20979,3
20980,1
20981,8
20982,13
20983,1
20984,8
20985,2
20986,11
20987,2
20988,3
20989,11
20990,0
20991,10
20992,0
20993,9
20994,12
20995,13
20996,12
20997,11
20998,0
20999,12
21000,1
21001,6
21002,1
21003,6
21004,4
21005,8
21006,7
21007,8
21008,12
21009,11
21010,13
21011,10
21012,10
21013,6
21014,0
21015,8
21016,3
21017,12
21018,8
21019,12
21020,8
21021,4
21022,11
21023,4
21024,6
21025,1
21026,9
21027,6
21028,3
21029,5
21030,11
21031,1
21032,5
21033,0
21034,0
21035,2
21036,7
21037,10
21038,12
21039,2
21040,4
21041,1
21042,2
21043,4
21044,0
21045,11
21046,10
21047,6
21048,11
21049,11
21050,11
21051,11
21052,1
21053,11
21054,9
21055,5
21056,9
21057,2
21058,8
21059,11
21060,1
21061,3
21062,7
21063,11
21064,11
21065,3
21066,0
21067,9
21068,7
21069,0
21070,13
21071,8
21072,2
21073,0
21074,1
21075,1
21076,4
21077,2
21078,1
21079,6
21080,3
21081,11
21082,1
21083,0
21084,9
21085,1
21086,1
21087,0
21088,7
21089,8
21090,7
21091,3
21092,6
21093,10
21094,11
21095,0
21096,2
21097,7
21098,12
21099,4
21100,4
21101,3
21102,10
21103,9
21104,7
21105,10
21106,0
21107,8
21108,3
21109,2
21110,1
21111,0
21112,12
21113,2
21114,4
21115,2
21116,0
21117,2
21118,0
21119,7
21120,9
21121,6
21122,13
21123,0
21124,11
21125,0
21126,10
21127,7
21128,10
21129,8
21130,0
21131,11
21132,10
21133,8
21134,2
21135,8
21136,9
21137,7
21138,8
21139,6
21140,1
21141,8
21142,11
21143,6
21144,2
21145,1
21146,0
21147,11
21148,3
21149,10
21150,10
21151,0
21152,0
21153,3
21154,1
21155,0
21156,1
21157,7
21158,0
21159,6
21160,13
21161,0
21162,7
21163,11
21164,8
21165,11
21166,11
21167,4
21168,0
21169,11
21170,3
21171,11
21172,10
21173,6
21174,2
21175,2
21176,3
21177,3
21178,1
21179,1
21180,10
21181,11
21182,11
21183,8
21184,0
21185,1
21186,8
21187,7
21188,3
21189,11
21190,6
21191,6
21192,9
21193,11
21194,7
21195,2
21196,11
21197,11
21198,2
21199,1
21200,1
21201,0
21202,6
21203,4
21204,11
21205,9
21206,3
21207,11
21208,11
21209,0
21210,9
21211,7
21212,2
21213,11
21214,2
21215,9
21216,10
21217,12
21218,3
21219,6
21220,11
21221,4
21222,1
21223,2
21224,0
21225,5
21226,2
21227,6
21228,2
21229,9
21230,13
21231,3
21232,11
21233,2
21234,13
21235,10
21236,7
21237,2
21238,0
21239,3
21240,12
21241,6
21242,4
21243,12
21244,4
21245,0
21246,1
21247,2
21248,3
21249,11
21250,7
21251,12
21252,12
21253,11
21254,8
21255,10
21256,4
21257,13
21258,1
21259,2
21260,12
21261,11
21262,3
21263,2
21264,2
21265,0
21266,0
21267,11
21268,11
21269,13
21270,4
21271,1
21272,11
21273,8
21274,6
21275,7
21276,8
21277,0
21278,2
21279,12
21280,13
21281,8
21282,0
21283,4
21284,3
21285,12
21286,12
21287,9
21288,2
21289,10
21290,9
21291,1
21292,7
21293,0
21294,7
21295,11
21296,11
21297,2
21298,1
21299,2
21300,12
21301,3
21302,13
21303,5
21304,0
21305,11
21306,3
21307,1
21308,8
21309,3
21310,11
21311,12
21312,12
21313,6
21314,11
21315,12
21316,12
21317,9
21318,11
21319,7
21320,1
21321,1
21322,7
21323,1
21324,13
21325,12
21326,5
21327,11
21328,6
21329,3
21330,1
21331,13
21332,11
21333,8
21334,11
21335,6
21336,2
21337,4
21338,3
21339,8
21340,2
21341,2
21342,1
21343,1
21344,12
21345,11
21346,8
21347,0
21348,0
21349,2
21350,13
21351,12
21352,10
21353,4
21354,0
21355,0
21356,10
21357,13
21358,11
21359,7
21360,0
21361,8
21362,4
21363,7
21364,1
21365,13
21366,10
21367,0
21368,0
21369,10
21370,11
21371,1
21372,10
21373,6
21374,7
21375,4
21376,6
21377,7
21378,0
21379,5
21380,9
21381,11
21382,13
21383,6
21384,0
21385,12
21386,13
21387,12
21388,11
21389,3
21390,1
21391,0
21392,2
21393,4
21394,9
21395,10
21396,4
21397,2
21398,11
21399,7
21400,2
21401,8
21402,2
21403,1
21404,11
21405,2
21406,10
21407,3
21408,8
21409,12
21410,3
21411,0
21412,9
21413,1
21414,4
21415,2
21416,8
21417,12
21418,7
21419,13
21420,7
21421,11
21422,6
21423,9
21424,0
21425,3
21426,6
21427,9
21428,6
21429,8
21430,9
21431,10
21432,12
21433,2
21434,7
21435,7
21436,5
21437,0
21438,11
21439,0
21440,11
21441,1
21442,9
21443,2
21444,13
21445,11
21446,12
21447,3
21448,8
21449,8
21450,1
21451,8
21452,2
21453,1
21454,7
21455,11
21456,1
21457,4
21458,8
21459,3
21460,7
21461,0
21462,0
21463,8
21464,4
21465,6
21466,8
21467,11
21468,12
21469,8
21470,5
21471,11
21472,0
21473,0
21474,13
21475,7
21476,1
21477,10
21478,2
21479,3
21480,1
21481,11
21482,4
21483,9
21484,4
21485,13
21486,11
21487,8
21488,9
21489,0
21490,9
21491,4
21492,10
21493,11
21494,7
21495,11
21496,13
21497,0
21498,0
21499,13
21500,11
21501,12
21502,13
21503,3
21504,2
21505,7
21506,1
21507,1
21508,2
21509,9
21510,0
21511,13
21512,11
21513,2
21514,3
21515,0
21516,13
21517,9
21518,1
21519,3
21520,10
21521,7
21522,12
21523,4
21524,6
21525,12
21526,3
21527,10
21528,2
21529,5
21530,11
21531,0
21532,11
21533,7
21534,0
21535,2
21536,7
21537,1
21538,12
21539,0
21540,0
21541,1
21542,10
21543,1
21544,3
21545,2
21546,0
21547,8
21548,10
21549,11
21550,3
21551,6
21552,12
21553,2
21554,10
21555,13
21556,11
21557,10
21558,7
21559,3
21560,11
21561,10
21562,12
21563,9
21564,12
21565,7
21566,1
21567,4
21568,1
21569,4
21570,1
21571,6
21572,2
21573,0
21574,9
21575,11
21576,12
21577,13
21578,12
21579,10
21580,10
21581,6
21582,0
21583,3
21584,7
21585,3
21586,11
21587,0
21588,4
21589,0
21590,9
21591,5
21592,13
21593,1
21594,6
21595,12
21596,2
21597,13
21598,8
21599,13
21600,7
21601,13
21602,8
21603,12
21604,10
21605,1
21606,7
21607,0
21608,4
21609,7
21610,2
21611,1
21612,3
21613,11
21614,12
21615,2
21616,4
21617,11
21618,2
21619,11
21620,9
21621,11
21622,13
21623,3
21624,4
21625,0
21626,0
21627,12
21628,7
21629,7
21630,7
21631,6
21632,11
21633,11
21634,7
21635,1
21636,0
21637,12
21638,1
21639,12
21640,1
21641,7
21642,11
21643,6
21644,11
21645,3
21646,0
21647,6
21648,4
21649,10
21650,12
21651,7
21652,10
21653,4
21654,11
21655,6
21656,10
21657,10
21658,13
21659,1
21660,0
21661,9
21662,10
21663,7
21664,0
21665,6
21666,7
21667,13
21668,13
21669,8
21670,11
21671,7
21672,10
21673,6
21674,1
21675,2
21676,1
21677,7
21678,7
21679,2
21680,11
21681,0
21682,0
21683,2
21684,3
21685,8
21686,11
21687,0
21688,12
21689,12
21690,1
21691,2
21692,1
21693,13
21694,1
21695,7
21696,6
21697,1
21698,1
21699,6
21700,1
21701,4
21702,3
21703,0
21704,10
21705,6
21706,3
21707,7
21708,10
21709,2
21710,1
21711,0
21712,9
21713,3
21714,3
21715,0
21716,2
21717,9
21718,2
21719,3
21720,11
21721,9
21722,6
21723,9
21724,2
21725,10
21726,6
21727,12
21728,12
21729,1
21730,6
21731,1
21732,3
21733,11
21734,2
21735,9
21736,13
21737,0
21738,4
21739,4
21740,12
21741,6
21742,3
21743,8
21744,11
21745,10
21746,6
21747,4
21748,13
21749,4
21750,11
21751,1
21752,13
21753,1
21754,2
21755,7
21756,7
21757,4
21758,5
21759,2
21760,13
21761,12
21762,11
21763,6
21764,6
21765,11
21766,4
21767,8
21768,1
21769,11
21770,6
21771,0
21772,7
21773,4
21774,1
21775,2
21776,10
21777,12
21778,3
21779,1
21780,6
21781,12
21782,6
21783,3
21784,4
21785,2
21786,13
21787,12
21788,12
21789,6
21790,1
21791,4
21792,1
21793,11
21794,13
21795,5
21796,8
21797,11
21798,2
21799,1
21800,3
21801,13
21802,4
21803,12
21804,1
21805,0
21806,3
21807,10
21808,1
21809,4
21810,2
21811,3
21812,4
21813,12
21814,8
21815,4
21816,6
21817,6
21818,1
21819,0
21820,0
21821,3
21822,8
21823,8
21824,0
21825,6
21826,1
21827,0
21828,11
21829,7
21830,3
21831,8
21832,0
21833,7
21834,0
21835,12
21836,6
21837,4
21838,11
21839,0
21840,11
21841,11
21842,2
21843,11
21844,13
21845,12
21846,8
21847,11
21848,2
21849,8
21850,8
21851,4
21852,12
21853,6
21854,10
21855,4
21856,13
21857,4
21858,8
21859,6
21860,7
21861,6
21862,9
21863,3
21864,12
21865,0
21866,0
21867,4
21868,8
21869,12
21870,1
21871,0
21872,4
21873,8
21874,11
21875,9
21876,4
21877,1
21878,2
21879,1
21880,11
21881,0
21882,13
21883,13
21884,1
21885,6
21886,11
21887,6
21888,2
21889,6
21890,0
21891,13
21892,6
21893,10
21894,10
21895,10
21896,7
21897,12
21898,7
21899,12
21900,5
21901,10
21902,1
21903,10
21904,1
21905,9
21906,1
21907,2
21908,3
21909,1
21910,10
21911,10
21912,0
21913,0
21914,8
21915,12
21916,4
21917,5
21918,7
21919,6
21920,11
21921,8
21922,2
21923,0
21924,9
21925,3
21926,4
21927,2
21928,7
21929,4
21930,6
21931,11
21932,8
21933,6
21934,6
21935,1
21936,1
21937,8
21938,0
21939,6
21940,9
21941,3
21942,10
21943,1
21944,1
21945,13
21946,7
21947,4
21948,11
21949,0
21950,7
21951,9
21952,4
21953,3
21954,1
21955,7
21956,7
21957,9
21958,10
21959,2
21960,8
21961,12
21962,3
21963,4
21964,10
21965,3
21966,2
21967,12
21968,2
21969,8
21970,0
21971,7
21972,11
21973,9
21974,1
21975,12
21976,11
21977,10
21978,4
21979,6
21980,4
21981,11
21982,4
21983,10
21984,12
21985,10
21986,8
21987,1
21988,11
21989,8
21990,9
21991,1
21992,3
21993,10
21994,11
21995,11
21996,11
21997,1
21998,11
21999,9
22000,13
22001,7
22002,11
22003,12
22004,2
22005,7
22006,11
22007,4
22008,2
22009,2
22010,0
22011,6
22012,13
22013,6
22014,12
22015,10
22016,3
22017,7
22018,0
22019,11
22020,10
22021,12
22022,13
22023,10
22024,12
22025,13
22026,9
22027,4
22028,0
22029,4
22030,9
22031,11
22032,11
22033,11
22034,3
22035,6
22036,7
22037,12
22038,13
22039,4
22040,2
22041,13
22042,0
22043,2
22044,0
22045,7
22046,1
22047,2
22048,7
22049,4
22050,10
22051,12
22052,13
22053,3
22054,1
22055,12
22056,12
22057,0
22058,2
22059,8
22060,3
22061,1
22062,11
22063,12
22064,10
22065,11
22066,8
22067,2
22068,10
22069,6
22070,1
22071,8
22072,9
22073,11
22074,9
22075,11
22076,3
22077,10
22078,13
22079,10
22080,6
22081,1
22082,0
22083,10
22084,12
22085,11
22086,13
22087,2
22088,10
22089,9
22090,11
22091,11
22092,3
22093,11
22094,1
22095,4
22096,10
22097,0
22098,4
22099,3
22100,1
22101,5
22102,13
22103,7
22104,11
22105,1
22106,11
22107,1
22108,11
22109,11
22110,4
22111,6
22112,0
22113,13
22114,11
22115,12
22116,4
22117,0
22118,6
22119,12
22120,8
22121,0
22122,5
22123,12
22124,0
22125,11
22126,8
22127,6
22128,8
22129,1
22130,10
22131,11
22132,6
22133,6
22134,1
22135,11
22136,12
22137,0
22138,1
22139,7
22140,9
22141,3
22142,0
22143,9
22144,12
22145,8
22146,12
22147,11
22148,6
22149,2
22150,10
22151,2
22152,10
22153,10
22154,2
22155,12
22156,1
22157,12
22158,8
22159,8
22160,0
22161,10
22162,2
22163,0
22164,10
22165,4
22166,6
22167,2
22168,4
22169,1
22170,13
22171,10
22172,4
22173,13
22174,1
22175,0
22176,3
22177,10
22178,4
22179,8
22180,1
22181,9
22182,3
22183,3
22184,4
22185,12
22186,13
22187,1
22188,2
22189,0
22190,2
22191,2
22192,3
22193,7
22194,4
22195,11
22196,7
22197,1
22198,12
22199,11
22200,2
22201,8
22202,12
22203,11
22204,4
22205,11
22206,10
22207,7
22208,11
22209,11
22210,7
22211,12
22212,8
22213,6
22214,0
22215,3
22216,3
22217,1
22218,1
22219,6
22220,0
22221,11
22222,2
22223,2
22224,0
22225,1
22226,1
22227,3
22228,10
22229,7
22230,4
22231,12
22232,11
22233,2
22234,7
22235,9
22236,10
22237,6
22238,0
22239,9
22240,3
22241,1
22242,2
22243,3
22244,8
22245,13
22246,10
22247,10
22248,9
22249,2
22250,10
22251,4
22252,7
22253,4
22254,9
22255,0
22256,2
22257,13
22258,1
22259,11
22260,2
22261,3
22262,6
22263,1
22264,11
22265,12
22266,8
22267,0
22268,12
22269,1
22270,2
22271,6
22272,1
22273,3
22274,0
22275,9
22276,6
22277,10
22278,0
22279,0
22280,10
22281,4
22282,10
22283,13
22284,1
22285,10
22286,6
22287,10
22288,1
22289,2
22290,8
22291,2
22292,4
22293,11
22294,3
22295,10
22296,6
22297,11
22298,8
22299,8
22300,2
22301,2
22302,7
22303,10
22304,11
22305,4
22306,6
22307,12
22308,10
22309,10
22310,10
22311,3
22312,1
22313,6
22314,0
22315,0
22316,11
22317,1
22318,5
22319,0
22320,4
22321,10
22322,6
22323,7
22324,6
22325,3
22326,1
22327,4
22328,0
22329,6
22330,8
22331,8
22332,3
22333,13
22334,2
22335,5
22336,4
22337,8
22338,12
22339,8
22340,3
22341,11
22342,7
22343,7
22344,11
22345,10
22346,12
22347,9
22348,9
22349,3
22350,11
22351,8
22352,0
22353,1
22354,0
22355,1
22356,2
22357,11
22358,5
22359,2
22360,13
22361,6
22362,0
22363,11
22364,1
22365,4
22366,10
22367,11
22368,8
22369,7
22370,11
22371,7
22372,2
22373,10
22374,4
22375,0
22376,2
22377,2
22378,11
22379,0
22380,4
22381,7
22382,6
22383,2
22384,2
22385,7
22386,10
22387,8
22388,10
22389,2
22390,11
22391,9
22392,4
22393,3
22394,12
22395,12
22396,4
22397,1
22398,9
22399,11
22400,10
22401,1
22402,3
22403,5
22404,12
22405,13
22406,11
22407,1
22408,11
22409,3
22410,0
22411,4
22412,0
22413,12
22414,4
22415,6
22416,2
22417,0
22418,1
22419,4
22420,4
22421,8
22422,8
22423,10
22424,3
22425,3
22426,6
22427,6
22428,7
22429,11
22430,0
22431,3
22432,11
22433,0
22434,6
22435,8
22436,1
22437,5
22438,2
22439,2
22440,10
22441,10
22442,6
22443,10
22444,1
22445,9
22446,3
22447,0
22448,4
22449,12
22450,11
22451,10
22452,3
22453,0
22454,0
22455,1
22456,8
22457,8
22458,11
22459,11
22460,1
22461,7
22462,2
22463,10
22464,1
22465,3
22466,11
22467,9
22468,6
22469,2
22470,4
22471,5
22472,6
22473,9
22474,5
22475,9
22476,0
22477,1
22478,8
22479,2
22480,11
22481,0
22482,7
22483,1
22484,3
22485,10
22486,6
22487,11
22488,10
22489,4
22490,0
22491,11
22492,2
22493,12
22494,2
22495,2
22496,12
22497,11
22498,5
22499,0
22500,10
22501,0
22502,11
22503,0
22504,6
22505,9
22506,13
22507,8
22508,11
22509,6
22510,0
22511,6
22512,11
22513,12
22514,6
22515,10
22516,3
22517,3
22518,2
22519,10
22520,1
22521,12
22522,6
22523,6
22524,9
22525,11
22526,10
22527,9
22528,11
22529,4
22530,1
22531,2
22532,6
22533,2
22534,11
22535,6
22536,7
22537,7
22538,3
22539,12
22540,8
22541,13
22542,9
22543,11
22544,5
22545,11
22546,1
22547,10
22548,13
22549,12
22550,2
22551,6
22552,13
22553,7
22554,0
22555,4
22556,3
22557,4
22558,2
22559,12
22560,2
22561,4
22562,11
22563,11
22564,6
22565,4
22566,9
22567,6
22568,2
22569,2
22570,0
22571,6
22572,11
22573,2
22574,7
22575,6
22576,3
22577,5
22578,0
22579,12
22580,4
22581,12
22582,2
22583,13
22584,12
22585,8
22586,13
22587,4
22588,0
22589,3
22590,11
22591,2
22592,12
22593,12
22594,6
22595,2
22596,4
22597,0
22598,6
22599,2
22600,7
22601,6
22602,4
22603,1
22604,0
22605,8
22606,2
22607,8
22608,6
22609,0
22610,1
22611,6
22612,10
22613,13
22614,7
22615,7
22616,0
22617,4
22618,1
22619,9
22620,10
22621,9
22622,12
22623,13
22624,11
22625,3
22626,13
22627,8
22628,3
22629,12
22630,3
22631,1
22632,4
22633,6
22634,7
22635,0
22636,1
22637,11
22638,3
22639,11
22640,11
22641,0
22642,2
22643,2
22644,12
22645,2
22646,8
22647,9
22648,3
22649,6
22650,7
22651,2
22652,12
22653,11
22654,12
22655,11
22656,10
22657,5
22658,4
22659,13
22660,10
22661,13
22662,13
22663,4
22664,7
22665,1
22666,11
22667,3
22668,2
22669,0
22670,10
22671,7
22672,3
22673,8
22674,2
22675,1
22676,1
22677,6
22678,6
22679,13
22680,4
22681,6
22682,1
22683,7
22684,4
22685,5
22686,6
22687,0
22688,0
22689,11
22690,11
22691,11
22692,10
22693,13
22694,4
22695,10
22696,9
22697,0
22698,12
22699,10
22700,12
22701,12
22702,0
22703,0
22704,11
22705,11
22706,4
22707,8
22708,12
22709,8
22710,9
22711,1
22712,8
22713,10
22714,10
22715,3
22716,2
22717,4
22718,2
22719,8
22720,11
22721,0
22722,12
22723,0
22724,5
22725,3
22726,2
22727,10
22728,9
22729,10
22730,6
22731,11
22732,12
22733,2
22734,6
22735,12
22736,11
22737,10
22738,13
22739,2
22740,13
22741,2
22742,8
22743,0
22744,11
22745,4
22746,3
22747,11
22748,6
22749,9
22750,1
22751,10
22752,12
22753,12
22754,6
22755,0
22756,12
22757,11
22758,3
22759,10
22760,0
22761,7
22762,0
22763,11
22764,2
22765,0
22766,8
22767,0
22768,7
22769,1
22770,10
22771,11
22772,6
22773,3
22774,8
22775,8
22776,6
22777,9
22778,3
22779,6
22780,2
22781,2
22782,10
22783,12
22784,5
22785,8
22786,11
22787,1
22788,11
22789,8
22790,0
22791,0
22792,4
22793,10
22794,13
22795,8
22796,6
22797,8
22798,9
22799,6
22800,1
22801,8
22802,1
22803,2
22804,8
22805,11
22806,8
22807,7
22808,11
22809,0
22810,0
22811,4
22812,0
22813,8
22814,2
22815,10
22816,6
22817,8
22818,0
22819,8
22820,9
22821,11
22822,4
22823,1
22824,0
22825,2
22826,9
22827,2
22828,0
22829,2
22830,0
22831,1
22832,11
22833,1
22834,11
22835,11
22836,6
22837,7
22838,9
22839,10
22840,11
22841,11
22842,11
22843,12
22844,11
22845,0
22846,0
22847,7
22848,4
22849,2
22850,2
22851,5
22852,10
22853,2
22854,1
22855,5
22856,1
22857,10
22858,11
22859,0
22860,11
22861,10
22862,10
22863,13
22864,2
22865,8
22866,12
22867,4
22868,10
22869,4
22870,10
22871,8
22872,13
22873,2
22874,4
22875,6
22876,12
22877,0
22878,12
22879,6
22880,4
22881,12
22882,10
22883,4
22884,4
22885,10
22886,13
22887,12
22888,6
22889,11
22890,5
22891,12
22892,10
22893,2
22894,12
22895,4
22896,0
22897,1
22898,0
22899,8
22900,12
22901,2
22902,8
22903,1
22904,11
22905,1
22906,1
22907,4
22908,10
22909,12
22910,8
22911,3
22912,13
22913,9
22914,6
22915,9
22916,13
22917,6
22918,11
22919,13
22920,6
22921,2
22922,11
22923,4
22924,10
22925,1
22926,8
22927,2
22928,8
22929,4
22930,1
22931,0
22932,1
22933,11
22934,6
22935,11
22936,0
22937,2
22938,10
22939,6
22940,2
22941,11
22942,11
22943,6
22944,7
22945,2
22946,3
22947,2
22948,0
22949,11
22950,7
22951,9
22952,12
22953,7
22954,10
22955,12
22956,13
22957,0
22958,10
22959,13
22960,9
22961,3
22962,10
22963,1
22964,0
22965,4
22966,11
22967,4
22968,2
22969,7
22970,3
22971,11
22972,13
22973,2
22974,9
22975,11
22976,8
22977,2
22978,1
22979,4
22980,7
22981,0
22982,6
22983,3
22984,10
22985,2
22986,1
22987,4
22988,3
22989,8
22990,2
22991,7
22992,2
22993,3
22994,0
22995,11
22996,2
22997,0
22998,10
22999,11
23000,12
23001,8
23002,1
23003,2
23004,7
23005,9
23006,4
23007,2
23008,1
23009,2
23010,6
23011,4
23012,1
23013,0
23014,4
23015,4
23016,7
23017,2
23018,11
23019,2
23020,8
23021,1
23022,6
23023,0
23024,11
23025,0
23026,4
23027,8
23028,0
23029,12
23030,8
23031,12
23032,4
23033,11
23034,12
23035,3
23036,11
23037,11
23038,11
23039,3
23040,11
23041,4
23042,0
23043,10
23044,9
23045,6
23046,2
23047,10
23048,0
23049,1
23050,13
23051,0
23052,7
23053,2
23054,6
23055,3
23056,3
23057,11
23058,3
23059,4
23060,2
23061,4
23062,7
23063,8
23064,12
23065,4
23066,2
23067,2
23068,8
23069,11
23070,4
23071,6
23072,9
23073,9
23074,10
23075,1
23076,13
23077,11
23078,0
23079,6
23080,0
23081,4
23082,1
23083,10
23084,0
23085,11
23086,6
23087,7
23088,10
23089,4
23090,10
23091,0
23092,3
23093,7
23094,2
23095,11
23096,8
23097,2
23098,12
23099,11
23100,13
23101,4
23102,1
23103,0
23104,2
23105,7
23106,7
23107,8
23108,2
23109,4
23110,2
23111,7
23112,11
23113,11
23114,2
23115,3
23116,5
23117,2
23118,6
23119,11
23120,8
23121,7
23122,13
23123,2
23124,8
23125,1
23126,8
23127,11
23128,7
23129,11
23130,9
23131,7
23132,6
23133,0
23134,13
23135,0
23136,11
23137,10
23138,10
23139,1
23140,6
23141,2
23142,1
23143,4
23144,8
23145,7
23146,10
23147,11
23148,2
23149,1
23150,5
23151,2
23152,10
23153,0
23154,2
23155,6
23156,11
23157,0
23158,2
23159,6
23160,9
23161,1
23162,2
23163,1
23164,6
23165,0
23166,8
23167,9
23168,11
23169,12
23170,13
23171,11
23172,11
23173,7
23174,1
23175,10
23176,1
23177,12
23178,4
23179,2
23180,12
23181,10
23182,8
23183,13
23184,8
23185,10
23186,7
23187,1
23188,8
23189,12
23190,2
23191,11
23192,9
23193,0
23194,1
23195,10
23196,11
23197,1
23198,11
23199,11
23200,8
23201,11
23202,5
23203,13
23204,0
23205,0
23206,2
23207,7
23208,4
23209,12
23210,0
23211,6
23212,0
23213,10
23214,6
23215,2
23216,13
23217,3
23218,2
23219,11
23220,4
23221,12
23222,10
23223,4
23224,5
23225,1
23226,8
23227,13
23228,11
23229,0
23230,7
23231,11
23232,2
23233,8
23234,0
23235,1
23236,6
23237,10
23238,13
23239,6
23240,11
23241,10
23242,0
23243,0
23244,11
23245,10
23246,7
23247,11
23248,4
23249,12
23250,10
23251,5
23252,12
23253,4
23254,7
23255,10
23256,10
23257,2
23258,10
23259,11
23260,0
23261,2
23262,10
23263,7
23264,2
23265,11
23266,7
23267,10
23268,0
23269,11
23270,10
23271,0
23272,11
23273,2
23274,11
23275,5
23276,6
23277,4
23278,4
23279,11
23280,7
23281,3
23282,6
23283,1
23284,2
23285,11
23286,12
23287,1
23288,12
23289,10
23290,8
23291,4
23292,12
23293,1
23294,2
23295,8
23296,2
23297,11
23298,3
23299,7
23300,0
23301,4
23302,2
23303,8
23304,11
23305,8
23306,2
23307,11
23308,4
23309,10
23310,2
23311,8
23312,6
23313,10
23314,11
23315,0
23316,3
23317,12
23318,7
23319,7
23320,0
23321,4
23322,6
23323,0
23324,12
23325,4
23326,10
23327,7
23328,2
23329,1
23330,6
23331,6
23332,2
23333,1
23334,4
23335,6
23336,0
23337,1
23338,11
23339,5
23340,11
23341,1
23342,5
23343,7
23344,10
23345,1
23346,7
23347,2
23348,6
23349,6
23350,4
23351,10
23352,0
23353,13
23354,12
23355,1
23356,11
23357,1
23358,11
23359,4
23360,8
23361,1
23362,2
23363,1
23364,6
23365,3
23366,8
23367,11
23368,6
23369,10
23370,0
23371,6
23372,11
23373,7
23374,2
23375,10
23376,12
23377,5
23378,1
23379,12
23380,0
23381,1
23382,11
23383,2
23384,12
23385,5
23386,0
23387,2
23388,6
23389,1
23390,4
23391,10
23392,10
23393,9
23394,8
23395,11
23396,3
23397,8
23398,10
23399,3
23400,7
23401,6
23402,9
23403,10
23404,6
23405,2
23406,0
23407,11
23408,1
23409,0
23410,11
23411,6
23412,11
23413,10
23414,7
23415,12
23416,9
23417,11
23418,2
23419,10
23420,7
23421,6
23422,3
23423,8
23424,0
23425,8
23426,9
23427,7
23428,12
23429,7
23430,1
23431,10
23432,6
23433,13
23434,1
23435,7
23436,1
23437,6
23438,9
23439,2
23440,12
23441,6
23442,2
23443,11
23444,1
23445,12
23446,2
23447,7
23448,0
23449,1
23450,7
23451,0
23452,0
23453,11
23454,10
23455,2
23456,0
23457,12
23458,7
23459,8
23460,0
23461,6
23462,9
23463,1
23464,0
23465,11
23466,9
23467,12
23468,8
23469,6
23470,10
23471,0
23472,6
23473,1
23474,7
23475,0
23476,11
23477,7
23478,8
23479,2
23480,6
23481,12
23482,12
23483,9
23484,1
23485,11
23486,3
23487,11
23488,0
23489,13
23490,3
23491,10
23492,11
23493,0
23494,13
23495,2
23496,9
23497,7
23498,2
23499,5
23500,11
23501,0
23502,9
23503,12
23504,4
23505,6
23506,9
23507,7
23508,2
23509,6
23510,9
23511,12
23512,11
23513,12
23514,10
23515,11
23516,6
23517,6
23518,8
23519,2
23520,13
23521,11
23522,0
23523,9
23524,8
23525,8
23526,10
23527,8
23528,11
23529,7
23530,6
23531,5
23532,9
23533,10
23534,2
23535,12
23536,4
23537,12
23538,7
23539,10
23540,5
23541,10
23542,12
23543,3
23544,2
23545,6
23546,7
23547,4
23548,2
23549,2
23550,6
23551,12
23552,12
23553,13
23554,2
23555,1
23556,9
23557,1
23558,8
23559,13
23560,2
23561,10
23562,10
23563,8
23564,10
23565,2
23566,2
23567,2
23568,12
23569,4
23570,2
23571,5
23572,7
23573,10
23574,8
23575,13
23576,4
23577,10
23578,10
23579,1
23580,2
23581,9
23582,11
23583,4
23584,8
23585,2
23586,0
23587,7
23588,2
23589,10
23590,2
23591,13
23592,11
23593,13
23594,11
23595,1
23596,3
23597,13
23598,3
23599,11
23600,1
23601,11
23602,7
23603,12
23604,2
23605,2
23606,6
23607,11
23608,11
23609,0
23610,7
23611,0
23612,8
23613,11
23614,12
23615,8
23616,12
23617,8
23618,13
23619,4
23620,0
23621,7
23622,12
23623,4
23624,1
23625,5
23626,12
23627,1
23628,5
23629,12
23630,1
23631,12
23632,2
23633,1
23634,1
23635,7
23636,11
23637,2
23638,11
23639,10
23640,13
23641,2
23642,12
23643,8
23644,2
23645,2
23646,12
23647,5
23648,4
23649,2
23650,13
23651,12
23652,0
23653,1
23654,4
23655,2
23656,1
23657,11
23658,1
23659,2
23660,2
23661,1
23662,11
23663,10
23664,6
23665,12
23666,2
23667,10
23668,11
23669,10
23670,13
23671,9
23672,8
23673,1
23674,9
23675,8
23676,3
23677,12
23678,7
23679,2
23680,7
23681,1
23682,0
23683,6
23684,8
23685,4
23686,2
23687,0
23688,2
23689,9
23690,0
23691,0
23692,1
23693,7
23694,4
23695,2
23696,11
23697,8
23698,1
23699,11
23700,10
23701,11
23702,10
23703,1
23704,8
23705,10
23706,1
23707,12
23708,0
23709,6
23710,11
23711,13
23712,10
23713,10
23714,11
23715,4
23716,12
23717,12
23718,0
23719,1
23720,6
23721,12
23722,0
23723,3
23724,2
23725,2
23726,4
23727,13
23728,7
23729,2
23730,9
23731,9
23732,11
23733,1
23734,3
23735,8
23736,8
23737,12
23738,3
23739,12
23740,6
23741,0
23742,9
23743,6
23744,11
23745,2
23746,10
23747,4
23748,7
23749,9
23750,8
23751,2
23752,5
23753,4
23754,0
23755,5
23756,3
23757,10
23758,5
23759,0
23760,3
23761,7
23762,0
23763,13
23764,2
23765,8
23766,2
23767,0
23768,6
23769,3
23770,5
23771,11
23772,10
23773,5
23774,2
23775,6
23776,2
23777,6
23778,0
23779,6
23780,2
23781,0
23782,8
23783,1
23784,2
23785,10
23786,7
23787,1
23788,12
23789,12
23790,2
23791,6
23792,6
23793,11
23794,11
23795,8
23796,2
23797,7
23798,3
23799,1
23800,12
23801,3
23802,1
23803,5
23804,1
23805,3
23806,2
23807,2
23808,11
23809,2
23810,3
23811,8
23812,2
23813,8
23814,11
23815,2
23816,1
23817,7
23818,6
23819,7
23820,10
23821,2
23822,9
23823,1
23824,6
23825,11
23826,6
23827,2
23828,8
23829,11
23830,1
23831,10
23832,13
23833,1
23834,6
23835,8
23836,0
23837,10
23838,7
23839,7
23840,0
23841,10
23842,7
23843,8
23844,13
23845,3
23846,13
23847,10
23848,9
23849,9
23850,12
23851,0
23852,7
23853,13
23854,4
23855,3
23856,7
23857,12
23858,13
23859,9
23860,4
23861,10
23862,2
23863,1
23864,1
23865,8
23866,9
23867,6
23868,2
23869,10
23870,1
23871,6
23872,0
23873,4
23874,7
23875,1
23876,1
23877,12
23878,11
23879,8
23880,9
23881,3
23882,13
23883,7
23884,13
23885,1
23886,0
23887,5
23888,2
23889,13
23890,11
23891,10
23892,9
23893,8
23894,10
23895,3
23896,10
23897,2
23898,0
23899,2
23900,1
23901,2
23902,0
23903,0
23904,13
23905,2
23906,9
23907,11
23908,0
23909,12
23910,3
23911,7
23912,8
23913,6
23914,3
23915,13
23916,10
23917,0
23918,6
23919,4
23920,1
23921,8
23922,8
23923,12
23924,10
23925,2
23926,2
23927,11
23928,2
23929,4
23930,7
23931,12
23932,3
23933,0
23934,2
23935,0
23936,3
23937,7
23938,6
23939,2
23940,13
23941,6
23942,2
23943,6
23944,4
23945,7
23946,2
23947,7
23948,5
23949,4
23950,0
23951,0
23952,0
23953,8
23954,4
23955,13
23956,9
23957,4
23958,4
23959,1
23960,2
23961,8
23962,6
23963,11
23964,0
23965,4
23966,2
23967,9
23968,9
23969,12
23970,10
23971,9
23972,10
23973,0
23974,8
23975,2
23976,2
23977,11
23978,6
23979,4
23980,13
23981,7
23982,6
23983,12
23984,3
23985,6
23986,12
23987,7
23988,8
23989,6
23990,4
23991,0
23992,2
23993,11
23994,4
23995,2
23996,1
23997,11
23998,6
23999,4
24000,7
24001,13
24002,11
24003,0
24004,7
24005,5
24006,3
24007,11
24008,1
24009,11
24010,5
24011,12
24012,2
24013,11
24014,0
24015,8
24016,4
24017,0
24018,0
24019,11
24020,3
24021,0
24022,11
24023,1
24024,2
24025,11
24026,0
24027,7
24028,1
24029,7
24030,6
24031,1
24032,2
24033,3
24034,6
24035,10
24036,6
24037,11
24038,3
24039,1
24040,7
24041,8
24042,1
24043,2
24044,3
24045,6
24046,3
24047,11
24048,7
24049,9
24050,0
24051,10
24052,11
24053,2
24054,10
24055,8
24056,11
24057,2
24058,6
24059,2
24060,1
24061,9
24062,12
24063,11
24064,4
24065,8
24066,1
24067,7
24068,4
24069,5
24070,8
24071,1
24072,8
24073,6
24074,7
24075,11
24076,6
24077,9
24078,6
24079,1
24080,4
24081,6
24082,1
24083,0
24084,8
24085,2
24086,12
24087,11
24088,10
24089,12
24090,7
24091,3
24092,3
24093,10
24094,2
24095,2
24096,2
24097,13
24098,12
24099,0
24100,11
24101,11
24102,8
24103,4
24104,0
24105,3
24106,3
24107,11
24108,0
24109,6
24110,8
24111,12
24112,1
24113,9
24114,13
24115,2
24116,1
24117,13
24118,8
24119,11
24120,13
24121,7
24122,10
24123,3
24124,1
24125,1
24126,11
24127,10
24128,6
24129,0
24130,9
24131,8
24132,12
24133,5
24134,4
24135,0
24136,0
24137,0
24138,2
24139,10
24140,1
24141,6
24142,6
24143,7
24144,11
24145,7
24146,11
24147,7
24148,9
24149,13
24150,10
24151,6
24152,11
24153,10
24154,2
24155,11
24156,1
24157,2
24158,1
24159,2
24160,7
24161,0
24162,12
24163,2
24164,10
24165,3
24166,12
24167,12
24168,4
24169,2
24170,11
24171,4
24172,8
24173,11
24174,1
24175,7
24176,4
24177,3
24178,11
24179,1
24180,13
24181,0
24182,6
24183,10
24184,2
24185,12
24186,7
24187,3
24188,10
24189,2
24190,13
24191,0
24192,12
24193,1
24194,4
24195,2
24196,12
24197,1
24198,0
24199,10
24200,7
24201,10
24202,1
24203,7
24204,2
24205,1
24206,1
24207,6
24208,12
24209,0
24210,11
24211,4
24212,13
24213,12
24214,10
24215,11
24216,7
24217,2
24218,8
24219,4
24220,6
24221,9
24222,3
24223,10
24224,8
24225,5
24226,1
24227,3
24228,1
24229,5
24230,7
24231,9
24232,2
24233,7
24234,1
24235,7
24236,5
24237,9
24238,8
24239,6
24240,7
24241,8
24242,1
24243,2
24244,6
24245,6
24246,1
24247,0
24248,13
24249,7
24250,11
24251,4
24252,4
24253,7
24254,7
24255,2
24256,6
24257,12
24258,3
24259,0
24260,0
24261,4
24262,10
24263,7
24264,4
24265,9
24266,8
24267,2
24268,4
24269,11
24270,11
24271,10
24272,13
24273,1
24274,0
24275,13
24276,6
24277,13
24278,13
24279,6
24280,0
24281,9
24282,4
24283,12
24284,3
24285,3
24286,2
24287,0
24288,2
24289,1
24290,11
24291,11
24292,3
24293,2
24294,5
24295,10
24296,2
24297,2
24298,12
24299,8
24300,6
24301,2
24302,6
24303,3
24304,11
24305,8
24306,0
24307,7
24308,8
24309,12
24310,6
24311,1
24312,8
24313,1
24314,12
24315,12
24316,0
24317,11
24318,9
24319,6
24320,10
24321,10
24322,3
24323,12
24324,13
24325,3
24326,4
24327,1
24328,7
24329,0
24330,1
24331,1
24332,8
24333,11
24334,3
24335,11
24336,7
24337,7
24338,4
24339,7
24340,0
24341,9
24342,0
24343,4
24344,6
24345,9
24346,1
24347,7
24348,6
24349,9
24350,0
24351,1
24352,7
24353,4
24354,1
24355,13
24356,1
24357,4
24358,13
24359,7
24360,13
24361,3
24362,12
24363,12
24364,7
24365,6
24366,11
24367,1
24368,9
24369,12
24370,2
24371,0
24372,8
24373,0
24374,4
24375,0
24376,7
24377,11
24378,6
24379,3
24380,10
24381,8
24382,9
24383,11
24384,6
24385,3
24386,4
24387,8
24388,10
24389,6
24390,11
24391,8
24392,13
24393,3
24394,1
24395,6
24396,9
24397,2
24398,4
24399,0
24400,12
24401,7
24402,11
24403,0
24404,11
24405,3
24406,1
24407,10
24408,9
24409,0
24410,13
24411,6
24412,12
24413,7
24414,10
24415,12
24416,1
24417,0
24418,10
24419,11
24420,10
24421,0
24422,0
24423,2
24424,3
24425,0
24426,0
24427,8
24428,6
24429,3
24430,2
24431,11
24432,13
24433,1
24434,1
24435,2
24436,3
24437,11
24438,0
24439,1
24440,2
24441,10
24442,6
24443,9
24444,10
24445,7
24446,4
24447,6
24448,13
24449,12
24450,13
24451,7
24452,2
24453,0
24454,9
24455,4
24456,6
24457,8
24458,1
24459,11
24460,8
24461,4
24462,12
24463,4
24464,6
24465,1
24466,0
24467,8
24468,6
24469,6
24470,1
24471,12
24472,10
24473,11
24474,7
24475,8
24476,10
24477,12
24478,2
24479,6
24480,5
24481,2
24482,9
24483,11
24484,0
24485,6
24486,0
24487,8
24488,0
24489,2
24490,2
24491,10
24492,10
24493,11
24494,2
24495,4
24496,9
24497,11
24498,2
24499,6
24500,3
24501,4
24502,9
24503,10
24504,1
24505,12
24506,11
24507,3
24508,8
24509,10
24510,8
24511,12
24512,6
24513,0
24514,0
24515,11
24516,7
24517,6
24518,7
24519,11
24520,6
24521,0
24522,2
24523,8
24524,7
24525,8
24526,4
24527,11
24528,12
24529,0
24530,4
24531,7
24532,4
24533,3
24534,11
24535,2
24536,12
24537,8
24538,4
24539,11
24540,2
24541,7
24542,2
24543,13
24544,1
24545,6
24546,4
24547,1
24548,7
24549,7
24550,1
24551,8
24552,1
24553,2
24554,11
24555,11
24556,8
24557,11
24558,1
24559,11
24560,3
24561,8
24562,1
24563,4
24564,1
24565,8
24566,11
24567,10
24568,8
24569,5
24570,12
24571,6
24572,10
24573,11
24574,1
24575,0
24576,11
24577,3
24578,3
24579,10
24580,1
24581,8
24582,5
24583,7
24584,10
24585,5
24586,2
24587,7
24588,1
24589,6
24590,4
24591,4
24592,7
24593,0
24594,2
24595,9
24596,13
24597,7
24598,4
24599,1
24600,0
24601,3
24602,2
24603,0
24604,4
24605,10
24606,11
24607,10
24608,8
24609,7
24610,13
24611,10
24612,3
24613,3
24614,0
24615,13
24616,10
24617,3
24618,8
24619,2
24620,7
24621,1
24622,3
24623,9
24624,2
24625,6
24626,12
24627,2
24628,11
24629,2
24630,0
24631,8
24632,12
24633,6
24634,10
24635,4
24636,8
24637,1
24638,8
24639,3
24640,7
24641,4
24642,1
24643,13
24644,5
24645,2
24646,9
24647,13
24648,6
24649,5
24650,3
24651,8
24652,9
24653,10
24654,6
24655,8
24656,4
24657,12
24658,1
24659,8
24660,13
24661,10
24662,0
24663,0
24664,9
24665,8
24666,2
24667,1
24668,9
24669,12
24670,8
24671,13
24672,0
24673,10
24674,7
24675,1
24676,12
24677,13
24678,2
24679,11
24680,10
24681,2
24682,12
24683,8
24684,12
24685,3
24686,10
24687,13
24688,6
24689,2
24690,9
24691,8
24692,9
24693,9
24694,12
24695,2
24696,2
24697,1
24698,1
24699,1
24700,0
24701,6
24702,2
24703,8
24704,13
24705,13
24706,4
24707,3
24708,6
24709,4
24710,10
24711,6
24712,0
24713,0
24714,1
24715,11
24716,1
24717,4
24718,0
24719,2
24720,3
24721,0
24722,0
24723,2
24724,8
24725,7
24726,0
24727,7
24728,8
24729,2
24730,6
24731,12
24732,11
24733,8
24734,8
24735,11
24736,4
24737,2
24738,5
24739,10
24740,8
24741,11
24742,5
24743,5
24744,13
24745,10
24746,4
24747,9
24748,12
24749,9
24750,1
24751,13
24752,1
24753,9
24754,8
24755,0
24756,4
24757,0
24758,7
24759,12
24760,13
24761,2
24762,9
24763,13
24764,2
24765,10
24766,1
24767,0
24768,10
24769,1
24770,2
24771,12
24772,0
24773,8
24774,3
24775,0
24776,12
24777,4
24778,3
24779,9
24780,11
24781,11
24782,1
24783,13
24784,2
24785,2
24786,6
24787,10
24788,1
24789,9
24790,12
24791,1
24792,5
24793,4
24794,4
24795,2
24796,11
24797,11
24798,6
24799,13
24800,6
24801,10
24802,1
24803,3
24804,8
24805,6
24806,13
24807,3
24808,1
24809,2
24810,3
24811,7
24812,8
24813,11
24814,6
24815,0
24816,6
24817,11
24818,2
24819,1
24820,3
24821,5
24822,1
24823,11
24824,9
24825,2
24826,1
24827,9
24828,12
24829,2
24830,3
24831,10
24832,3
24833,13
24834,11
24835,1
24836,4
24837,8
24838,7
24839,9
24840,11
24841,6
24842,5
24843,7
24844,12
24845,7
24846,6
24847,13
24848,3
24849,8
24850,1
24851,2
24852,1
24853,11
24854,12
24855,7
24856,3
24857,1
24858,7
24859,11
24860,2
24861,8
24862,10
24863,8
24864,6
24865,11
24866,6
24867,2
24868,7
24869,13
24870,0
24871,6
24872,8
24873,12
24874,2
24875,1
24876,8
24877,11
24878,1
24879,11
24880,3
24881,8
24882,10
24883,8
24884,6
24885,0
24886,7
24887,6
24888,4
24889,0
24890,0
24891,2
24892,10
24893,7
24894,11
24895,10
24896,8
24897,6
24898,12
24899,10
24900,6
24901,7
24902,3
24903,7
24904,3
24905,2
24906,1
24907,6
24908,9
24909,4
24910,9
24911,1
24912,1
24913,10
24914,1
24915,2
24916,12
24917,8
24918,13
24919,7
24920,0
24921,1
24922,7
24923,4
24924,0
24925,2
24926,3
24927,13
24928,12
24929,1
24930,7
24931,2
24932,11
24933,2
24934,7
24935,8
24936,3
24937,11
24938,0
24939,8
24940,0
24941,8
24942,12
24943,2
24944,6
24945,7
24946,10
24947,6
24948,7
24949,9
24950,3
24951,1
24952,1
24953,4
24954,8
24955,1
24956,3
24957,1
24958,2
24959,10
24960,5
24961,11
24962,12
24963,4
24964,8
24965,7
24966,9
24967,4
24968,0
24969,9
24970,13
24971,2
24972,12
24973,0
24974,2
24975,1
24976,11
24977,2
24978,1
24979,4
24980,8
24981,12
24982,4
24983,0
24984,13
24985,1
24986,7
24987,2
24988,12
24989,13
24990,10
24991,2
24992,12
24993,3
24994,7
24995,1
24996,0
24997,3
24998,4
24999,0
25000,0
25001,9
25002,8
25003,8
25004,1
25005,4
25006,10
25007,9
25008,11
25009,3
25010,0
25011,9
25012,12
25013,1
25014,8
25015,7
25016,6
25017,8
25018,12
25019,0
25020,13
25021,4
25022,1
25023,4
25024,11
25025,6
25026,1
25027,11
25028,7
25029,8
25030,2
25031,1
25032,13
25033,7
25034,10
25035,11
25036,4
25037,8
25038,8
25039,0
25040,6
25041,11
25042,0
25043,3
25044,5
25045,8
25046,6
25047,1
25048,6
25049,11
25050,8
25051,12
25052,1
25053,7
25054,1
25055,1
25056,3
25057,9
25058,4
25059,9
25060,11
25061,7
25062,0
25063,4
25064,11
25065,13
25066,11
25067,10
25068,11
25069,7
25070,0
25071,0
25072,11
25073,1
25074,1
25075,11
25076,6
25077,10
25078,5
25079,1
25080,1
25081,9
25082,5
25083,12
25084,3
25085,1
25086,12
25087,2
25088,6
25089,11
25090,4
25091,1
25092,13
25093,3
25094,2
25095,2
25096,1
25097,3
25098,1
25099,4
25100,7
25101,1
25102,7
25103,11
25104,3
25105,8
25106,6
25107,7
25108,7
25109,2
25110,6
25111,12
25112,1
25113,12
25114,0
25115,7
25116,7
25117,8
25118,12
25119,4
25120,2
25121,7
25122,4
25123,1
25124,1
25125,1
25126,1
25127,9
25128,2
25129,1
25130,8
25131,1
25132,8
25133,10
25134,1
25135,1
25136,0
25137,9
25138,1
25139,6
25140,0
25141,8
25142,10
25143,2
25144,9
25145,5
25146,1
25147,2
25148,8
25149,6
25150,8
25151,8
25152,12
25153,10
25154,4
25155,10
25156,6
25157,12
25158,8
25159,12
25160,3
25161,10
25162,1
25163,3
25164,7
25165,8
25166,4
25167,12
25168,0
25169,6
25170,11
25171,0
25172,6
25173,0
25174,13
25175,1
25176,3
25177,10
25178,10
25179,12
25180,0
25181,9
25182,4
25183,10
25184,12
25185,8
25186,7
25187,9
25188,11
25189,11
25190,10
25191,2
25192,2
25193,0
25194,10
25195,0
25196,10
25197,11
25198,2
25199,6
25200,0
25201,1
25202,11
25203,6
25204,0
25205,12
25206,6
25207,2
25208,2
25209,1
25210,12
25211,10
25212,1
25213,0
25214,6
25215,8
25216,13
25217,10
25218,3
25219,13
25220,6
25221,2
25222,8
25223,3
25224,12
25225,1
25226,6
25227,2
25228,0
25229,12
25230,3
25231,1
25232,1
25233,6
25234,8
25235,12
25236,2
25237,10
25238,2
25239,11
25240,9
25241,3
25242,6
25243,6
25244,6
25245,8
25246,2
25247,12
25248,11
25249,10
25250,1
25251,12
25252,4
25253,6
25254,2
25255,6
25256,4
25257,1
25258,6
25259,13
25260,4
25261,5
25262,6
25263,4
25264,11
25265,10
25266,0
25267,11
25268,12
25269,11
25270,6
25271,3
25272,11
25273,4
25274,4
25275,2
25276,8
25277,10
25278,0
25279,9
25280,8
25281,3
25282,0
25283,2
25284,13
25285,2
25286,6
25287,9
25288,9
25289,6
25290,10
25291,1
25292,4
25293,9
25294,9
25295,1
25296,2
25297,2
25298,11
25299,7
25300,7
25301,11
25302,0
25303,10
25304,6
25305,7
25306,8
25307,6
25308,12
25309,8
25310,11
25311,0
25312,10
25313,1
25314,0
25315,12
25316,11
25317,13
25318,12
25319,2
25320,6
25321,8
25322,1
25323,7
25324,11
25325,11
25326,8
25327,0
25328,6
25329,10
25330,7
25331,6
25332,1
25333,7
25334,7
25335,2
25336,13
25337,12
25338,8
25339,0
25340,5
25341,6
25342,7
25343,11
25344,2
25345,8
25346,0
25347,2
25348,13
25349,6
25350,8
25351,6
25352,8
25353,11
25354,0
25355,0
25356,3
25357,11
25358,10
25359,10
25360,2
25361,10
25362,0
25363,11
25364,2
25365,11
25366,8
25367,8
25368,6
25369,7
25370,9
25371,3
25372,8
25373,7
25374,1
25375,11
25376,11
25377,4
25378,11
25379,6
25380,0
25381,0
25382,11
25383,2
25384,1
25385,12
25386,8
25387,1
25388,2
25389,1
25390,3
25391,1
25392,6
25393,8
25394,1
25395,9
25396,6
25397,2
25398,7
25399,2
25400,10
25401,6
25402,12
25403,10
25404,12
25405,11
25406,13
25407,2
25408,2
25409,8
25410,3
25411,2
25412,6
25413,1
25414,2
25415,3
25416,4
25417,4
25418,8
25419,1
25420,2
25421,10
25422,0
25423,4
25424,4
25425,7
25426,6
25427,11
25428,11
25429,1
25430,12
25431,11
25432,0
25433,8
25434,2
25435,11
25436,0
25437,11
25438,2
25439,10
25440,1
25441,6
25442,2
25443,9
25444,4
25445,2
25446,4
25447,1
25448,4
25449,1
25450,13
25451,9
25452,8
25453,11
25454,4
25455,5
25456,7
25457,11
25458,10
25459,8
25460,2
25461,10
25462,7
25463,10
25464,9
25465,0
25466,10
25467,8
25468,4
25469,1
25470,2
25471,2
25472,2
25473,10
25474,13
25475,6
25476,2
25477,1
25478,8
25479,11
25480,11
25481,11
25482,1
25483,13
25484,1
25485,11
25486,11
25487,0
25488,6
25489,11
25490,8
25491,2
25492,3
25493,11
25494,0
25495,0
25496,8
25497,8
25498,7
25499,12
25500,8
25501,2
25502,1
25503,2
25504,11
25505,4
25506,10
25507,2
25508,2
25509,7
25510,11
25511,7
25512,6
25513,3
25514,7
25515,3
25516,8
25517,10
25518,12
25519,10
25520,5
25521,11
25522,5
25523,2
25524,4
25525,4
25526,4
25527,8
25528,7
25529,12
25530,4
25531,0
25532,9
25533,6
25534,6
25535,3
25536,3
25537,7
25538,4
25539,6
25540,10
25541,0
25542,0
25543,7
25544,4
25545,2
25546,8
25547,13
25548,1
25549,7
25550,1
25551,0
25552,13
25553,3
25554,8
25555,7
25556,0
25557,10
25558,2
25559,9
25560,2
25561,0
25562,7
25563,4
25564,11
25565,5
25566,10
25567,6
25568,5
25569,7
25570,2
25571,4
25572,8
25573,6
25574,1
25575,10
25576,3
25577,11
25578,11
25579,1
25580,3
25581,13
25582,1
25583,11
25584,3
25585,4
25586,0
25587,0
25588,6
25589,8
25590,10
25591,1
25592,10
25593,6
25594,11
25595,3
25596,2
25597,13
25598,12
25599,6
25600,9
25601,1
25602,7
25603,3
25604,13
25605,0
25606,6
25607,7
25608,13
25609,6
25610,13
25611,2
25612,0
25613,1
25614,0
25615,9
25616,4
25617,10
25618,3
25619,5
25620,12
25621,8
25622,2
25623,11
25624,11
25625,1
25626,6
25627,9
25628,9
25629,12
25630,12
25631,6
25632,3
25633,11
25634,8
25635,4
25636,7
25637,12
25638,0
25639,0
25640,1
25641,10
25642,13
25643,0
25644,12
25645,11
25646,6
25647,6
25648,2
25649,4
25650,3
25651,4
25652,10
25653,0
25654,11
25655,9
25656,11
25657,0
25658,7
25659,0
25660,8
25661,4
25662,3
25663,3
25664,8
25665,0
25666,3
25667,7
25668,4
25669,2
25670,11
25671,2
25672,7
25673,0
25674,1
25675,2
25676,10
25677,4
25678,8
25679,8
25680,1
25681,12
25682,11
25683,10
25684,11
25685,1
25686,8
25687,10
25688,8
25689,5
25690,12
25691,0
25692,7
25693,5
25694,11
25695,7
25696,1
25697,9
25698,2
25699,0
25700,7
25701,11
25702,11
25703,7
25704,1
25705,2
25706,10
25707,2
25708,8
25709,13
25710,1
25711,7
25712,8
25713,8
25714,6
25715,2
25716,5
25717,4
25718,8
25719,11
25720,4
25721,11
25722,3
25723,12
25724,11
25725,0
25726,4
25727,3
25728,2
25729,0
25730,8
25731,4
25732,11
25733,1
25734,0
25735,11
25736,13
25737,3
25738,10
25739,5
25740,4
25741,11
25742,10
25743,10
25744,11
25745,13
25746,11
25747,1
25748,2
25749,7
25750,3
25751,4
25752,11
25753,6
25754,3
25755,6
25756,1
25757,8
25758,4
25759,11
25760,7
25761,4
25762,12
25763,0
25764,6
25765,11
25766,4
25767,1
25768,7
25769,11
25770,5
25771,1
25772,11
25773,2
25774,1
25775,1
25776,13
25777,1
25778,1
25779,1
25780,7
25781,10
25782,12
25783,13
25784,0
25785,2
25786,2
25787,13
25788,1
25789,9
25790,11
25791,11
25792,11
25793,1
25794,12
25795,10
25796,11
25797,2
25798,11
25799,0
25800,4
25801,11
25802,4
25803,8
25804,7
25805,11
25806,2
25807,6
25808,9
25809,0
25810,12
25811,8
25812,0
25813,6
25814,7
25815,2
25816,8
25817,2
25818,11
25819,0
25820,6
25821,12
25822,1
25823,0
25824,12
25825,9
25826,0
25827,1
25828,3
25829,4
25830,8
25831,6
25832,6
25833,13
25834,13
25835,6
25836,0
25837,12
25838,8
25839,10
25840,12
25841,2
25842,6
25843,9
25844,0
25845,12
25846,0
25847,11
25848,7
25849,11
25850,2
25851,2
25852,2
25853,8
25854,13
25855,3
25856,6
25857,4
25858,10
25859,1
25860,11
25861,4
25862,1
25863,7
25864,11
25865,10
25866,4
25867,7
25868,7
25869,8
25870,5
25871,3
25872,3
25873,10
25874,13
25875,2
25876,10
25877,11
25878,9
25879,6
25880,12
25881,8
25882,2
25883,9
25884,1
25885,11
25886,1
25887,3
25888,12
25889,11
25890,13
25891,12
25892,11
25893,0
25894,2
25895,1
25896,9
25897,3
25898,6
25899,2
25900,11
25901,1
25902,4
25903,12
25904,3
25905,5
25906,1
25907,4
25908,6
25909,0
25910,2
25911,10
25912,13
25913,4
25914,10
25915,0
25916,11
25917,11
25918,11
25919,11
25920,6
25921,4
25922,10
25923,11
25924,6
25925,0
25926,7
25927,7
25928,12
25929,1
25930,8
25931,6
25932,13
25933,11
25934,11
25935,10
25936,12
25937,13
25938,8
25939,9
25940,13
25941,6
25942,13
25943,0
25944,6
25945,0
25946,7
25947,2
25948,7
25949,7
25950,1
25951,3
25952,12
25953,1
25954,3
25955,10
25956,0
25957,6
25958,0
25959,0
25960,11
25961,2
25962,8
25963,8
25964,0
25965,2
25966,2
25967,4
25968,6
25969,13
25970,11
25971,2
25972,0
25973,12
25974,4
25975,1
25976,10
25977,12
25978,9
25979,2
25980,6
25981,0
25982,6
25983,1
25984,11
25985,8
25986,8
25987,8
25988,2
25989,7
25990,1
25991,11
25992,8
25993,10
25994,1
25995,1
25996,8
25997,0
25998,11
25999,8
26000,2
26001,12
26002,12
26003,0
26004,9
26005,9
26006,7
26007,11
26008,1
26009,3
26010,2
26011,10
26012,8
26013,2
26014,3
26015,8
26016,8
26017,2
26018,0
26019,1
26020,4
26021,11
26022,8
26023,8
26024,4
26025,0
26026,11
26027,12
26028,11
26029,2
26030,11
26031,1
26032,6
26033,0
26034,11
26035,1
26036,4
26037,11
26038,11
26039,4
26040,12
26041,12
26042,1
26043,1
26044,1
26045,1
26046,0
26047,1
26048,0
26049,12
26050,6
26051,8
26052,2
26053,2
26054,2
26055,8
26056,11
26057,2
26058,10
26059,1
26060,12
26061,3
26062,13
26063,7
26064,11
26065,2
26066,2
26067,10
26068,12
26069,4
26070,9
26071,12
26072,3
26073,13
26074,12
26075,4
26076,6
26077,0
26078,12
26079,6
26080,12
26081,9
26082,8
26083,3
26084,9
26085,6
26086,8
26087,1
26088,10
26089,2
26090,4
26091,10
26092,10
26093,5
26094,6
26095,1
26096,12
26097,11
26098,10
26099,12
26100,12
26101,4
26102,4
26103,2
26104,4
26105,11
26106,8
26107,11
26108,8
26109,6
26110,7
26111,10
26112,7
26113,1
26114,2
26115,2
26116,11
26117,8
26118,9
26119,1
26120,4
26121,10
26122,6
26123,8
26124,4
26125,2
26126,3
26127,2
26128,1
26129,7
26130,2
26131,0
26132,13
26133,2
26134,3
26135,11
26136,0
26137,7
26138,13
26139,10
26140,3
26141,4
26142,8
26143,2
26144,7
26145,0
26146,11
26147,2
26148,11
26149,0
26150,11
26151,7
26152,11
26153,11
26154,2
26155,4
26156,3
26157,0
26158,1
26159,2
26160,4
26161,0
26162,11
26163,9
26164,5
26165,1
26166,7
26167,11
26168,4
26169,10
26170,0
26171,9
26172,11
26173,4
26174,7
26175,8
26176,6
26177,4
26178,11
26179,1
26180,0
26181,1
26182,1
26183,2
26184,11
26185,11
26186,7
26187,10
26188,6
26189,3
26190,5
26191,11
26192,2
26193,3
26194,1
26195,7
26196,0
26197,2
26198,8
26199,7
26200,3
26201,10
26202,7
26203,11
26204,8
26205,8
26206,11
26207,1
26208,13
26209,1
26210,6
26211,11
26212,2
26213,8
26214,1
26215,10
26216,8
26217,3
26218,7
26219,6
26220,8
26221,1
26222,2
26223,10
26224,8
26225,11
26226,10
26227,6
26228,13
26229,12
26230,11
26231,12
26232,2
26233,11
26234,0
26235,9
26236,5
26237,6
26238,0
26239,4
26240,10
26241,11
26242,3
26243,3
26244,2
26245,13
26246,0
26247,2
26248,9
26249,1
26250,6
26251,12
26252,11
26253,11
26254,12
26255,12
26256,6
26257,2
26258,1
26259,8
26260,11
26261,0
26262,8
26263,10
26264,6
26265,2
26266,10
26267,6
26268,12
26269,13
26270,6
26271,12
26272,1
26273,11
26274,5
26275,1
26276,1
26277,1
26278,1
26279,11
26280,10
26281,11
26282,0
26283,6
26284,2
26285,12
26286,7
26287,2
26288,2
26289,6
26290,3
26291,11
26292,13
26293,8
26294,9
26295,0
26296,2
26297,0
26298,4
26299,10
26300,4
26301,3
26302,5
26303,2
26304,9
26305,7
26306,1
26307,11
26308,6
26309,13
26310,11
26311,0
26312,6
26313,0
26314,2
26315,1
26316,2
26317,0
26318,13
26319,11
26320,10
26321,11
26322,12
26323,3
26324,8
26325,3
26326,10
26327,6
26328,0
26329,11
26330,6
26331,1
26332,10
26333,0
26334,3
26335,1
26336,0
26337,13
26338,1
26339,1
26340,9
26341,10
26342,6
26343,11
26344,11
26345,0
26346,6
26347,6
26348,1
26349,1
26350,8
26351,2
26352,12
26353,8
26354,10
26355,2
26356,12
26357,3
26358,8
26359,3
26360,8
26361,0
26362,13
26363,10
26364,11
26365,13
26366,10
26367,4
26368,9
26369,9
26370,4
26371,4
26372,2
26373,13
26374,0
26375,4
26376,1
26377,1
26378,3
26379,7
26380,12
26381,11
26382,13
26383,0
26384,13
26385,12
26386,7
26387,6
26388,0
26389,1
26390,4
26391,4
26392,7
26393,4
26394,11
26395,12
26396,9
26397,2
26398,4
26399,2
26400,1
26401,12
26402,2
26403,3
26404,13
26405,6
26406,7
26407,1
26408,11
26409,6
26410,10
26411,0
26412,2
26413,4
26414,6
26415,1
26416,11
26417,11
26418,6
26419,6
26420,6
26421,4
26422,2
26423,8
26424,7
26425,8
26426,8
26427,3
26428,2
26429,1
26430,4
26431,8
26432,3
26433,1
26434,2
26435,10
26436,2
26437,10
26438,11
26439,0
26440,1
26441,7
26442,3
26443,0
26444,12
26445,2
26446,0
26447,4
26448,10
26449,3
26450,13
26451,11
26452,10
26453,11
26454,4
26455,7
26456,8
26457,3
26458,6
26459,7
26460,3
26461,11
26462,2
26463,0
26464,12
26465,0
26466,3
26467,11
26468,0
26469,5
26470,6
26471,1
26472,9
26473,6
26474,6
26475,7
26476,0
26477,2
26478,11
26479,0
26480,13
26481,4
26482,3
26483,12
26484,1
26485,0
26486,12
26487,13
26488,3
26489,4
26490,10
26491,0
26492,1
26493,4
26494,4
26495,7
26496,8
26497,12
26498,10
26499,4
26500,11
26501,0
26502,5
26503,8
26504,4
26505,4
26506,9
26507,12
26508,0
26509,8
26510,2
26511,4
26512,0
26513,9
26514,1
26515,7
26516,4
26517,6
26518,11
26519,6
26520,0
26521,12
26522,5
26523,1
26524,2
26525,6
26526,13
26527,7
26528,1
26529,12
26530,11
26531,4
26532,11
26533,1
26534,6
26535,1
26536,7
26537,2
26538,13
26539,13
26540,6
26541,0
26542,8
26543,13
26544,11
26545,11
26546,1
26547,1
26548,12
26549,10
26550,5
26551,2
26552,6
26553,11
26554,2
26555,2
26556,11
26557,11
26558,8
26559,1
26560,1
26561,11
26562,8
26563,10
26564,13
26565,1
26566,1
26567,1
26568,10
26569,1
26570,2
26571,8
26572,12
26573,8
26574,1
26575,9
26576,13
26577,3
26578,0
26579,0
26580,6
26581,3
26582,9
26583,2
26584,11
26585,0
26586,3
26587,11
26588,10
26589,6
26590,6
26591,3
26592,9
26593,11
26594,12
26595,8
26596,7
26597,5
26598,3
26599,7
26600,11
26601,12
26602,6
26603,4
26604,3
26605,6
26606,7
26607,3
26608,10
26609,7
26610,3
26611,10
26612,3
26613,12
26614,0
26615,9
26616,8
26617,12
26618,8
26619,9
26620,3
26621,10
26622,1
26623,11
26624,4
26625,8
26626,12
26627,6
26628,2
26629,3
26630,6
26631,11
26632,0
26633,3
26634,2
26635,9
26636,4
26637,0
26638,2
26639,11
26640,1
26641,11
26642,1
26643,11
26644,13
26645,12
26646,10
26647,10
26648,13
26649,6
26650,1
26651,4
26652,10
26653,10
26654,0
26655,7
26656,1
26657,6
26658,8
26659,0
26660,5
26661,7
26662,0
26663,6
26664,9
26665,12
26666,6
26667,6
26668,12
26669,3
26670,1
26671,9
26672,8
26673,3
26674,13
26675,0
26676,8
26677,0
26678,6
26679,11
26680,1
26681,10
26682,13
26683,1
26684,0
26685,11
26686,6
26687,9
26688,5
26689,10
26690,2
26691,0
26692,1
26693,3
26694,0
26695,11
26696,3
26697,4
26698,0
26699,9
26700,10
26701,6
26702,8
26703,12
26704,13
26705,0
26706,7
26707,13
26708,1
26709,8
26710,6
26711,12
26712,0
26713,2
26714,0
26715,0
26716,0
26717,3
26718,11
26719,7
26720,11
26721,13
26722,8
26723,11
26724,2
26725,3
26726,1
26727,3
26728,3
26729,0
26730,1
26731,7
26732,4
26733,0
26734,11
26735,1
26736,11
26737,8
26738,9
26739,10
26740,11
26741,2
26742,8
26743,8
26744,6
26745,11
26746,11
26747,1
26748,4
26749,0
26750,12
26751,0
26752,9
26753,4
26754,13
26755,6
26756,12
26757,6
26758,10
26759,11
26760,2
26761,6
26762,0
26763,11
26764,13
26765,6
26766,1
26767,4
26768,4
26769,10
26770,12
26771,8
26772,12
26773,9
26774,11
26775,13
26776,2
26777,0
26778,11
26779,7
26780,1
26781,2
26782,12
26783,9
26784,7
26785,7
26786,7
26787,7
26788,8
26789,8
26790,1
26791,11
26792,0
26793,1
26794,11
26795,5
26796,11
26797,6
26798,12
26799,10
26800,8
26801,11
26802,2
26803,8
26804,1
26805,4
26806,12
26807,13
26808,0
26809,10
26810,10
26811,11
26812,13
26813,1
26814,6
26815,11
26816,4
26817,11
26818,11
26819,0
26820,8
26821,0
26822,4
26823,10
26824,4
26825,11
26826,8
26827,0
26828,12
26829,2
26830,4
26831,0
26832,2
26833,12
26834,3
26835,6
26836,7
26837,13
26838,2
26839,7
26840,11
26841,10
26842,2
26843,11
26844,10
26845,3
26846,4
26847,1
26848,12
26849,2
26850,10
26851,2
26852,12
26853,8
26854,8
26855,2
26856,11
26857,0
26858,3
26859,8
26860,2
26861,11
26862,0
26863,1
26864,0
26865,8
26866,4
26867,12
26868,12
26869,1
26870,13
26871,0
26872,1
26873,2
26874,4
26875,8
26876,13
26877,2
26878,13
26879,8
26880,12
26881,9
26882,1
26883,8
26884,12
26885,13
26886,10
26887,9
26888,0
26889,4
26890,13
26891,10
26892,9
26893,5
26894,8
26895,8
26896,6
26897,7
26898,13
26899,9
26900,6
26901,13
26902,0
26903,7
26904,8
26905,8
26906,5
26907,12
26908,11
26909,10
26910,13
26911,12
26912,1
26913,4
26914,2
26915,2
26916,4
26917,7
26918,10
26919,5
26920,3
26921,1
26922,0
26923,2
26924,0
26925,6
26926,9
26927,9
26928,11
26929,10
26930,8
26931,6
26932,7
26933,10
26934,10
26935,6
26936,13
26937,13
26938,6
26939,0
26940,12
26941,6
26942,6
26943,0
26944,4
26945,10
26946,11
26947,8
26948,10
26949,7
26950,11
26951,6
26952,7
26953,2
26954,10
26955,3
26956,13
26957,6
26958,0
26959,1
26960,8
26961,0
26962,7
26963,2
26964,4
26965,2
26966,10
26967,7
26968,9
26969,7
26970,2
26971,7
26972,0
26973,10
26974,11
26975,11
26976,9
26977,13
26978,0
26979,2
26980,1
26981,4
26982,7
26983,11
26984,6
26985,0
26986,12
26987,1
26988,1
26989,0
26990,7
26991,5
26992,3
26993,2
26994,6
26995,10
26996,2
26997,3
26998,11
26999,10
27000,3
27001,4
27002,2
27003,7
27004,3
27005,1
27006,2
27007,1
27008,0
27009,2
27010,6
27011,2
27012,11
27013,8
27014,0
27015,8
27016,0
27017,0
27018,6
27019,10
27020,6
27021,3
27022,2
27023,12
27024,4
27025,4
27026,2
27027,2
27028,3
27029,6
27030,10
27031,8
27032,5
27033,2
27034,4
27035,4
27036,8
27037,2
27038,6
27039,8
27040,1
27041,11
27042,2
27043,3
27044,3
27045,3
27046,0
27047,11
27048,7
27049,1
27050,11
27051,4
27052,9
27053,11
27054,1
27055,10
27056,1
27057,7
27058,0
27059,10
27060,2
27061,6
27062,1
27063,0
27064,7
27065,2
27066,10
27067,1
27068,9
27069,6
27070,11
27071,6
27072,1
27073,2
27074,1
27075,1
27076,12
27077,13
27078,3
27079,13
27080,0
27081,8
27082,2
27083,2
27084,12
27085,12
27086,6
27087,0
27088,6
27089,1
27090,0
27091,8
27092,1
27093,2
27094,0
27095,9
27096,12
27097,5
27098,11
27099,10
27100,12
27101,2
27102,12
27103,10
27104,1
27105,2
27106,6
27107,2
27108,12
27109,2
27110,4
27111,2
27112,0
27113,11
27114,4
27115,11
27116,8
27117,6
27118,4
27119,9
27120,6
27121,9
27122,0
27123,7
27124,2
27125,12
27126,2
27127,9
27128,2
27129,0
27130,12
27131,11
27132,6
27133,10
27134,7
27135,1
27136,7
27137,1
27138,11
27139,11
27140,2
27141,9
27142,9
27143,10
27144,7
27145,1
27146,12
27147,10
27148,1
27149,8
27150,1
27151,2
27152,0
27153,6
27154,13
27155,11
27156,11
27157,2
27158,9
27159,11
27160,2
27161,10
27162,1
27163,1
27164,11
27165,2
27166,12
27167,1
27168,9
27169,4
27170,6
27171,12
27172,7
27173,0
27174,2
27175,4
27176,1
27177,10
27178,13
27179,2
27180,7
27181,4
27182,0
27183,9
27184,8
27185,4
27186,3
27187,0
27188,1
27189,10
27190,10
27191,1
27192,6
27193,0
27194,11
27195,7
27196,2
27197,7
27198,8
27199,2
27200,6
27201,11
27202,3
27203,0
27204,9
27205,11
27206,8
27207,1
27208,1
27209,10
27210,11
27211,9
27212,10
27213,7
27214,1
27215,2
27216,2
27217,2
27218,2
27219,4
27220,13
27221,2
27222,3
27223,12
27224,7
27225,2
27226,12
27227,1
27228,12
27229,11
27230,8
27231,7
27232,5
27233,0
27234,1
27235,11
27236,7
27237,2
27238,8
27239,6
27240,2
27241,8
27242,6
27243,7
27244,6
27245,11
27246,5
27247,6
27248,9
27249,13
27250,12
27251,0
27252,13
27253,0
27254,13
27255,11
27256,0
27257,4
27258,7
27259,12
27260,2
27261,2
27262,8
27263,13
27264,4
27265,7
27266,7
27267,3
27268,1
27269,4
27270,11
27271,1
27272,7
27273,12
27274,0
27275,2
27276,1
27277,8
27278,0
27279,13
27280,2
27281,2
27282,11
27283,11
27284,8
27285,8
27286,3
27287,2
27288,1
27289,8
27290,10
27291,13
27292,8
27293,6
27294,6
27295,9
27296,0
27297,0
27298,13
27299,1
27300,1
27301,12
27302,12
27303,1
27304,9
27305,11
27306,10
27307,13
27308,2
27309,10
27310,12
27311,7
27312,11
27313,12
27314,11
27315,9
27316,13
27317,2
27318,12
27319,2
27320,11
27321,1
27322,8
27323,0
27324,0
27325,1
27326,12
27327,2
27328,11
27329,7
27330,11
27331,3
27332,0
27333,1
27334,1
27335,12
27336,3
27337,9
27338,10
27339,12
27340,10
27341,10
27342,12
27343,7
27344,10
27345,11
27346,4
27347,8
27348,4
27349,13
27350,1
27351,5
27352,3
27353,11
27354,2
27355,0
27356,13
27357,1
27358,9
27359,6
27360,10
27361,2
27362,11
27363,3
27364,6
27365,12
27366,11
27367,9
27368,8
27369,10
27370,3
27371,11
27372,12
27373,8
27374,0
27375,0
27376,2
27377,4
27378,0
27379,1
27380,8
27381,0
27382,11
27383,11
27384,10
27385,11
27386,2
27387,7
27388,8
27389,8
27390,11
27391,2
27392,11
27393,12
27394,11
27395,11
27396,13
27397,13
27398,7
27399,9
27400,0
27401,6
27402,8
27403,12
27404,12
27405,4
27406,4
27407,0
27408,13
27409,4
27410,6
27411,8
27412,0
27413,10
27414,1
27415,2
27416,6
27417,9
27418,12
27419,2
27420,11
27421,11
27422,1
27423,4
27424,7
27425,7
27426,1
27427,2
27428,8
27429,12
27430,11
27431,1
27432,13
27433,6
27434,12
27435,3
27436,3
27437,5
27438,8
27439,13
27440,2
27441,6
27442,1
27443,0
27444,10
27445,10
27446,3
27447,1
27448,9
27449,1
27450,0
27451,13
27452,3
27453,11
27454,12
27455,12
27456,11
27457,11
27458,8
27459,1
27460,1
27461,0
27462,9
27463,10
27464,8
27465,0
27466,1
27467,12
27468,1
27469,11
27470,6
27471,3
27472,4
27473,1
27474,11
27475,5
27476,11
27477,10
27478,11
27479,0
27480,10
27481,6
27482,8
27483,2
27484,4
27485,4
27486,12
27487,1
27488,12
27489,11
27490,10
27491,0
27492,11
27493,11
27494,10
27495,0
27496,6
27497,0
27498,13
27499,2
27500,7
27501,7
27502,11
27503,10
27504,4
27505,3
27506,2
27507,1
27508,6
27509,1
27510,12
27511,7
27512,6
27513,11
27514,11
27515,8
27516,2
27517,3
27518,10
27519,12
27520,11
27521,11
27522,3
27523,2
27524,4
27525,0
27526,9
27527,11
27528,1
27529,7
27530,2
27531,10
27532,0
27533,1
27534,3
27535,0
27536,3
27537,9
27538,0
27539,2
27540,7
27541,8
27542,6
27543,10
27544,1
27545,6
27546,8
27547,2
27548,11
27549,8
27550,0
27551,10
27552,0
27553,6
27554,1
27555,11
27556,3
27557,6
27558,1
27559,13
27560,1
27561,10
27562,8
27563,1
27564,1
27565,2
27566,5
27567,3
27568,6
27569,12
27570,11
27571,0
27572,4
27573,2
27574,5
27575,1
27576,5
27577,12
27578,2
27579,6
27580,8
27581,0
27582,0
27583,2
27584,2
27585,0
27586,11
27587,7
27588,8
27589,1
27590,7
27591,8
27592,1
27593,11
27594,1
27595,13
27596,12
27597,1
27598,11
27599,1
27600,8
27601,11
27602,1
27603,8
27604,12
27605,2
27606,6
27607,1
27608,6
27609,0
27610,0
27611,2
27612,0
27613,3
27614,2
27615,2
27616,9
27617,0
27618,9
27619,9
27620,2
27621,5
27622,6
27623,4
27624,11
27625,1
27626,7
27627,0
27628,4
27629,2
27630,7
27631,11
27632,0
27633,11
27634,0
27635,13
27636,0
27637,11
27638,4
27639,1
27640,10
27641,1
27642,2
27643,11
27644,2
27645,12
27646,12
27647,5
27648,4
27649,11
27650,7
27651,10
27652,4
27653,13
27654,12
27655,0
27656,9
27657,12
27658,7
27659,1
27660,1
27661,3
27662,7
27663,11
27664,9
27665,2
27666,8
27667,13
27668,6
27669,13
27670,9
27671,1
27672,2
27673,3
27674,6
27675,0
27676,2
27677,12
27678,10
27679,6
27680,0
27681,2
27682,1
27683,9
27684,11
27685,12
27686,4
27687,8
27688,12
27689,12
27690,1
27691,11
27692,6
27693,13
27694,5
27695,0
27696,12
27697,9
27698,6
27699,0
27700,12
27701,2
27702,3
27703,12
27704,10
27705,13
27706,0
27707,6
27708,11
27709,11
27710,13
27711,6
27712,0
27713,9
27714,13
27715,0
27716,11
27717,5
27718,8
27719,1
27720,4
27721,6
27722,2
27723,11
27724,0
27725,2
27726,1
27727,12
27728,4
27729,0
27730,0
27731,6
27732,11
27733,0
27734,3
27735,4
27736,1
27737,13
27738,7
27739,3
27740,6
27741,6
27742,3
27743,8
27744,13
27745,2
27746,0
27747,8
27748,8
27749,11
27750,11
27751,3
27752,12
27753,7
27754,1
27755,8
27756,4
27757,1
27758,8
27759,12
27760,13
27761,6
27762,11
27763,10
27764,0
27765,8
27766,4
27767,6
27768,5
27769,0
27770,12
27771,4
27772,1
27773,2
27774,2
27775,0
27776,9
27777,6
27778,11
27779,8
27780,8
27781,9
27782,11
27783,1
27784,11
27785,2
27786,2
27787,13
27788,6
27789,11
27790,1
27791,6
27792,12
27793,0
27794,6
27795,2
27796,11
27797,6
27798,1
27799,4
27800,0
27801,11
27802,11
27803,11
27804,9
27805,1
27806,0
27807,2
27808,1
27809,12
27810,10
27811,9
27812,10
27813,11
27814,7
27815,5
27816,3
27817,8
27818,10
27819,6
27820,5
27821,4
27822,6
27823,11
27824,1
27825,11
27826,2
27827,9
27828,11
27829,0
27830,2
27831,1
27832,3
27833,1
27834,4
27835,0
27836,9
27837,6
27838,6
27839,0
27840,0
27841,6
27842,7
27843,11
27844,4
27845,13
27846,11
27847,2
27848,6
27849,8
27850,11
27851,0
27852,8
27853,13
27854,9
27855,2
27856,6
27857,1
27858,6
27859,0
27860,13
27861,4
27862,11
27863,3
27864,2
27865,1
27866,8
27867,4
27868,13
27869,9
27870,1
27871,4
27872,4
27873,0
27874,4
27875,4
27876,9
27877,2
27878,8
27879,3
27880,11
27881,0
27882,11
27883,4
27884,0
27885,6
27886,6
27887,8
27888,8
27889,11
27890,2
27891,1
27892,9
27893,9
27894,0
27895,11
27896,11
27897,6
27898,11
27899,1
27900,7
27901,10
27902,0
27903,1
27904,7
27905,2
27906,10
27907,6
27908,9
27909,10
27910,8
27911,1
27912,0
27913,4
27914,11
27915,13
27916,1
27917,4
27918,11
27919,12
27920,9
27921,1
27922,13
27923,7
27924,9
27925,11
27926,1
27927,9
27928,7
27929,11
27930,8
27931,0
27932,2
27933,12
27934,6
27935,10
27936,12
27937,2
27938,7
27939,9
27940,11
27941,0
27942,3
27943,3
27944,2
27945,11
27946,7
27947,1
27948,10
27949,3
27950,7
27951,7
27952,12
27953,2
27954,2
27955,10
27956,6
27957,6
27958,7
27959,11
27960,1
27961,0
27962,0
27963,0
27964,2
27965,12
27966,11
27967,2
27968,9
27969,0
27970,1
27971,8
27972,11
27973,1
27974,1
27975,2
27976,0
27977,0
27978,10
27979,11
27980,10
27981,9
27982,8
27983,11
27984,4
27985,4
27986,0
27987,2
27988,2
27989,12
27990,1
27991,1
27992,12
27993,6
27994,13
27995,12
27996,13
27997,11
27998,5
27999,12
28000,11
28001,0
28002,10
28003,1
28004,0
28005,0
28006,11
28007,1
28008,4
28009,2
28010,0
28011,2
28012,4
28013,0
28014,7
28015,2
28016,2
28017,6
28018,9
28019,2
28020,3
28021,9
28022,9
28023,12
28024,6
28025,7
28026,11
28027,11
28028,3
28029,4
28030,2
28031,11
28032,9
28033,10
28034,1
28035,7
28036,1
28037,2
28038,2
28039,6
28040,2
28041,10
28042,3
28043,0
28044,2
28045,12
28046,1
28047,8
28048,6
28049,1
28050,5
28051,2
28052,4
28053,7
28054,8
28055,4
28056,4
28057,10
28058,9
28059,8
28060,13
28061,7
28062,8
28063,0
28064,1
28065,1
28066,6
28067,6
28068,2
28069,6
28070,13
28071,10
28072,13
28073,4
28074,7
28075,2
28076,10
28077,2
28078,11
28079,2
28080,12
28081,5
28082,4
28083,10
28084,0
28085,10
28086,6
28087,0
28088,0
28089,1
28090,0
28091,12
28092,0
28093,1
28094,13
28095,7
28096,7
28097,0
28098,4
28099,13
28100,10
28101,2
28102,7
28103,11
28104,9
28105,6
28106,6
28107,9
28108,11
28109,9
28110,2
28111,0
28112,11
28113,7
28114,1
28115,12
28116,7
28117,2
28118,11
28119,12
28120,8
28121,4
28122,0
28123,11
28124,0
28125,9
28126,2
28127,11
28128,8
28129,6
28130,13
28131,1
28132,11
28133,12
28134,11
28135,0
28136,4
28137,12
28138,1
28139,5
28140,9
28141,11
28142,11
28143,0
28144,4
28145,2
28146,11
28147,7
28148,0
28149,12
28150,1
28151,12
28152,6
28153,3
28154,13
28155,0
28156,9
28157,1
28158,3
28159,7
28160,2
28161,2
28162,6
28163,10
28164,2
28165,0
28166,7
28167,9
28168,2
28169,13
28170,6
28171,3
28172,10
28173,0
28174,6
28175,8
28176,13
28177,10
28178,8
28179,11
28180,12
28181,8
28182,11
28183,1
28184,11
28185,2
28186,10
28187,6
28188,10
28189,1
28190,6
28191,2
28192,0
28193,0
28194,11
28195,13
28196,12
28197,8
28198,13
28199,13
28200,4
28201,12
28202,12
28203,12
28204,3
28205,12
28206,10
28207,3
28208,12
28209,0
28210,7
28211,2
28212,11
28213,8
28214,9
28215,6
28216,9
28217,1
28218,12
28219,7
28220,1
28221,4
28222,0
28223,12
28224,10
28225,12
28226,0
28227,8
28228,4
28229,1
28230,8
28231,1
28232,2
28233,1
28234,1
28235,8
28236,13
28237,3
28238,11
28239,11
28240,3
28241,3
28242,2
28243,1
28244,12
28245,11
28246,3
28247,4
28248,2
28249,2
28250,6
28251,13
28252,9
28253,11
28254,8
28255,4
28256,7
28257,1
28258,3
28259,12
28260,4
28261,4
28262,2
28263,7
28264,0
28265,11
28266,2
28267,1
28268,9
28269,10
28270,0
28271,7
28272,11
28273,0
28274,11
28275,11
28276,8
28277,0
28278,12
28279,10
28280,0
28281,7
28282,11
28283,10
28284,2
28285,10
28286,8
28287,1
28288,1
28289,4
28290,6
28291,11
28292,2
28293,0
28294,3
28295,12
28296,7
28297,1
28298,9
28299,9
28300,3
28301,0
28302,11
28303,10
28304,0
28305,11
28306,13
28307,13
28308,0
28309,11
28310,6
28311,12
28312,2
28313,11
28314,0
28315,3
28316,11
28317,6
28318,9
28319,10
28320,1
28321,2
28322,0
28323,9
28324,9
28325,0
28326,12
28327,8
28328,11
28329,9
28330,11
28331,11
28332,11
28333,10
28334,4
28335,0
28336,6
28337,7
28338,1
28339,1
28340,9
28341,11
28342,1
28343,7
28344,10
28345,8
28346,10
28347,11
28348,11
28349,8
28350,11
28351,2
28352,2
28353,9
28354,3
28355,12
28356,12
28357,6
28358,13
28359,10
28360,0
28361,0
28362,1
28363,12
28364,5
28365,7
28366,11
28367,7
28368,10
28369,0
28370,9
28371,8
28372,11
28373,11
28374,11
28375,9
28376,8
28377,1
28378,3
28379,7
28380,4
28381,1
28382,2
28383,8
28384,0
28385,7
28386,3
28387,6
28388,2
28389,12
28390,0
28391,6
28392,8
28393,6
28394,4
28395,8
28396,11
28397,10
28398,13
28399,10
28400,6
28401,1
28402,8
28403,4
28404,6
28405,3
28406,12
28407,8
28408,8
28409,2
28410,1
28411,5
28412,3
28413,6
28414,2
28415,1
28416,2
28417,7
28418,3
28419,10
28420,4
28421,10
28422,3
28423,1
28424,0
28425,1
28426,3
28427,4
28428,12
28429,6
28430,6
28431,8
28432,11
28433,6
28434,8
28435,9
28436,3
28437,8
28438,7
28439,7
28440,13
28441,1
28442,2
28443,3
28444,1
28445,1
28446,7
28447,4
28448,2
28449,5
28450,10
28451,6
28452,7
28453,6
28454,8
28455,7
28456,3
28457,6
28458,2
28459,4
28460,8
28461,6
28462,11
28463,13
28464,5
28465,4
28466,6
28467,2
28468,6
28469,4
28470,1
28471,9
28472,11
28473,6
28474,8
28475,11
28476,10
28477,0
28478,2
28479,1
28480,4
28481,12
28482,1
28483,3
28484,12
28485,12
28486,11
28487,12
28488,2
28489,4
28490,0
28491,11
28492,11
28493,6
28494,0
28495,5
28496,4
28497,11
28498,7
28499,4
28500,8
28501,3
28502,6
28503,13
28504,4
28505,8
28506,0
28507,12
28508,12
28509,4
28510,10
28511,4
28512,11
28513,7
28514,12
28515,3
28516,1
28517,11
28518,9
28519,11
28520,11
28521,12
28522,12
28523,7
28524,0
28525,10
28526,1
28527,2
28528,4
28529,10
28530,0
28531,12
28532,11
28533,4
28534,11
28535,1
28536,5
28537,2
28538,4
28539,8
28540,6
28541,7
28542,3
28543,0
28544,8
28545,12
28546,1
28547,11
28548,2
28549,0
28550,4
28551,6
28552,10
28553,3
28554,7
28555,11
28556,8
28557,11
28558,13
28559,6
28560,11
28561,8
28562,4
28563,13
28564,12
28565,9
28566,2
28567,12
28568,10
28569,9
28570,1
28571,8
28572,7
28573,11
28574,8
28575,8
28576,2
28577,11
28578,4
28579,8
28580,3
28581,13
28582,2
28583,7
28584,1
28585,7
28586,6
28587,9
28588,3
28589,11
28590,4
28591,3
28592,8
28593,0
28594,4
28595,8
28596,2
28597,10
28598,8
28599,11
28600,9
28601,4
28602,0
28603,1
28604,6
28605,3
28606,0
28607,9
28608,2
28609,10
28610,7
28611,1
28612,0
28613,7
28614,11
28615,0
28616,2
28617,1
28618,6
28619,13
28620,0
28621,3
28622,11
28623,13
28624,11
28625,10
28626,11
28627,13
28628,10
28629,4
28630,0
28631,0
28632,1
28633,10
28634,10
28635,7
28636,7
28637,8
28638,2
28639,8
28640,2
28641,3
28642,0
28643,3
28644,8
28645,6
28646,6
28647,11
28648,1
28649,12
28650,1
28651,8
28652,7
28653,6
28654,2
28655,0
28656,11
28657,8
28658,4
28659,12
28660,1
28661,8
28662,3
28663,7
28664,12
28665,4
28666,7
28667,4
28668,10
28669,8
28670,7
28671,0
28672,2
28673,11
28674,4
28675,10
28676,8
28677,11
28678,8
28679,6
28680,0
28681,9
28682,12
28683,1
28684,11
28685,6
28686,12
28687,1
28688,2
28689,0
28690,1
28691,10
28692,1
28693,1
28694,2
28695,6
28696,1
28697,8
28698,0
28699,0
28700,8
28701,9
28702,9
28703,7
28704,7
28705,3
28706,1
28707,1
28708,11
28709,2
28710,11
28711,8
28712,6
28713,11
28714,8
28715,3
28716,8
28717,1
28718,10
28719,0
28720,3
28721,6
28722,2
28723,0
28724,11
28725,11
28726,8
28727,11
28728,10
28729,11
28730,7
28731,2
28732,8
28733,7
28734,12
28735,7
28736,12
28737,9
28738,6
28739,11
28740,9
28741,9
28742,1
28743,3
28744,0
28745,1
28746,11
28747,6
28748,4
28749,11
28750,4
28751,0
28752,0
28753,4
28754,1
28755,11
28756,11
28757,4
28758,0
28759,0
28760,8
28761,13
28762,1
28763,2
28764,1
28765,8
28766,10
28767,8
28768,2
28769,8
28770,0
28771,7
28772,6
28773,6
28774,8
28775,6
28776,6
28777,2
28778,12
28779,6
28780,4
28781,8
28782,10
28783,0
28784,10
28785,11
28786,9
28787,10
28788,8
28789,4
28790,1
28791,9
28792,9
28793,6
28794,6
28795,7
28796,6
28797,7
28798,10
28799,10
28800,5
28801,11
28802,12
28803,1
28804,8
28805,2
28806,2
28807,7
28808,8
28809,3
28810,1
28811,0
28812,6
28813,7
28814,1
28815,7
28816,12
28817,12
28818,11
28819,10
28820,1
28821,2
28822,4
28823,11
28824,13
28825,11
28826,12
28827,6
28828,4
28829,3
28830,11
28831,11
28832,1
28833,12
28834,11
28835,11
28836,8
28837,2
28838,11
28839,12
28840,10
28841,13
28842,3
28843,3
28844,1
28845,0
28846,1
28847,4
28848,11
28849,13
28850,11
28851,8
28852,3
28853,10
28854,12
28855,3
28856,1
28857,3
28858,8
28859,7
28860,2
28861,6
28862,0
28863,1
28864,6
28865,1
28866,2
28867,12
28868,10
28869,7
28870,8
28871,12
28872,2
28873,1
28874,6
28875,0
28876,8
28877,10
28878,5
28879,10
28880,5
28881,4
28882,1
28883,2
28884,9
28885,12
28886,2
28887,13
28888,8
28889,11
28890,13
28891,9
28892,12
28893,1
28894,2
28895,6
28896,6
28897,4
28898,6
28899,6
28900,8
28901,1
28902,0
28903,11
28904,4
28905,1
28906,11
28907,7
28908,11
28909,8
28910,1
28911,8
28912,11
28913,2
28914,3
28915,2
28916,10
28917,8
28918,11
28919,11
28920,0
28921,6
28922,10
28923,1
28924,11
28925,11
28926,12
28927,0
28928,12
28929,2
28930,2
28931,4
28932,6
28933,4
28934,2
28935,11
28936,3
28937,2
28938,9
28939,3
28940,0
28941,10
28942,6
28943,4
28944,6
28945,8
28946,11
28947,11
28948,0
28949,12
28950,12
28951,10
28952,6
28953,10
28954,0
28955,3
28956,11
28957,1
28958,12
28959,3
28960,1
28961,10
28962,4
28963,8
28964,1
28965,12
28966,12
28967,11
28968,7
28969,7
28970,0
28971,2
28972,9
28973,4
28974,6
28975,8
28976,3
28977,9
28978,8
28979,3
28980,0
28981,12
28982,5
28983,0
28984,2
28985,0
28986,8
28987,2
28988,2
28989,7
28990,1
28991,1
28992,1
28993,8
28994,0
28995,1
28996,9
28997,2
28998,3
28999,13
29000,3
29001,11
29002,13
29003,0
29004,0
29005,4
29006,3
29007,9
29008,11
29009,10
29010,9
29011,1
29012,4
29013,2
29014,3
29015,1
29016,7
29017,9
29018,1
29019,7
29020,8
29021,3
29022,10
29023,6
29024,6
29025,1
29026,6
29027,11
29028,1
29029,7
29030,11
29031,4
29032,11
29033,12
29034,11
29035,2
29036,4
29037,8
29038,11
29039,10
29040,13
29041,6
29042,7
29043,1
29044,5
29045,10
29046,7
29047,10
29048,6
29049,1
29050,0
29051,10
29052,11
29053,4
29054,2
29055,1
29056,0
29057,1
29058,10
29059,3
29060,11
29061,12
29062,10
29063,6
29064,13
29065,2
29066,6
29067,6
29068,12
29069,1
29070,9
29071,0
29072,6
29073,11
29074,6
29075,8
29076,0
29077,1
29078,12
29079,10
29080,3
29081,12
29082,7
29083,1
29084,1
29085,6
29086,3
29087,7
29088,0
29089,0
29090,11
29091,11
29092,13
29093,10
29094,11
29095,11
29096,1
29097,6
29098,2
29099,6
29100,6
29101,6
29102,2
29103,0
29104,2
29105,2
29106,11
29107,8
29108,3
29109,3
29110,4
29111,0
29112,4
29113,6
29114,13
29115,6
29116,3
29117,2
29118,7
29119,1
29120,4
29121,10
29122,2
29123,7
29124,6
29125,4
29126,1
29127,9
29128,7
29129,3
29130,6
29131,12
29132,3
29133,1
29134,0
29135,4
29136,8
29137,6
29138,7
29139,1
29140,2
29141,9
29142,10
29143,12
29144,11
29145,3
29146,9
29147,7
29148,1
29149,13
29150,6
29151,1
29152,0
29153,13
29154,3
29155,3
29156,6
29157,8
29158,7
29159,5
29160,11
29161,6
29162,2
29163,13
29164,11
29165,13
29166,1
29167,1
29168,3
29169,11
29170,13
29171,10
29172,13
29173,9
29174,6
29175,11
29176,6
29177,1
29178,2
29179,13
29180,12
29181,13
29182,1
29183,6
29184,9
29185,8
29186,10
29187,3
29188,0
29189,2
29190,6
29191,7
29192,2
29193,8
29194,0
29195,7
29196,2
29197,6
29198,9
29199,9
29200,10
29201,10
29202,4
29203,6
29204,3
29205,4
29206,8
29207,1
29208,12
29209,1
29210,6
29211,2
29212,7
29213,2
29214,4
29215,4
29216,10
29217,1
29218,10
29219,2
29220,11
29221,10
29222,4
29223,8
29224,5
29225,8
29226,4
29227,12
29228,13
29229,8
29230,11
29231,3
29232,10
29233,2
29234,11
29235,7
29236,6
29237,4
29238,3
29239,1
29240,8
29241,7
29242,8
29243,2
29244,8
29245,2
29246,3
29247,9
29248,3
29249,12
29250,11
29251,11
29252,6
29253,11
29254,5
29255,3
29256,10
29257,3
29258,1
29259,3
29260,5
29261,3
29262,1
29263,6
29264,12
29265,0
29266,2
29267,13
29268,4
29269,1
29270,12
29271,4
29272,11
29273,8
29274,6
29275,1
29276,4
29277,6
29278,0
29279,4
29280,1
29281,13
29282,3
29283,1
29284,2
29285,11
29286,4
29287,6
29288,7
29289,11
29290,6
29291,2
29292,0
29293,8
29294,10
29295,9
29296,3
29297,11
29298,11
29299,0
29300,11
29301,8
29302,10
29303,6
29304,8
29305,5
29306,0
29307,0
29308,10
29309,1
29310,1
29311,0
29312,6
29313,8
29314,10
29315,2
29316,0
29317,8
29318,0
29319,8
29320,11
29321,2
29322,13
29323,1
29324,1
29325,2
29326,1
29327,13
29328,12
29329,0
29330,4
29331,3
29332,1
29333,12
29334,0
29335,7
29336,11
29337,9
29338,8
29339,0
29340,2
29341,9
29342,6
29343,10
29344,10
29345,8
29346,10
29347,4
29348,11
29349,3
29350,13
29351,2
29352,1
29353,6
29354,10
29355,2
29356,2
29357,8
29358,10
29359,6
29360,6
29361,13
29362,12
29363,13
29364,2
29365,2
29366,6
29367,12
29368,13
29369,12
29370,10
29371,11
29372,11
29373,9
29374,11
29375,8
29376,10
29377,13
29378,8
29379,6
29380,11
29381,1
29382,2
29383,1
29384,13
29385,2
29386,1
29387,6
29388,8
29389,2
29390,6
29391,3
29392,3
29393,3
29394,6
29395,12
29396,4
29397,10
29398,7
29399,11
29400,12
29401,2
29402,6
29403,0
29404,7
29405,8
29406,11
29407,4
29408,9
29409,0
29410,2
29411,2
29412,7
29413,5
29414,4
29415,8
29416,2
29417,11
29418,1
29419,2
29420,3
29421,11
29422,4
29423,1
29424,0
29425,2
29426,6
29427,11
29428,3
29429,4
29430,2
29431,2
29432,5
29433,1
29434,10
29435,7
29436,8
29437,3
29438,10
29439,0
29440,2
29441,0
29442,11
29443,7
29444,13
29445,9
29446,10
29447,11
29448,9
29449,7
29450,7
29451,1
29452,6
29453,7
29454,11
29455,0
29456,4
29457,8
29458,2
29459,13
29460,12
29461,11
29462,0
29463,13
29464,10
29465,13
29466,7
29467,2
29468,6
29469,11
29470,0
29471,8
29472,4
29473,13
29474,7
29475,11
29476,6
29477,8
29478,11
29479,12
29480,1
29481,9
29482,2
29483,2
29484,0
29485,2
29486,5
29487,0
29488,11
29489,10
29490,13
29491,5
29492,0
29493,6
29494,10
29495,11
29496,10
29497,4
29498,4
29499,4
29500,12
29501,9
29502,7
29503,9
29504,2
29505,0
29506,12
29507,12
29508,4
29509,9
29510,1
29511,2
29512,4
29513,11
29514,12
29515,8
29516,9
29517,9
29518,7
29519,1
29520,5
29521,0
29522,8
29523,13
29524,11
29525,7
29526,7
29527,2
29528,12
29529,7
29530,10
29531,8
29532,1
29533,13
29534,7
29535,4
29536,12
29537,9
29538,4
29539,13
29540,7
29541,6
29542,2
29543,1
29544,12
29545,7
29546,2
29547,13
29548,6
29549,11
29550,6
29551,1
29552,9
29553,12
29554,8
29555,0
29556,2
29557,11
29558,1
29559,10
29560,10
29561,3
29562,2
29563,1
29564,13
29565,8
29566,11
29567,11
29568,1
29569,11
29570,8
29571,3
29572,0
29573,10
29574,13
29575,9
29576,12
29577,13
29578,12
29579,1
29580,10
29581,7
29582,2
29583,7
29584,11
29585,7
29586,2
29587,11
29588,0
29589,4
29590,7
29591,11
29592,2
29593,4
29594,13
29595,13
29596,11
29597,3
29598,4
29599,8
29600,9
29601,2
29602,6
29603,12
29604,3
29605,2
29606,6
29607,3
29608,6
29609,3
29610,3
29611,11
29612,2
29613,1
29614,1
29615,4
29616,2
29617,11
29618,6
29619,11
29620,12
29621,3
29622,0
29623,3
29624,9
29625,0
29626,11
29627,6
29628,2
29629,12
29630,3
29631,0
29632,0
29633,0
29634,6
29635,13
29636,4
29637,8
29638,13
29639,2
29640,13
29641,3
29642,1
29643,8
29644,1
29645,7
29646,1
29647,2
29648,5
29649,1
29650,0
29651,13
29652,0
29653,11
29654,1
29655,10
29656,4
29657,8
29658,8
29659,6
29660,3
29661,4
29662,11
29663,5
29664,13
29665,9
29666,3
29667,13
29668,4
29669,6
29670,6
29671,6
29672,2
29673,7
29674,7
29675,6
29676,12
29677,11
29678,10
29679,0
29680,10
29681,1
29682,7
29683,3
29684,10
29685,6
29686,2
29687,6
29688,8
29689,7
29690,0
29691,11
29692,1
29693,7
29694,4
29695,9
29696,3
29697,2
29698,12
29699,13
29700,4
29701,2
29702,3
29703,11
29704,4
29705,8
29706,4
29707,5
29708,3
29709,11
29710,9
29711,2
29712,1
29713,7
29714,13
29715,11
29716,0
29717,11
29718,13
29719,12
29720,11
29721,8
29722,7
29723,3
29724,0
29725,0
29726,8
29727,1
29728,5
29729,1
29730,0
29731,3
29732,11
29733,11
29734,12
29735,6
29736,7
29737,8
29738,1
29739,9
29740,2
29741,6
29742,4
29743,10
29744,0
29745,0
29746,1
29747,6
29748,4
29749,9
29750,7
29751,1
29752,10
29753,11
29754,11
29755,4
29756,8
29757,2
29758,12
29759,9
29760,12
29761,2
29762,11
29763,4
29764,10
29765,6
29766,7
29767,11
29768,1
29769,13
29770,6
29771,10
29772,13
29773,0
29774,8
29775,3
29776,0
29777,1
29778,10
29779,5
29780,13
29781,2
29782,12
29783,0
29784,9
29785,10
29786,11
29787,7
29788,8
29789,13
29790,6
29791,0
29792,10
29793,1
29794,13
29795,3
29796,1
29797,2
29798,0
29799,3
29800,2
29801,4
29802,3
29803,11
29804,7
29805,13
29806,12
29807,2
29808,4
29809,6
29810,7
29811,1
29812,8
29813,11
29814,11
29815,2
29816,2
29817,4
29818,11
29819,7
29820,1
29821,8
29822,4
29823,6
29824,2
29825,3
29826,12
29827,4
29828,6
29829,11
29830,7
29831,11
29832,4
29833,9
29834,0
29835,10
29836,2
29837,2
29838,7
29839,4
29840,10
29841,0
29842,2
29843,9
29844,8
29845,11
29846,8
29847,9
29848,3
29849,12
29850,11
29851,0
29852,11
29853,7
29854,13
29855,4
29856,6
29857,12
29858,9
29859,4
29860,13
29861,13
29862,10
29863,3
29864,1
29865,8
29866,4
29867,3
29868,6
29869,10
29870,2
29871,3
29872,2
29873,0
29874,4
29875,11
29876,11
29877,2
29878,0
29879,6
29880,1
29881,0
29882,11
29883,3
29884,4
29885,9
29886,3
29887,4
29888,12
29889,12
29890,7
29891,8
29892,10
29893,8
29894,7
29895,4
29896,11
29897,0
29898,1
29899,2
29900,0
29901,2
29902,4
29903,0
29904,0
29905,10
29906,7
29907,11
29908,13
29909,7
29910,8
29911,1
29912,0
29913,8
29914,11
29915,11
29916,2
29917,13
29918,0
29919,4
29920,12
29921,12
29922,9
29923,2
29924,13
29925,13
29926,0
29927,2
29928,2
29929,11
29930,3
29931,3
29932,6
29933,9
29934,13
29935,6
29936,7
29937,6
29938,11
29939,3
29940,8
29941,0
29942,9
29943,9
29944,6
29945,6
29946,6
29947,13
29948,3
29949,4
29950,3
29951,13
29952,7
29953,12
29954,1
29955,11
29956,3
29957,2
29958,9
29959,2
29960,5
29961,11
29962,0
29963,1
29964,11
29965,10
29966,12
29967,1
29968,3
29969,1
29970,0
29971,8
29972,12
29973,0
29974,7
29975,2
29976,0
29977,0
29978,2
29979,1
29980,3
29981,1
29982,10
29983,10
29984,2
29985,10
29986,13
29987,11
29988,3
29989,6
29990,10
29991,0
29992,8
29993,12
29994,7
29995,1
29996,11
29997,11
29998,4
29999,6
30000,13
30001,6
30002,7
30003,2
30004,2
30005,6
30006,0
30007,11
30008,13
30009,9
30010,2
30011,2
30012,4
30013,10
30014,11
30015,1
30016,11
30017,4
30018,10
30019,3
30020,1
30021,6
30022,4
30023,13
30024,11
30025,2
30026,0
30027,10
30028,10
30029,10
30030,4
30031,7
30032,6
30033,4
30034,0
30035,11
30036,11
30037,11
30038,2
30039,1
30040,0
30041,2
30042,11
30043,11
30044,7
30045,10
30046,3
30047,13
30048,11
30049,11
30050,0
30051,6
30052,3
30053,2
30054,10
30055,13
30056,7
30057,12
30058,12
30059,12
30060,2
30061,3
30062,9
30063,0
30064,4
30065,11
30066,0
30067,6
30068,7
30069,11
30070,11
30071,4
30072,2
30073,2
30074,2
30075,11
30076,11
30077,7
30078,2
30079,13
30080,7
30081,2
30082,7
30083,9
30084,1
30085,10
30086,0
30087,13
30088,8
30089,13
30090,0
30091,1
30092,3
30093,11
30094,7
30095,7
30096,6
30097,0
30098,0
30099,11
30100,12
30101,4
30102,2
30103,12
30104,6
30105,1
30106,9
30107,12
30108,8
30109,3
30110,12
30111,13
30112,4
30113,7
30114,8
30115,0
30116,11
30117,0
30118,3
30119,8
30120,6
30121,10
30122,3
30123,11
30124,0
30125,2
30126,0
30127,7
30128,4
30129,9
30130,11
30131,10
30132,2
30133,0
30134,11
30135,1
30136,12
30137,11
30138,7
30139,6
30140,10
30141,9
30142,12
30143,8
30144,6
30145,0
30146,6
30147,2
30148,1
30149,2
30150,2
30151,2
30152,11
30153,12
30154,2
30155,8
30156,11
30157,0
30158,7
30159,11
30160,0
30161,9
30162,11
30163,7
30164,12
30165,7
30166,12
30167,11
30168,1
30169,8
30170,11
30171,2
30172,9
30173,10
30174,9
30175,9
30176,0
30177,2
30178,1
30179,13
30180,9
30181,6
30182,5
30183,2
30184,7
30185,10
30186,1
30187,13
30188,2
30189,1
30190,12
30191,4
30192,13
30193,2
30194,1
30195,6
30196,4
30197,1
30198,11
30199,11
30200,2
30201,0
30202,1
30203,0
30204,7
30205,0
30206,8
30207,2
30208,0
30209,6
30210,4
30211,12
30212,1
30213,1
30214,7
30215,9
30216,11
30217,10
30218,0
30219,8
30220,10
30221,11
30222,9
30223,4
30224,7
30225,7
30226,8
30227,5
30228,11
30229,10
30230,1
30231,4
30232,7
30233,11
30234,10
30235,12
30236,1
30237,9
30238,5
30239,1
30240,12
30241,7
30242,2
30243,6
30244,2
30245,1
30246,8
30247,11
30248,8
30249,7
30250,5
30251,8
30252,12
30253,8
30254,4
30255,12
30256,11
30257,7
30258,2
30259,0
30260,7
30261,6
30262,2
30263,2
30264,11
30265,0
30266,0
30267,12
30268,11
30269,11
30270,2
30271,2
30272,2
30273,2
30274,1
30275,2
30276,10
30277,1
30278,2
30279,2
30280,0
30281,2
30282,3
30283,6
30284,2
30285,4
30286,8
30287,12
30288,10
30289,12
30290,2
30291,9
30292,13
30293,11
30294,5
30295,3
30296,5
30297,4
30298,0
30299,8
30300,3
30301,1
30302,3
30303,0
30304,6
30305,12
30306,12
30307,13
30308,1
30309,2
30310,6
30311,10
30312,12
30313,9
30314,10
30315,8
30316,4
30317,4
30318,7
30319,4
30320,6
30321,11
30322,10
30323,6
30324,12
30325,11
30326,11
30327,1
30328,0
30329,2
30330,3
30331,0
30332,9
30333,10
30334,0
30335,0
30336,8
30337,7
30338,7
30339,8
30340,2
30341,5
30342,13
30343,13
30344,3
30345,12
30346,4
30347,0
30348,13
30349,6
30350,12
30351,13
30352,4
30353,0
30354,0
30355,3
30356,9
30357,11
30358,4
30359,11
30360,0
30361,6
30362,7
30363,4
30364,2
30365,11
30366,11
30367,8
30368,5
30369,2
30370,10
30371,9
30372,2
30373,9
30374,8
30375,3
30376,9
30377,2
30378,1
30379,8
30380,10
30381,3
30382,3
30383,1
30384,3
30385,5
30386,5
30387,0
30388,6
30389,10
30390,4
30391,1
30392,2
30393,2
30394,2
30395,3
30396,0
30397,7
30398,7
30399,4
30400,1
30401,4
30402,13
30403,7
30404,11
30405,0
30406,2
30407,0
30408,9
30409,2
30410,1
30411,6
30412,4
30413,11
30414,11
30415,7
30416,4
30417,0
30418,1
30419,4
30420,3
30421,6
30422,7
30423,1
30424,1
30425,1
30426,10
30427,4
30428,7
30429,11
30430,13
30431,4
30432,13
30433,4
30434,3
30435,11
30436,1
30437,12
30438,8
30439,0
30440,0
30441,1
30442,4
30443,2
30444,8
30445,2
30446,9
30447,11
30448,0
30449,11
30450,0
30451,11
30452,13
30453,6
30454,1
30455,13
30456,11
30457,1
30458,6
30459,8
30460,11
30461,2
30462,11
30463,11
30464,10
30465,7
30466,6
30467,1
30468,12
30469,9
30470,6
30471,1
30472,11
30473,1
30474,0
30475,11
30476,4
30477,8
30478,7
30479,11
30480,1
30481,5
30482,6
30483,8
30484,7
30485,4
30486,4
30487,6
30488,13
30489,13
30490,11
30491,13
30492,12
30493,12
30494,12
30495,7
30496,9
30497,11
30498,1
30499,0
30500,2
30501,0
30502,12
30503,8
30504,9
30505,1
30506,7
30507,10
30508,12
30509,3
30510,1
30511,9
30512,7
30513,10
30514,6
30515,2
30516,5
30517,8
30518,11
30519,3
30520,8
30521,12
30522,2
30523,7
30524,1
30525,1
30526,3
30527,13
30528,13
30529,3
30530,10
30531,4
30532,11
30533,11
30534,11
30535,10
30536,1
30537,4
30538,8
30539,1
30540,2
30541,2
30542,4
30543,9
30544,13
30545,8
30546,0
30547,1
30548,13
30549,8
30550,0
30551,5
30552,0
30553,11
30554,6
30555,2
30556,12
30557,0
30558,4
30559,9
30560,10
30561,2
30562,3
30563,11
30564,9
30565,11
30566,13
30567,3
30568,7
30569,0
30570,8
30571,7
30572,11
30573,11
30574,0
30575,7
30576,1
30577,11
30578,13
30579,10
30580,3
30581,1
30582,12
30583,1
30584,2
30585,2
30586,1
30587,7
30588,7
30589,4
30590,3
30591,8
30592,2
30593,1
30594,1
30595,10
30596,7
30597,2
30598,10
30599,1
30600,7
30601,4
30602,0
30603,9
30604,2
30605,2
30606,1
30607,4
30608,0
30609,13
30610,2
30611,10
30612,11
30613,11
30614,6
30615,1
30616,13
30617,6
30618,1
30619,11
30620,9
30621,0
30622,11
30623,8
30624,4
30625,11
30626,1
30627,11
30628,0
30629,2
30630,10
30631,13
30632,11
30633,8
30634,0
30635,2
30636,11
30637,6
30638,0
30639,10
30640,11
30641,6
30642,4
30643,13
30644,5
30645,6
30646,2
30647,11
30648,13
30649,1
30650,9
30651,2
30652,9
30653,2
30654,12
30655,0
30656,4
30657,4
30658,7
30659,1
30660,1
30661,8
30662,12
30663,13
30664,10
30665,4
30666,7
30667,1
30668,6
30669,6
30670,2
30671,1
30672,10
30673,8
30674,2
30675,11
30676,3
30677,1
30678,12
30679,10
30680,11
30681,3
30682,8
30683,2
30684,11
30685,7
30686,4
30687,10
30688,10
30689,0
30690,11
30691,1
30692,13
30693,10
30694,2
30695,11
30696,6
30697,8
30698,7
30699,0
30700,0
30701,1
30702,3
30703,0
30704,7
30705,6
30706,7
30707,7
30708,8
30709,11
30710,11
30711,12
30712,0
30713,13
30714,10
30715,0
30716,9
30717,2
30718,8
30719,5
30720,7
30721,12
30722,0
30723,8
30724,13
30725,2
30726,9
30727,1
30728,12
30729,6
30730,11
30731,1
30732,10
30733,0
30734,10
30735,8
30736,12
30737,3
30738,8
30739,12
30740,13
30741,10
30742,4
30743,6
30744,10
30745,6
30746,7
30747,7
30748,7
30749,2
30750,1
30751,3
30752,2
30753,13
30754,13
30755,4
30756,8
30757,8
30758,10
30759,1
30760,10
30761,12
30762,6
30763,11
30764,4
30765,0
30766,2
30767,2
30768,6
30769,6
30770,11
30771,10
30772,13
30773,2
30774,8
30775,2
30776,7
30777,8
30778,13
30779,8
30780,11
30781,6
30782,7
30783,13
30784,13
30785,9
30786,6
30787,2
30788,4
30789,13
30790,9
30791,11
30792,2
30793,8
30794,0
30795,7
30796,0
30797,11
30798,2
30799,3
30800,11
30801,5
30802,6
30803,1
30804,9
30805,3
30806,1
30807,8
30808,7
30809,7
30810,8
30811,12
30812,11
30813,0
30814,3
30815,10
30816,3
30817,7
30818,2
30819,4
30820,4
30821,1
30822,4
30823,8
30824,7
30825,4
30826,11
30827,4
30828,13
30829,1
30830,1
30831,11
30832,11
30833,13
30834,5
30835,11
30836,4
30837,10
30838,6
30839,0
30840,10
30841,11
30842,4
30843,3
30844,8
30845,13
30846,9
30847,9
30848,10
30849,2
30850,0
30851,6
30852,1
30853,8
30854,8
30855,1
30856,8
30857,4
30858,6
30859,11
30860,4
30861,11
30862,11
30863,11
30864,10
30865,2
30866,8
30867,9
30868,3
30869,6
30870,2
30871,8
30872,13
30873,13
30874,9
30875,7
30876,9
30877,10
30878,11
30879,7
30880,0
30881,2
30882,8
30883,2
30884,12
30885,9
30886,3
30887,3
30888,6
30889,11
30890,0
30891,1
30892,4
30893,8
30894,12
30895,12
30896,11
30897,11
30898,6
30899,11
30900,0
30901,12
30902,1
30903,6
30904,0
30905,11
30906,10
30907,4
30908,6
30909,3
30910,13
30911,11
30912,5
30913,3
30914,2
30915,4
30916,12
30917,11
30918,6
30919,7
30920,12
30921,4
30922,1
30923,7
30924,7
30925,1
30926,12
30927,2
30928,4
30929,10
30930,3
30931,10
30932,4
30933,1
30934,1
30935,6
30936,13
30937,11
30938,7
30939,2
30940,0
30941,11
30942,11
30943,10
30944,2
30945,8
30946,11
30947,2
30948,6
30949,1
30950,6
30951,11
30952,1
30953,13
30954,2
30955,13
30956,6
30957,0
30958,10
30959,1
30960,5
30961,10
30962,10
30963,6
30964,2
30965,13
30966,13
30967,10
30968,1
30969,8
30970,11
30971,11
30972,0
30973,9
30974,5
30975,12
30976,8
30977,9
30978,12
30979,7
30980,11
30981,2
30982,0
30983,4
30984,1
30985,7
30986,6
30987,12
30988,10
30989,2
30990,9
30991,7
30992,4
30993,9
30994,11
30995,7
30996,3
30997,8
30998,6
30999,2
31000,12
31001,7
31002,0
31003,1
31004,6
31005,12
31006,9
31007,12
31008,13
31009,1
31010,2
31011,0
31012,0
31013,0
31014,11
31015,8
31016,7
31017,3
31018,7
31019,5
31020,8
31021,4
31022,11
31023,12
31024,3
31025,12
31026,10
31027,4
31028,6
31029,2
31030,0
31031,1
31032,11
31033,1
31034,10
31035,12
31036,2
31037,4
31038,8
31039,2
31040,11
31041,2
31042,9
31043,9
31044,3
31045,12
31046,3
31047,7
31048,0
31049,7
31050,4
31051,6
31052,1
31053,2
31054,11
31055,11
31056,11
31057,8
31058,1
31059,2
31060,1
31061,2
31062,10
31063,11
31064,13
31065,4
31066,10
31067,10
31068,1
31069,8
31070,0
31071,2
31072,10
31073,6
31074,12
31075,1
31076,11
31077,2
31078,10
31079,0
31080,11
31081,4
31082,9
31083,11
31084,2
31085,0
31086,2
31087,12
31088,4
31089,1
31090,11
31091,1
31092,6
31093,8
31094,3
31095,10
31096,9
31097,1
31098,0
31099,1
31100,11
31101,13
31102,4
31103,11
31104,12
31105,6
31106,1
31107,4
31108,7
31109,8
31110,6
31111,10
31112,1
31113,8
31114,3
31115,0
31116,3
31117,4
31118,8
31119,7
31120,4
31121,2
31122,4
31123,1
31124,13
31125,0
31126,12
31127,6
31128,8
31129,6
31130,3
31131,2
31132,10
31133,1
31134,11
31135,4
31136,7
31137,7
31138,8
31139,11
31140,12
31141,13
31142,3
31143,4
31144,10
31145,3
31146,11
31147,7
31148,3
31149,13
31150,10
31151,0
31152,4
31153,7
31154,3
31155,11
31156,6
31157,7
31158,2
31159,6
31160,10
31161,11
31162,12
31163,5
31164,11
31165,10
31166,2
31167,8
31168,9
31169,6
31170,11
31171,6
31172,10
31173,0
31174,3
31175,8
31176,6
31177,0
31178,0
31179,8
31180,7
31181,8
31182,3
31183,6
31184,11
31185,1
31186,11
31187,4
31188,12
31189,8
31190,0
31191,1
31192,1
31193,9
31194,7
31195,6
31196,13
31197,2
31198,1
31199,0
31200,11
31201,6
31202,11
31203,2
31204,12
31205,8
31206,4
31207,6
31208,4
31209,1
31210,2
31211,12
31212,3
31213,6
31214,1
31215,8
31216,8
31217,0
31218,11
31219,11
31220,1
31221,9
31222,10
31223,1
31224,11
31225,11
31226,11
31227,10
31228,11
31229,7
31230,8
31231,3
31232,9
31233,0
31234,4
31235,4
31236,8
31237,4
31238,10
31239,10
31240,0
31241,10
31242,0
31243,4
31244,0
31245,5
31246,7
31247,0
31248,6
31249,8
31250,4
31251,1
31252,10
31253,8
31254,1
31255,11
31256,7
31257,1
31258,2
31259,2
31260,3
31261,4
31262,4
31263,1
31264,6
31265,1
31266,8
31267,6
31268,2
31269,6
31270,2
31271,10
31272,0
31273,2
31274,8
31275,6
31276,3
31277,4
31278,5
31279,1
31280,6
31281,4
31282,10
31283,2
31284,11
31285,13
31286,11
31287,11
31288,1
31289,1
31290,11
31291,0
31292,2
31293,2
31294,1
31295,13
31296,3
31297,11
31298,0
31299,0
31300,9
31301,4
31302,7
31303,12
31304,4
31305,4
31306,0
31307,13
31308,7
31309,10
31310,6
31311,1
31312,4
31313,7
31314,1
31315,6
31316,3
31317,2
31318,3
31319,9
31320,0
31321,11
31322,8
31323,0
31324,4
31325,7
31326,11
31327,13
31328,8
31329,12
31330,4
31331,2
31332,2
31333,7
31334,5
31335,0
31336,9
31337,6
31338,7
31339,1
31340,8
31341,11
31342,13
31343,0
31344,7
31345,10
31346,0
31347,2
31348,4
31349,11
31350,3
31351,0
31352,3
31353,1
31354,12
31355,9
31356,11
31357,12
31358,0
31359,12
31360,4
31361,7
31362,0
31363,1
31364,2
31365,9
31366,1
31367,11
31368,11
31369,0
31370,11
31371,0
31372,0
31373,0
31374,1
31375,11
31376,10
31377,11
31378,7
31379,5
31380,1
31381,5
31382,0
31383,7
31384,0
31385,8
31386,0
31387,5
31388,5
31389,3
31390,8
31391,2
31392,10
31393,0
31394,5
31395,1
31396,12
31397,3
31398,2
31399,4
31400,3
31401,7
31402,1
31403,1
31404,6
31405,1
31406,9
31407,4
31408,6
31409,8
31410,6
31411,11
31412,10
31413,6
31414,9
31415,12
31416,4
31417,1
31418,2
31419,11
31420,7
31421,11
31422,2
31423,6
31424,12
31425,2
31426,9
31427,9
31428,1
31429,0
31430,11
31431,1
31432,3
31433,6
31434,1
31435,3
31436,11
31437,2
31438,3
31439,8
31440,10
31441,3
31442,12
31443,11
31444,1
31445,1
31446,2
31447,2
31448,4
31449,9
31450,11
31451,9
31452,2
31453,4
31454,11
31455,7
31456,3
31457,7
31458,11
31459,8
31460,7
31461,7
31462,7
31463,0
31464,1
31465,6
31466,1
31467,11
31468,10
31469,11
31470,2
31471,0
31472,3
31473,10
31474,12
31475,8
31476,11
31477,1
31478,11
31479,7
31480,4
31481,8
31482,8
31483,9
31484,5
31485,11
31486,4
31487,8
31488,8
31489,11
31490,7
31491,8
31492,9
31493,2
31494,6
31495,0
31496,4
31497,3
31498,2
31499,2
31500,6
31501,2
31502,2
31503,10
31504,6
31505,0
31506,4
31507,1
31508,11
31509,8
31510,11
31511,11
31512,4
31513,6
31514,2
31515,1
31516,8
31517,0
31518,2
31519,4
31520,12
31521,4
31522,12
31523,9
31524,3
31525,7
31526,8
31527,0
31528,4
31529,0
31530,8
31531,8
31532,1
31533,8
31534,10
31535,6
31536,11
31537,12
31538,7
31539,12
31540,2
31541,6
31542,2
31543,3
31544,0
31545,12
31546,3
31547,11
31548,11
31549,10
31550,4
31551,1
31552,2
31553,8
31554,11
31555,8
31556,9
31557,7
31558,10
31559,7
31560,11
31561,1
31562,1
31563,7
31564,2
31565,2
31566,0
31567,13
31568,1
31569,13
31570,9
31571,2
31572,12
31573,3
31574,6
31575,7
31576,10
31577,12
31578,8
31579,0
31580,0
31581,6
31582,1
31583,6
31584,3
31585,3
31586,11
31587,12
31588,3
31589,9
31590,8
31591,2
31592,11
31593,0
31594,1
31595,2
31596,10
31597,0
31598,4
31599,8
31600,13
31601,6
31602,2
31603,3
31604,2
31605,2
31606,4
31607,4
31608,12
31609,2
31610,11
31611,11
31612,4
31613,3
31614,8
31615,11
31616,2
31617,11
31618,11
31619,11
31620,4
31621,12
31622,9
31623,8
31624,0
31625,10
31626,2
31627,11
31628,13
31629,3
31630,3
31631,4
31632,8
31633,3
31634,9
31635,13
31636,6
31637,6
31638,0
31639,8
31640,10
31641,11
31642,0
31643,1
31644,11
31645,1
31646,6
31647,6
31648,4
31649,1
31650,11
31651,3
31652,8
31653,11
31654,12
31655,1
31656,1
31657,9
31658,3
31659,10
31660,6
31661,9
31662,2
31663,4
31664,2
31665,7
31666,6
31667,7
31668,12
31669,11
31670,10
31671,6
31672,7
31673,13
31674,6
31675,4
31676,3
31677,9
31678,8
31679,0
31680,9
31681,7
31682,10
31683,4
31684,7
31685,2
31686,11
31687,11
31688,7
31689,1
31690,3
31691,6
31692,11
31693,10
31694,6
31695,6
31696,2
31697,1
31698,11
31699,11
31700,2
31701,2
31702,0
31703,11
31704,7
31705,2
31706,5
31707,8
31708,2
31709,4
31710,4
31711,1
31712,3
31713,6
31714,1
31715,8
31716,3
31717,3
31718,7
31719,1
31720,11
31721,11
31722,4
31723,13
31724,4
31725,8
31726,3
31727,12
31728,6
31729,10
31730,8
31731,7
31732,2
31733,13
31734,0
31735,11
31736,1
31737,2
31738,11
31739,13
31740,1
31741,11
31742,6
31743,11
31744,2
31745,6
31746,6
31747,2
31748,1
31749,9
31750,6
31751,8
31752,2
31753,7
31754,5
31755,2
31756,13
31757,5
31758,7
31759,2
31760,6
31761,13
31762,12
31763,11
31764,10
31765,1
31766,4
31767,6
31768,7
31769,6
31770,7
31771,12
31772,7
31773,1
31774,1
31775,1
31776,0
31777,9
31778,1
31779,11
31780,3
31781,6
31782,13
31783,1
31784,13
31785,8
31786,12
31787,2
31788,11
31789,0
31790,1
31791,6
31792,6
31793,12
31794,12
31795,1
31796,1
31797,10
31798,11
31799,0
31800,2
31801,8
31802,6
31803,11
31804,9
31805,11
31806,12
31807,11
31808,2
31809,3
31810,11
31811,2
31812,2
31813,4
31814,4
31815,3
31816,2
31817,10
31818,11
31819,3
31820,5
31821,1
31822,13
31823,12
31824,3
31825,2
31826,0
31827,6
31828,6
31829,0
31830,0
31831,0
31832,0
31833,10
31834,2
31835,1
31836,7
31837,4
31838,13
31839,6
31840,1
31841,8
31842,2
31843,3
31844,7
31845,3
31846,6
31847,13
31848,3
31849,11
31850,13
31851,7
31852,3
31853,6
31854,1
31855,9
31856,8
31857,0
31858,2
31859,6
31860,8
31861,0
31862,4
31863,13
31864,8
31865,11
31866,7
31867,10
31868,2
31869,6
31870,4
31871,10
31872,7
31873,11
31874,0
31875,13
31876,6
31877,1
31878,8
31879,13
31880,7
31881,1
31882,12
31883,6
31884,8
31885,13
31886,11
31887,4
31888,7
31889,3
31890,11
31891,9
31892,11
31893,12
31894,4
31895,7
31896,8
31897,10
31898,8
31899,0
31900,8
31901,3
31902,8
31903,11
31904,10
31905,1
31906,7
31907,6
31908,0
31909,11
31910,2
31911,7
31912,4
31913,7
31914,10
31915,2
31916,11
31917,10
31918,11
31919,7
31920,4
31921,1
31922,13
31923,9
31924,9
31925,10
31926,2
31927,1
31928,0
31929,4
31930,8
31931,1
31932,9
31933,3
31934,10
31935,10
31936,11
31937,0
31938,7
31939,2
31940,4
31941,12
31942,7
31943,12
31944,0
31945,11
31946,11
31947,2
31948,4
31949,12
31950,11
31951,0
31952,9
31953,2
31954,11
31955,0
31956,4
31957,0
31958,4
31959,12
31960,0
31961,1
31962,4
31963,7
31964,7
31965,8
31966,7
31967,1
31968,11
31969,1
31970,6
31971,4
31972,4
31973,8
31974,1
31975,9
31976,2
31977,13
31978,11
31979,12
31980,8
31981,8
31982,0
31983,2
31984,3
31985,8
31986,9
31987,7
31988,2
31989,13
31990,11
31991,2
31992,0
31993,1
31994,6
31995,3
31996,7
31997,8
31998,3
31999,11
32000,0
32001,6
32002,6
32003,0
32004,0
32005,6
32006,11
32007,12
32008,10
32009,11
32010,8
32011,11
32012,10
32013,13
32014,0
32015,0
32016,6
32017,8
32018,3
32019,10
32020,1
32021,6
32022,11
32023,10
32024,11
32025,0
32026,1
32027,13
32028,11
32029,7
32030,6
32031,3
32032,8
32033,4
32034,3
32035,10
32036,6
32037,7
32038,11
32039,13
32040,13
32041,11
32042,1
32043,7
32044,0
32045,4
32046,3
32047,6
32048,4
32049,13
32050,6
32051,0
32052,1
32053,10
32054,8
32055,13
32056,4
32057,11
32058,4
32059,6
32060,4
32061,10
32062,1
32063,12
32064,6
32065,7
32066,11
32067,2
32068,0
32069,9
32070,4
32071,11
32072,11
32073,0
32074,11
32075,3
32076,9
32077,10
32078,4
32079,4
32080,11
32081,8
32082,2
32083,1
32084,7
32085,2
32086,3
32087,8
32088,8
32089,7
32090,11
32091,7
32092,11
32093,11
32094,12
32095,12
32096,12
32097,8
32098,2
32099,0
32100,3
32101,1
32102,5
32103,2
32104,11
32105,10
32106,11
32107,1
32108,12
32109,11
32110,1
32111,1
32112,10
32113,6
32114,3
32115,11
32116,10
32117,3
32118,10
32119,2
32120,4
32121,3
32122,0
32123,2
32124,4
32125,7
32126,8
32127,13
32128,3
32129,0
32130,4
32131,10
32132,10
32133,5
32134,9
32135,4
32136,1
32137,8
32138,6
32139,3
32140,0
32141,11
32142,12
32143,2
32144,7
32145,0
32146,1
32147,3
32148,7
32149,1
32150,2
32151,10
32152,7
32153,10
32154,8
32155,4
32156,11
32157,11
32158,11
32159,2
32160,9
32161,6
32162,0
32163,12
32164,2
32165,7
32166,8
32167,13
32168,10
32169,0
32170,1
32171,11
32172,2
32173,11
32174,4
32175,1
32176,1
32177,12
32178,12
32179,3
32180,0
32181,2
32182,8
32183,12
32184,10
32185,8
32186,12
32187,1
32188,3
32189,8
32190,0
32191,8
32192,2
32193,6
32194,7
32195,12
32196,3
32197,10
32198,0
32199,7
32200,1
32201,4
32202,4
32203,7
32204,3
32205,6
32206,2
32207,10
32208,1
32209,7
32210,10
32211,12
32212,1
32213,8
32214,11
32215,2
32216,4
32217,4
32218,1
32219,11
32220,4
32221,7
32222,4
32223,2
32224,12
32225,1
32226,13
32227,2
32228,0
32229,10
32230,13
32231,7
32232,13
32233,6
32234,7
32235,10
32236,0
32237,0
32238,6
32239,2
32240,8
32241,2
32242,7
32243,3
32244,0
32245,7
32246,2
32247,10
32248,7
32249,2
32250,8
32251,2
32252,7
32253,1
32254,13
32255,12
32256,2
32257,7
32258,4
32259,8
32260,11
32261,8
32262,4
32263,2
32264,12
32265,11
32266,9
32267,13
32268,0
32269,3
32270,11
32271,11
32272,0
32273,1
32274,7
32275,9
32276,13
32277,10
32278,8
32279,7
32280,0
32281,2
32282,10
32283,0
32284,0
32285,1
32286,3
32287,7
32288,0
32289,0
32290,12
32291,11
32292,2
32293,1
32294,0
32295,11
32296,0
32297,0
32298,4
32299,9
32300,2
32301,8
32302,13
32303,11
32304,1
32305,9
32306,11
32307,11
32308,2
32309,4
32310,6
32311,10
32312,4
32313,6
32314,0
32315,1
32316,10
32317,11
32318,1
32319,1
32320,0
32321,12
32322,1
32323,11
32324,13
32325,7
32326,2
32327,11
32328,0
32329,7
32330,10
32331,1
32332,2
32333,4
32334,6
32335,8
32336,1
32337,9
32338,7
32339,0
32340,6
32341,7
32342,1
32343,11
32344,11
32345,12
32346,8
32347,2
32348,3
32349,12
32350,1
32351,2
32352,1
32353,11
32354,10
32355,4
32356,3
32357,4
32358,11
32359,3
32360,11
32361,11
32362,7
32363,1
32364,2
32365,8
32366,1
32367,13
32368,4
32369,0
32370,13
32371,13
32372,12
32373,13
32374,0
32375,3
32376,4
32377,2
32378,10
32379,1
32380,7
32381,3
32382,9
32383,12
32384,2
32385,0
32386,4
32387,2
32388,2
32389,4
32390,10
32391,0
32392,2
32393,6
32394,11
32395,10
32396,11
32397,12
32398,2
32399,12
32400,2
32401,7
32402,4
32403,1
32404,9
32405,10
32406,11
32407,11
32408,0
32409,8
32410,11
32411,8
32412,10
32413,6
32414,2
32415,3
32416,4
32417,0
32418,10
32419,7
32420,11
32421,3
32422,3
32423,1
32424,13
32425,9
32426,6
32427,1
32428,10
32429,10
32430,1
32431,9
32432,1
32433,0
32434,1
32435,1
32436,13
32437,1
32438,0
32439,12
32440,13
32441,9
32442,7
32443,2
32444,6
32445,10
32446,7
32447,12
32448,12
32449,4
32450,12
32451,7
32452,3
32453,2
32454,3
32455,4
32456,10
32457,7
32458,9
32459,11
32460,1
32461,9
32462,9
32463,10
32464,11
32465,3
32466,1
32467,10
32468,3
32469,7
32470,0
32471,1
32472,11
32473,4
32474,6
32475,5
32476,12
32477,7
32478,11
32479,0
32480,1
32481,4
32482,2
32483,13
32484,7
32485,8
32486,7
32487,9
32488,8
32489,6
32490,13
32491,8
32492,11
32493,0
32494,11
32495,0
32496,4
32497,9
32498,0
32499,11
32500,10
32501,2
32502,8
32503,4
32504,13
32505,7
32506,3
32507,0
32508,10
32509,7
32510,13
32511,12
32512,8
32513,0
32514,7
32515,6
32516,9
32517,11
32518,11
32519,12
32520,10
32521,1
32522,0
32523,9
32524,0
32525,11
32526,6
32527,6
32528,1
32529,10
32530,2
32531,10
32532,0
32533,7
32534,12
32535,11
32536,11
32537,7
32538,9
32539,1
32540,1
32541,3
32542,4
32543,8
32544,1
32545,1
32546,5
32547,12
32548,0
32549,10
32550,12
32551,11
32552,3
32553,6
32554,11
32555,13
32556,8
32557,7
32558,10
32559,1
32560,1
32561,9
32562,1
32563,2
32564,10
32565,11
32566,2
32567,0
32568,1
32569,1
32570,9
32571,8
32572,1
32573,3
32574,11
32575,4
32576,11
32577,13
32578,4
32579,8
32580,12
32581,6
32582,7
32583,3
32584,2
32585,0
32586,7
32587,0
32588,7
32589,4
32590,6
32591,1
32592,12
32593,2
32594,0
32595,11
32596,9
32597,2
32598,0
32599,13
32600,1
32601,11
32602,2
32603,11
32604,11
32605,6
32606,7
32607,6
32608,1
32609,0
32610,9
32611,3
32612,2
32613,1
32614,8
32615,3
32616,9
32617,8
32618,2
32619,9
32620,1
32621,3
32622,12
32623,5
32624,12
32625,1
32626,10
32627,11
32628,9
32629,8
32630,8
32631,10
32632,3
32633,0
32634,2
32635,2
32636,2
32637,11
32638,8
32639,8
32640,9
32641,2
32642,1
32643,13
32644,13
32645,2
32646,12
32647,4
32648,13
32649,10
32650,8
32651,6
32652,8
32653,1
32654,0
32655,12
32656,1
32657,13
32658,1
32659,0
32660,13
32661,2
32662,0
32663,6
32664,6
32665,7
32666,0
32667,13
32668,0
32669,11
32670,3
32671,11
32672,4
32673,2
32674,7
32675,4
32676,6
32677,11
32678,2
32679,8
32680,4
32681,0
32682,7
32683,10
32684,11
32685,4
32686,13
32687,3
32688,7
32689,6
32690,11
32691,0
32692,0
32693,11
32694,12
32695,12
32696,12
32697,4
32698,12
32699,2
32700,11
32701,11
32702,1
32703,11
32704,1
32705,4
32706,6
32707,5
32708,12
32709,7
32710,7
32711,3
32712,1
32713,9
32714,12
32715,11
32716,0
32717,0
32718,2
32719,4
32720,4
32721,8
32722,13
32723,12
32724,11
32725,0
32726,3
32727,0
32728,11
32729,6
32730,1
32731,12
32732,9
32733,1
32734,12
32735,10
32736,2
32737,12
32738,1
32739,4
32740,6
32741,7
32742,1
32743,12
32744,0
32745,2
32746,3
32747,0
32748,0
32749,4
32750,1
32751,6
32752,0
32753,2
32754,7
32755,13
32756,4
32757,11
32758,2
32759,11
32760,1
32761,7
32762,7
32763,9
32764,13
32765,4
32766,10
32767,10
32768,9
32769,8
32770,8
32771,12
32772,10
32773,3
32774,1
32775,3
32776,11
32777,9
32778,1
32779,4
32780,2
32781,5
32782,13
32783,11
32784,2
32785,7
32786,4
32787,0
32788,8
32789,12
32790,13
32791,1
32792,7
32793,6
32794,10
32795,1
32796,12
32797,10
32798,6
32799,3
32800,12
32801,2
32802,4
32803,9
32804,4
32805,1
32806,2
32807,0
32808,1
32809,8
32810,5
32811,8
32812,2
32813,3
32814,0
32815,12
32816,8
32817,2
32818,11
32819,0
32820,8
32821,12
32822,0
32823,6
32824,8
32825,0
32826,1
32827,11
32828,2
32829,1
32830,11
32831,8
32832,8
32833,1
32834,13
32835,1
32836,3
32837,11
32838,0
32839,1
32840,6
32841,9
32842,4
32843,1
32844,5
32845,1
32846,1
32847,9
32848,12
32849,2
32850,10
32851,11
32852,10
32853,11
32854,6
32855,13
32856,8
32857,2
32858,1
32859,11
32860,1
32861,8
32862,7
32863,4
32864,7
32865,8
32866,11
32867,8
32868,4
32869,2
32870,12
32871,8
32872,9
32873,9
32874,3
32875,12
32876,1
32877,7
32878,8
32879,8
32880,12
32881,3
32882,8
32883,10
32884,0
32885,12
32886,13
32887,0
32888,1
32889,10
32890,4
32891,3
32892,2
32893,0
32894,7
32895,7
32896,4
32897,6
32898,1
32899,2
32900,0
32901,4
32902,11
32903,1
32904,2
32905,9
32906,1
32907,0
32908,6
32909,0
32910,11
32911,13
32912,1
32913,12
32914,11
32915,0
32916,11
32917,11
32918,7
32919,2
32920,0
32921,6
32922,8
32923,7
32924,2
32925,7
32926,1
32927,4
32928,4
32929,2
32930,2
32931,7
32932,12
32933,11
32934,11
32935,11
32936,5
32937,0
32938,12
32939,13
32940,1
32941,13
32942,6
32943,1
32944,4
32945,9
32946,8
32947,1
32948,4
32949,2
32950,2
32951,11
32952,5
32953,0
32954,10
32955,12
32956,12
32957,10
32958,0
32959,8
32960,12
32961,11
32962,11
32963,4
32964,11
32965,2
32966,11
32967,10
32968,12
32969,7
32970,0
32971,4
32972,7
32973,0
32974,1
32975,7
32976,4
32977,1
32978,0
32979,1
32980,1
32981,12
32982,3
32983,1
32984,10
32985,9
32986,2
32987,0
32988,13
32989,11
32990,11
32991,9
32992,11
32993,13
32994,5
32995,6
32996,10
32997,7
32998,13
32999,10
33000,8
33001,4
33002,13
33003,1
33004,2
33005,2
33006,10
33007,1
33008,4
33009,11
33010,13
33011,4
33012,8
33013,6
33014,2
33015,11
33016,1
33017,11
33018,4
33019,6
33020,3
33021,13
33022,11
33023,12
33024,4
33025,1
33026,1
33027,3
33028,7
33029,6
33030,0
33031,9
33032,2
33033,6
33034,13
33035,13
33036,12
33037,10
33038,7
33039,4
33040,0
33041,4
33042,1
33043,7
33044,13
33045,0
33046,7
33047,4
33048,13
33049,3
33050,2
33051,11
33052,11
33053,9
33054,8
33055,6
33056,7
33057,3
33058,5
33059,6
33060,4
33061,6
33062,2
33063,12
33064,3
33065,13
33066,9
33067,7
33068,11
33069,10
33070,3
33071,8
33072,13
33073,10
33074,11
33075,1
33076,2
33077,4
33078,4
33079,4
33080,0
33081,11
33082,1
33083,2
33084,2
33085,0
33086,7
33087,6
33088,2
33089,11
33090,4
33091,1
33092,7
33093,3
33094,8
33095,4
33096,2
33097,12
33098,1
33099,2
33100,12
33101,4
33102,8
33103,12
33104,9
33105,4
33106,2
33107,1
33108,12
33109,12
33110,9
33111,13
33112,12
33113,4
33114,1
33115,3
33116,3
33117,9
33118,1
33119,0
33120,6
33121,10
33122,11
33123,2
33124,0
33125,1
33126,0
33127,0
33128,10
33129,5
33130,12
33131,1
33132,4
33133,7
33134,13
33135,1
33136,12
33137,4
33138,10
33139,10
33140,1
33141,4
33142,10
33143,7
33144,2
33145,8
33146,8
33147,11
33148,6
33149,12
33150,2
33151,7
33152,2
33153,11
33154,2
33155,11
33156,4
33157,6
33158,11
33159,10
33160,10
33161,8
33162,13
33163,7
33164,6
33165,0
33166,1
33167,11
33168,7
33169,9
33170,7
33171,1
33172,6
33173,7
33174,0
33175,7
33176,12
33177,3
33178,4
33179,0
33180,7
33181,4
33182,6
33183,10
33184,7
33185,8
33186,2
33187,2
33188,4
33189,11
33190,10
33191,6
33192,8
33193,10
33194,13
33195,11
33196,3
33197,4
33198,6
33199,8
33200,1
33201,12
33202,4
33203,10
33204,11
33205,1
33206,6
33207,6
33208,10
33209,7
33210,3
33211,8
33212,12
33213,1
33214,4
33215,13
33216,8
33217,6
33218,11
33219,12
33220,9
33221,5
33222,10
33223,6
33224,12
33225,9
33226,4
33227,11
33228,6
33229,13
33230,10
33231,3
33232,12
33233,1
33234,9
33235,7
33236,9
33237,8
33238,4
33239,6
33240,0
33241,0
33242,3
33243,11
33244,11
33245,6
33246,1
33247,6
33248,6
33249,0
33250,7
33251,3
33252,11
33253,0
33254,8
33255,8
33256,7
33257,13
33258,9
33259,2
33260,0
33261,12
33262,11
33263,11
33264,11
33265,3
33266,8
33267,2
33268,4
33269,2
33270,12
33271,13
33272,6
33273,0
33274,6
33275,1
33276,0
33277,3
33278,10
33279,5
33280,0
33281,13
33282,10
33283,12
33284,13
33285,1
33286,2
33287,4
33288,13
33289,7
33290,1
33291,13
33292,4
33293,11
33294,2
33295,6
33296,11
33297,12
33298,7
33299,6
33300,6
33301,7
33302,0
33303,10
33304,2
33305,7
33306,0
33307,9
33308,1
33309,6
33310,13
33311,7
33312,2
33313,6
33314,1
33315,5
33316,2
33317,1
33318,1
33319,13
33320,0
33321,7
33322,4
33323,10
33324,3
33325,3
33326,1
33327,1
33328,6
33329,2
33330,10
33331,1
33332,11
33333,0
33334,7
33335,2
33336,12
33337,12
33338,9
33339,9
33340,7
33341,8
33342,12
33343,2
33344,8
33345,11
33346,13
33347,4
33348,4
33349,1
33350,3
33351,4
33352,3
33353,10
33354,9
33355,11
33356,9
33357,12
33358,11
33359,2
33360,3
33361,11
33362,6
33363,6
33364,10
33365,12
33366,6
33367,1
33368,10
33369,2
33370,2
33371,11
33372,12
33373,13
33374,0
33375,11
33376,0
33377,2
33378,10
33379,9
33380,1
33381,3
33382,7
33383,0
33384,2
33385,6
33386,10
33387,0
33388,9
33389,8
33390,11
33391,3
33392,11
33393,8
33394,8
33395,7
33396,6
33397,3
33398,2
33399,0
33400,3
33401,13
33402,2
33403,0
33404,3
33405,2
33406,10
33407,9
33408,2
33409,12
33410,12
33411,9
33412,5
33413,4
33414,1
33415,12
33416,1
33417,12
33418,1
33419,10
33420,6
33421,1
33422,7
33423,12
33424,9
33425,11
33426,6
33427,10
33428,2
33429,13
33430,4
33431,11
33432,11
33433,12
33434,6
33435,1
33436,7
33437,4
33438,12
33439,7
33440,8
33441,11
33442,6
33443,3
33444,12
33445,12
33446,6
33447,1
33448,13
33449,6
33450,6
33451,4
33452,1
33453,0
33454,1
33455,10
33456,12
33457,10
33458,4
33459,11
33460,4
33461,1
33462,9
33463,7
33464,3
33465,0
33466,6
33467,9
33468,13
33469,13
33470,10
33471,11
33472,4
33473,2
33474,4
33475,8
33476,2
33477,11
33478,4
33479,10
33480,0
33481,8
33482,11
33483,0
33484,13
33485,12
33486,6
33487,0
33488,2
33489,1
33490,4
33491,6
33492,9
33493,6
33494,9
33495,10
33496,6
33497,1
33498,7
33499,8
33500,2
33501,8
33502,13
33503,8
33504,2
33505,6
33506,4
33507,2
33508,8
33509,12
33510,1
33511,3
33512,9
33513,9
33514,10
33515,2
33516,13
33517,1
33518,9
33519,1
33520,12
33521,0
33522,0
33523,2
33524,3
33525,11
33526,8
33527,11
33528,3
33529,7
33530,0
33531,8
33532,2
33533,9
33534,0
33535,7
33536,7
33537,13
33538,10
33539,3
33540,2
33541,1
33542,11
33543,13
33544,1
33545,11
33546,3
33547,6
33548,2
33549,8
33550,11
33551,0
33552,2
33553,8
33554,0
33555,8
33556,11
33557,6
33558,9
33559,7
33560,0
33561,7
33562,2
33563,0
33564,11
33565,0
33566,2
33567,10
33568,3
33569,0
33570,8
33571,10
33572,1
33573,6
33574,3
33575,13
33576,11
33577,2
33578,12
33579,12
33580,2
33581,3
33582,7
33583,2
33584,2
33585,13
33586,11
33587,7
33588,7
33589,1
33590,3
33591,1
33592,12
33593,11
33594,10
33595,9
33596,1
33597,0
33598,13
33599,10
33600,4
33601,0
33602,2
33603,11
33604,1
33605,2
33606,13
33607,4
33608,10
33609,4
33610,10
33611,6
33612,3
33613,2
33614,6
33615,4
33616,13
33617,2
33618,3
33619,6
33620,11
33621,11
33622,4
33623,11
33624,2
33625,3
33626,13
33627,7
33628,7
33629,2
33630,6
33631,0
33632,6
33633,7
33634,0
33635,7
33636,6
33637,9
33638,7
33639,11
33640,9
33641,8
33642,13
33643,9
33644,4
33645,0
33646,0
33647,2
33648,1
33649,6
33650,11
33651,3
33652,13
33653,2
33654,10
33655,1
33656,12
33657,0
33658,3
33659,7
33660,0
33661,3
33662,10
33663,3
33664,12
33665,7
33666,1
33667,12
33668,13
33669,1
33670,0
33671,13
33672,2
33673,7
33674,4
33675,13
33676,11
33677,7
33678,3
33679,2
33680,13
33681,1
33682,13
33683,2
33684,2
33685,10
33686,0
33687,2
33688,0
33689,2
33690,12
33691,6
33692,8
33693,10
33694,11
33695,11
33696,4
33697,10
33698,2
33699,1
33700,0
33701,1
33702,11
33703,13
33704,11
33705,1
33706,11
33707,4
33708,10
33709,11
33710,0
33711,9
33712,4
33713,9
33714,1
33715,6
33716,11
33717,1
33718,10
33719,12
33720,8
33721,11
33722,11
33723,11
33724,11
33725,0
33726,2
33727,12
33728,5
33729,2
33730,7
33731,0
33732,12
33733,13
33734,6
33735,9
33736,10
33737,9
33738,1
33739,10
33740,4
33741,4
33742,13
33743,2
33744,10
33745,2
33746,7
33747,13
33748,3
33749,7
33750,6
33751,8
33752,0
33753,6
33754,3
33755,13
33756,11
33757,10
33758,0
33759,12
33760,0
33761,11
33762,2
33763,9
33764,7
33765,6
33766,7
33767,9
33768,0
33769,6
33770,2
33771,10
33772,10
33773,4
33774,1
33775,2
33776,11
33777,6
33778,4
33779,0
33780,1
33781,11
33782,6
33783,6
33784,0
33785,3
33786,3
33787,10
33788,9
33789,8
33790,11
33791,2
33792,2
33793,2
33794,0
33795,11
33796,12
33797,1
33798,6
33799,8
33800,1
33801,4
33802,11
33803,12
33804,7
33805,1
33806,9
33807,12
33808,10
33809,2
33810,9
33811,3
33812,13
33813,2
33814,12
33815,12
33816,2
33817,1
33818,9
33819,11
33820,10
33821,6
33822,2
33823,8
33824,1
33825,6
33826,11
33827,11
33828,6
33829,4
33830,1
33831,0
33832,1
33833,12
33834,1
33835,0
33836,13
33837,3
33838,10
33839,11
33840,11
33841,3
33842,8
33843,1
33844,7
33845,1
33846,11
33847,0
33848,7
33849,13
33850,1
33851,3
33852,4
33853,10
33854,11
33855,6
33856,9
33857,12
33858,2
33859,8
33860,8
33861,6
33862,8
33863,0
33864,8
33865,11
33866,13
33867,1
33868,7
33869,7
33870,8
33871,3
33872,10
33873,3
33874,0
33875,11
33876,3
33877,9
33878,11
33879,4
33880,8
33881,12
33882,7
33883,4
33884,2
33885,7
33886,1
33887,4
33888,13
33889,9
33890,2
33891,10
33892,11
33893,11
33894,7
33895,2
33896,11
33897,12
33898,8
33899,10
33900,6
33901,0
33902,7
33903,11
33904,7
33905,12
33906,1
33907,6
33908,2
33909,11
33910,0
33911,1
33912,6
33913,8
33914,10
33915,2
33916,12
33917,2
33918,11
33919,13
33920,12
33921,7
33922,11
33923,11
33924,0
33925,10
33926,12
33927,3
33928,2
33929,10
33930,8
33931,9
33932,3
33933,1
33934,0
33935,0
33936,8
33937,10
33938,6
33939,13
33940,0
33941,5
33942,6
33943,12
33944,7
33945,10
33946,6
33947,1
33948,3
33949,11
33950,0
33951,4
33952,7
33953,9
33954,1
33955,3
33956,0
33957,11
33958,6
33959,8
33960,9
33961,9
33962,11
33963,2
33964,10
33965,1
33966,3
33967,7
33968,2
33969,4
33970,4
33971,5
33972,4
33973,10
33974,11
33975,9
33976,3
33977,0
33978,0
33979,1
33980,6
33981,11
33982,0
33983,9
33984,3
33985,7
33986,2
33987,1
33988,4
33989,6
33990,2
33991,4
33992,2
33993,1
33994,0
33995,1
33996,10
33997,11
33998,11
33999,4
34000,3
34001,0
34002,6
34003,7
34004,0
34005,1
34006,9
34007,9
34008,2
34009,4
34010,2
34011,8
34012,0
34013,11
34014,11
34015,6
34016,9
34017,4
34018,13
34019,3
34020,5
34021,2
34022,10
34023,2
34024,9
34025,11
34026,11
34027,2
34028,1
34029,0
34030,0
34031,9
34032,8
34033,12
34034,13
34035,1
34036,0
34037,0
34038,13
34039,11
34040,6
34041,2
34042,8
34043,6
34044,3
34045,1
34046,13
34047,1
34048,0
34049,2
34050,13
34051,2
34052,7
34053,7
34054,2
34055,4
34056,1
34057,2
34058,1
34059,11
34060,7
34061,10
34062,7
34063,1
34064,6
34065,7
34066,12
34067,4
34068,13
34069,6
34070,4
34071,6
34072,9
34073,10
34074,4
34075,3
34076,11
34077,1
34078,8
34079,7
34080,12
34081,11
34082,11
34083,7
34084,0
34085,10
34086,0
34087,7
34088,6
34089,6
34090,12
34091,12
34092,1
34093,4
34094,2
34095,2
34096,10
34097,11
34098,4
34099,11
34100,8
34101,11
34102,0
34103,1
34104,6
34105,2
34106,7
34107,1
34108,11
34109,2
34110,11
34111,10
34112,12
34113,1
34114,12
34115,0
34116,1
34117,1
34118,0
34119,10
34120,4
34121,1
34122,1
34123,8
34124,11
34125,12
34126,1
34127,7
34128,0
34129,8
34130,4
34131,0
34132,6
34133,13
34134,10
34135,9
34136,3
34137,3
34138,4
34139,13
34140,1
34141,6
34142,9
34143,6
34144,4
34145,7
34146,7
34147,0
34148,0
34149,7
34150,0
34151,11
34152,3
34153,4
34154,3
34155,2
34156,2
34157,8
34158,7
34159,10
34160,2
34161,13
34162,2
34163,8
34164,11
34165,2
34166,12
34167,8
34168,9
34169,8
34170,12
34171,7
34172,11
34173,7
34174,2
34175,12
34176,2
34177,11
34178,10
34179,0
34180,9
34181,0
34182,9
34183,10
34184,1
34185,3
34186,2
34187,7
34188,1
34189,6
34190,12
34191,10
34192,10
34193,3
34194,8
34195,2
34196,8
34197,0
34198,12
34199,0
34200,4
34201,8
34202,5
34203,8
34204,1
34205,12
34206,11
34207,13
34208,11
34209,3
34210,2
34211,11
34212,1
34213,4
34214,2
34215,7
34216,10
34217,7
34218,11
34219,2
34220,11
34221,11
34222,8
34223,2
34224,1
34225,3
34226,3
34227,6
34228,6
34229,2
34230,13
34231,11
34232,13
34233,10
34234,9
34235,0
34236,12
34237,3
34238,3
34239,1
34240,1
34241,0
34242,12
34243,11
34244,1
34245,1
34246,1
34247,12
34248,11
34249,10
34250,7
34251,12
34252,10
34253,0
34254,3
34255,8
34256,2
34257,0
34258,4
34259,6
34260,2
34261,4
34262,10
34263,10
34264,11
34265,6
34266,11
34267,0
34268,6
34269,8
34270,6
34271,13
34272,7
34273,5
34274,1
34275,9
34276,7
34277,2
34278,6
34279,13
34280,7
34281,1
34282,12
34283,1
34284,10
34285,0
34286,13
34287,8
34288,2
34289,2
34290,13
34291,3
34292,2
34293,12
34294,6
34295,1
34296,10
34297,2
34298,11
34299,4
34300,7
34301,4
34302,1
34303,10
34304,1
34305,10
34306,10
34307,10
34308,4
34309,1
34310,13
34311,7
34312,13
34313,4
34314,1
34315,10
34316,0
34317,5
34318,3
34319,7
34320,11
34321,13
34322,2
34323,11
34324,2
34325,10
34326,6
34327,3
34328,13
34329,6
34330,12
34331,11
34332,4
34333,1
34334,9
34335,4
34336,13
34337,3
34338,8
34339,8
34340,12
34341,10
34342,4
34343,11
34344,13
34345,11
34346,1
34347,3
34348,11
34349,0
34350,6
34351,6
34352,11
34353,2
34354,13
34355,8
34356,11
34357,13
34358,1
34359,7
34360,4
34361,2
34362,12
34363,8
34364,13
34365,11
34366,10
34367,2
34368,7
34369,6
34370,12
34371,4
34372,11
34373,8
34374,3
34375,11
34376,3
34377,9
34378,11
34379,8
34380,4
34381,4
34382,8
34383,11
34384,7
34385,8
34386,8
34387,1
34388,6
34389,8
34390,1
34391,1
34392,1
34393,6
34394,3
34395,10
34396,3
34397,1
34398,2
34399,1
34400,6
34401,10
34402,8
34403,2
34404,2
34405,1
34406,11
34407,7
34408,10
34409,12
34410,2
34411,11
34412,0
34413,4
34414,10
34415,8
34416,10
34417,13
34418,11
34419,1
34420,0
34421,2
34422,11
34423,11
34424,11
34425,0
34426,6
34427,11
34428,8
34429,2
34430,0
34431,3
34432,1
34433,8
34434,6
34435,11
34436,2
34437,1
34438,7
34439,4
34440,0
34441,1
34442,11
34443,1
34444,4
34445,3
34446,3
34447,2
34448,11
34449,8
34450,2
34451,1
34452,9
34453,8
34454,10
34455,12
34456,2
34457,8
34458,4
34459,0
34460,1
34461,1
34462,2
34463,11
34464,6
34465,6
34466,0
34467,4
34468,6
34469,1
34470,10
34471,8
34472,12
34473,6
34474,4
34475,7
34476,2
34477,0
34478,4
34479,11
34480,6
34481,7
34482,10
34483,12
34484,1
34485,0
34486,13
34487,13
34488,8
34489,7
34490,8
34491,8
34492,0
34493,3
34494,3
34495,10
34496,9
34497,3
34498,1
34499,10
34500,1
34501,3
34502,0
34503,2
34504,0
34505,9
34506,12
34507,2
34508,0
34509,4
34510,9
34511,6
34512,10
34513,11
34514,6
34515,1
34516,8
34517,9
34518,9
34519,7
34520,3
34521,2
34522,11
34523,7
34524,2
34525,0
34526,2
34527,7
34528,11
34529,11
34530,11
34531,3
34532,0
34533,2
34534,6
34535,6
34536,8
34537,3
34538,9
34539,8
34540,13
34541,4
34542,8
34543,8
34544,3
34545,10
34546,8
34547,0
34548,11
34549,0
34550,5
34551,13
34552,13
34553,13
34554,4
34555,10
34556,10
34557,11
34558,13
34559,8
34560,10
34561,0
34562,4
34563,2
34564,11
34565,2
34566,3
34567,7
34568,2
34569,6
34570,7
34571,2
34572,3
34573,4
34574,4
34575,10
34576,6
34577,6
34578,9
34579,0
34580,4
34581,3
34582,6
34583,7
34584,12
34585,11
34586,1
34587,11
34588,0
34589,10
34590,10
34591,6
34592,11
34593,11
34594,12
34595,4
34596,6
34597,2
34598,7
34599,6
34600,5
34601,7
34602,7
34603,12
34604,13
34605,6
34606,1
34607,3
34608,8
34609,8
34610,1
34611,13
34612,4
34613,2
34614,7
34615,6
34616,1
34617,13
34618,11
34619,8
34620,11
34621,8
34622,2
34623,1
34624,6
34625,4
34626,9
34627,3
34628,12
34629,2
34630,8
34631,12
34632,11
34633,5
34634,1
34635,1
34636,1
34637,13
34638,0
34639,11
34640,11
34641,2
34642,9
34643,10
34644,10
34645,10
34646,0
34647,4
34648,3
34649,1
34650,9
34651,8
34652,9
34653,12
34654,0
34655,4
34656,0
34657,11
34658,10
34659,2
34660,0
34661,2
34662,10
34663,1
34664,7
34665,5
34666,1
34667,0
34668,2
34669,6
34670,11
34671,3
34672,5
34673,2
34674,11
34675,3
34676,11
34677,11
34678,6
34679,8
34680,4
34681,6
34682,10
34683,9
34684,7
34685,0
34686,3
34687,12
34688,4
34689,13
34690,1
34691,7
34692,3
34693,4
34694,11
34695,11
34696,0
34697,11
34698,2
34699,2
34700,0
34701,10
34702,9
34703,9
34704,7
34705,0
34706,13
34707,8
34708,10
34709,11
34710,4
34711,7
34712,6
34713,9
34714,2
34715,13
34716,9
34717,13
34718,4
34719,6
34720,1
34721,6
34722,2
34723,1
34724,1
34725,2
34726,6
34727,8
34728,6
34729,4
34730,11
34731,10
34732,11
34733,7
34734,7
34735,10
34736,0
34737,8
34738,1
34739,0
34740,10
34741,6
34742,0
34743,8
34744,2
34745,13
34746,11
34747,6
34748,12
34749,11
34750,1
34751,8
34752,11
34753,7
34754,13
34755,0
34756,4
34757,11
34758,8
34759,11
34760,1
34761,13
34762,0
34763,0
34764,0
34765,10
34766,0
34767,2
34768,3
34769,11
34770,8
34771,3
34772,2
34773,8
34774,11
34775,4
34776,0
34777,8
34778,8
34779,5
34780,13
34781,3
34782,4
34783,13
34784,11
34785,11
34786,6
34787,6
34788,2
34789,0
34790,8
34791,12
34792,13
34793,12
34794,8
34795,1
34796,11
34797,8
34798,1
34799,8
34800,9
34801,5
34802,12
34803,7
34804,0
34805,11
34806,4
34807,10
34808,7
34809,10
34810,1
34811,10
34812,11
34813,12
34814,2
34815,1
34816,4
34817,9
34818,12
34819,13
34820,3
34821,9
34822,11
34823,11
34824,6
34825,4
34826,7
34827,8
34828,1
34829,6
34830,0
34831,1
34832,12
34833,5
34834,8
34835,11
34836,8
34837,4
34838,10
34839,12
34840,12
34841,6
34842,11
34843,1
34844,1
34845,6
34846,12
34847,0
34848,0
34849,0
34850,3
34851,1
34852,10
34853,10
34854,9
34855,1
34856,3
34857,13
34858,11
34859,2
34860,0
34861,0
34862,13
34863,12
34864,13
34865,6
34866,2
34867,5
34868,11
34869,12
34870,4
34871,7
34872,3
34873,12
34874,3
34875,0
34876,3
34877,6
34878,8
34879,10
34880,7
34881,10
34882,4
34883,10
34884,6
34885,13
34886,1
34887,11
34888,10
34889,8
34890,3
34891,13
34892,11
34893,2
34894,11
34895,0
34896,8
34897,11
34898,7
34899,8
34900,6
34901,11
34902,11
34903,8
34904,0
34905,11
34906,12
34907,3
34908,2
34909,4
34910,6
34911,6
34912,7
34913,3
34914,1
34915,0
34916,8
34917,10
34918,10
34919,7
34920,12
34921,9
34922,0
34923,6
34924,2
34925,13
34926,3
34927,0
34928,10
34929,7
34930,3
34931,0
34932,2
34933,1
34934,5
34935,6
34936,1
34937,7
34938,13
34939,0
34940,4
34941,12
34942,12
34943,6
34944,1
34945,9
34946,1
34947,0
34948,7
34949,1
34950,7
34951,2
34952,11
34953,12
34954,1
34955,12
34956,7
34957,3
34958,12
34959,3
34960,10
34961,12
34962,10
34963,2
34964,6
34965,3
34966,1
34967,1
34968,10
34969,7
34970,7
34971,1
34972,11
34973,6
34974,6
34975,0
34976,11
34977,2
34978,1
34979,7
34980,8
34981,13
34982,1
34983,9
34984,0
34985,2
34986,8
34987,2
34988,2
34989,6
34990,2
34991,10
34992,12
34993,0
34994,0
34995,3
34996,3
34997,11
34998,1
34999,0
35000,12
35001,0
35002,5
35003,13
35004,7
35005,10
35006,6
35007,11
35008,4
35009,7
35010,2
35011,7
35012,2
35013,2
35014,1
35015,11
35016,12
35017,0
35018,12
35019,12
35020,12
35021,11
35022,9
35023,4
35024,12
35025,0
35026,2
35027,6
35028,11
35029,4
35030,0
35031,8
35032,8
35033,2
35034,0
35035,3
35036,11
35037,5
35038,2
35039,4
35040,13
35041,12
35042,1
35043,9
35044,12
35045,1
35046,10
35047,10
35048,8
35049,0
35050,10
35051,11
35052,0
35053,11
35054,1
35055,9
35056,2
35057,2
35058,13
35059,1
35060,8
35061,11
35062,8
35063,2
35064,2
35065,5
35066,11
35067,0
35068,10
35069,8
35070,11
35071,4
35072,0
35073,1
35074,13
35075,10
35076,13
35077,5
35078,3
35079,2
35080,11
35081,10
35082,3
35083,0
35084,3
35085,8
35086,0
35087,8
35088,12
35089,4
35090,2
35091,3
35092,8
35093,3
35094,1
35095,2
35096,1
35097,11
35098,12
35099,9
35100,11
35101,12
35102,4
35103,10
35104,6
35105,10
35106,4
35107,0
35108,10
35109,0
35110,10
35111,8
35112,8
35113,7
35114,12
35115,10
35116,12
35117,11
35118,11
35119,10
35120,11
35121,6
35122,1
35123,7
35124,1
35125,0
35126,8
35127,10
35128,6
35129,8
35130,7
35131,2
35132,9
35133,10
35134,13
35135,12
35136,10
35137,12
35138,6
35139,3
35140,11
35141,0
35142,2
35143,1
35144,10
35145,2
35146,8
35147,4
35148,0
35149,0
35150,2
35151,4
35152,1
35153,4
35154,7
35155,0
35156,9
35157,4
35158,12
35159,4
35160,1
35161,6
35162,8
35163,8
35164,11
35165,0
35166,4
35167,7
35168,11
35169,10
35170,7
35171,7
35172,11
35173,10
35174,12
35175,11
35176,0
35177,9
35178,4
35179,1
35180,1
35181,4
35182,8
35183,9
35184,11
35185,10
35186,2
35187,10
35188,1
35189,4
35190,11
35191,0
35192,10
35193,13
35194,3
35195,2
35196,1
35197,6
35198,2
35199,7
35200,10
35201,10
35202,11
35203,9
35204,0
35205,4
35206,4
35207,12
35208,6
35209,8
35210,4
35211,8
35212,2
35213,12
35214,12
35215,11
35216,9
35217,9
35218,9
35219,0
35220,4
35221,4
35222,7
35223,2
35224,11
35225,10
35226,10
35227,0
35228,2
35229,10
35230,2
35231,3
35232,2
35233,11
35234,2
35235,4
35236,11
35237,3
35238,2
35239,2
35240,10
35241,4
35242,7
35243,7
35244,1
35245,6
35246,6
35247,1
35248,1
35249,2
35250,11
35251,11
35252,10
35253,11
35254,0
35255,10
35256,11
35257,13
35258,3
35259,13
35260,4
35261,4
35262,0
35263,2
35264,8
35265,2
35266,11
35267,1
35268,13
35269,4
35270,8
35271,3
35272,0
35273,2
35274,2
35275,4
35276,2
35277,13
35278,7
35279,1
35280,6
35281,7
35282,11
35283,0
35284,12
35285,0
35286,10
35287,2
35288,6
35289,7
35290,2
35291,2
35292,4
35293,0
35294,8
35295,11
35296,10
35297,1
35298,4
35299,2
35300,1
35301,6
35302,6
35303,4
35304,1
35305,8
35306,7
35307,0
35308,3
35309,8
35310,2
35311,9
35312,11
35313,2
35314,6
35315,8
35316,7
35317,13
35318,2
35319,8
35320,0
35321,11
35322,6
35323,11
35324,2
35325,1
35326,0
35327,8
35328,0
35329,10
35330,1
35331,11
35332,6
35333,13
35334,4
35335,0
35336,2
35337,12
35338,6
35339,1
35340,2
35341,8
35342,4
35343,6
35344,1
35345,8
35346,7
35347,7
35348,2
35349,3
35350,2
35351,2
35352,6
35353,9
35354,9
35355,6
35356,11
35357,1
35358,11
35359,10
35360,2
35361,11
35362,1
35363,7
35364,7
35365,1
35366,8
35367,12
35368,0
35369,10
35370,10
35371,1
35372,11
35373,9
35374,12
35375,4
35376,2
35377,3
35378,11
35379,3
35380,2
35381,5
35382,10
35383,2
35384,7
35385,0
35386,11
35387,2
35388,12
35389,5
35390,13
35391,6
35392,6
35393,9
35394,5
35395,12
35396,7
35397,10
35398,12
35399,12
35400,2
35401,6
35402,2
35403,4
35404,2
35405,10
35406,11
35407,5
35408,2
35409,8
35410,4
35411,12
35412,0
35413,10
35414,9
35415,6
35416,0
35417,11
35418,12
35419,2
35420,8
35421,13
35422,0
35423,4
35424,2
35425,9
35426,3
35427,2
35428,6
35429,12
35430,9
35431,7
35432,7
35433,8
35434,1
35435,10
35436,0
35437,11
35438,13
35439,8
35440,11
35441,8
35442,3
35443,11
35444,10
35445,11
35446,11
35447,7
35448,8
35449,0
35450,6
35451,8
35452,1
35453,11
35454,6
35455,11
35456,8
35457,8
35458,9
35459,6
35460,4
35461,1
35462,1
35463,1
35464,7
35465,0
35466,1
35467,4
35468,2
35469,11
35470,8
35471,0
35472,8
35473,7
35474,7
35475,8
35476,4
35477,11
35478,13
35479,0
35480,0
35481,12
35482,12
35483,7
35484,7
35485,9
35486,7
35487,9
35488,10
35489,11
35490,10
35491,7
35492,2
35493,13
35494,6
35495,11
35496,7
35497,4
35498,11
35499,10
35500,10
35501,3
35502,1
35503,5
35504,1
35505,0
35506,11
35507,3
35508,10
35509,8
35510,7
35511,12
35512,11
35513,7
35514,1
35515,8
35516,6
35517,11
35518,12
35519,12
35520,6
35521,12
35522,1
35523,0
35524,10
35525,4
35526,7
35527,1
35528,2
35529,0
35530,11
35531,1
35532,6
35533,2
35534,4
35535,7
35536,11
35537,13
35538,8
35539,0
35540,11
35541,0
35542,4
35543,6
35544,11
35545,11
35546,9
35547,10
35548,7
35549,0
35550,11
35551,0
35552,3
35553,11
35554,3
35555,8
35556,11
35557,8
35558,5
35559,12
35560,1
35561,2
35562,1
35563,13
35564,8
35565,9
35566,6
35567,1
35568,11
35569,4
35570,11
35571,3
35572,0
35573,10
35574,1
35575,12
35576,10
35577,10
35578,12
35579,8
35580,1
35581,8
35582,2
35583,10
35584,9
35585,10
35586,9
35587,0
35588,11
35589,7
35590,9
35591,11
35592,10
35593,2
35594,10
35595,4
35596,11
35597,0
35598,10
35599,7
35600,2
35601,7
35602,5
35603,8
35604,8
35605,9
35606,13
35607,1
35608,9
35609,8
35610,12
35611,10
35612,9
35613,7
35614,10
35615,6
35616,2
35617,4
35618,12
35619,8
35620,2
35621,4
35622,11
35623,3
35624,0
35625,11
35626,11
35627,11
35628,2
35629,1
35630,0
35631,3
35632,0
35633,12
35634,11
35635,2
35636,6
35637,3
35638,10
35639,0
35640,7
35641,9
35642,0
35643,8
35644,8
35645,1
35646,0
35647,3
35648,11
35649,10
35650,1
35651,4
35652,11
35653,11
35654,9
35655,10
35656,9
35657,2
35658,0
35659,11
35660,8
35661,11
35662,1
35663,11
35664,12
35665,7
35666,6
35667,5
35668,0
35669,9
35670,10
35671,8
35672,0
35673,3
35674,0
35675,9
35676,1
35677,7
35678,12
35679,6
35680,9
35681,11
35682,6
35683,0
35684,11
35685,6
35686,10
35687,6
35688,1
35689,10
35690,5
35691,9
35692,6
35693,7
35694,10
35695,11
35696,10
35697,2
35698,12
35699,4
35700,6
35701,5
35702,4
35703,7
35704,11
35705,13
35706,0
35707,1
35708,6
35709,13
35710,4
35711,6
35712,11
35713,4
35714,2
35715,3
35716,11
35717,10
35718,9
35719,1
35720,2
35721,3
35722,8
35723,6
35724,4
35725,2
35726,1
35727,8
35728,8
35729,6
35730,7
35731,8
35732,11
35733,8
35734,4
35735,11
35736,8
35737,12
35738,10
35739,8
35740,0
35741,0
35742,11
35743,0
35744,12
35745,13
35746,11
35747,6
35748,6
35749,11
35750,10
35751,11
35752,7
35753,11
35754,0
35755,9
35756,4
35757,8
35758,10
35759,3
35760,2
35761,8
35762,8
35763,8
35764,1
35765,6
35766,0
35767,12
35768,7
35769,10
35770,5
35771,1
35772,3
35773,11
35774,9
35775,11
35776,12
35777,11
35778,7
35779,0
35780,10
35781,3
35782,11
35783,1
35784,2
35785,0
35786,9
35787,2
35788,6
35789,4
35790,13
35791,4
35792,4
35793,1
35794,7
35795,7
35796,0
35797,6
35798,2
35799,13
35800,10
35801,3
35802,7
35803,7
35804,12
35805,1
35806,2
35807,3
35808,13
35809,11
35810,2
35811,12
35812,10
35813,1
35814,13
35815,11
35816,3
35817,6
35818,9
35819,8
35820,10
35821,1
35822,0
35823,13
35824,3
35825,1
35826,4
35827,1
35828,2
35829,2
35830,5
35831,2
35832,8
35833,0
35834,0
35835,2
35836,9
35837,11
35838,2
35839,4
35840,8
35841,13
35842,12
35843,2
35844,0
35845,12
35846,1
35847,12
35848,2
35849,12
35850,13
35851,11
35852,0
35853,0
35854,9
35855,8
35856,6
35857,12
35858,7
35859,12
35860,13
35861,9
35862,3
35863,7
35864,11
35865,13
35866,6
35867,6
35868,12
35869,11
35870,0
35871,12
35872,9
35873,1
35874,12
35875,11
35876,1
35877,3
35878,9
35879,11
35880,1
35881,9
35882,10
35883,1
35884,13
35885,2
35886,13
35887,10
35888,6
35889,7
35890,9
35891,9
35892,10
35893,1
35894,2
35895,10
35896,10
35897,11
35898,3
35899,10
35900,11
35901,10
35902,3
35903,6
35904,2
35905,7
35906,10
35907,0
35908,7
35909,8
35910,11
35911,11
35912,10
35913,11
35914,4
35915,5
35916,4
35917,13
35918,2
35919,12
35920,0
35921,8
35922,11
35923,7
35924,8
35925,10
35926,10
35927,2
35928,1
35929,6
35930,1
35931,2
35932,0
35933,8
35934,0
35935,10
35936,11
35937,1
35938,13
35939,6
35940,2
35941,6
35942,10
35943,13
35944,10
35945,6
35946,7
35947,13
35948,2
35949,12
35950,10
35951,2
35952,12
35953,9
35954,6
35955,4
35956,10
35957,1
35958,3
35959,8
35960,10
35961,3
35962,6
35963,4
35964,6
35965,3
35966,1
35967,13
35968,11
35969,2
35970,11
35971,0
35972,13
35973,12
35974,1
35975,6
35976,9
35977,2
35978,10
35979,3
35980,13
35981,13
35982,5
35983,12
35984,1
35985,7
35986,12
35987,11
35988,8
35989,11
35990,13
35991,7
35992,7
35993,11
35994,1
35995,0
35996,8
35997,1
35998,1
35999,1
36000,8
36001,7
36002,11
36003,9
36004,4
36005,12
36006,2
36007,2
36008,0
36009,0
36010,12
36011,0
36012,10
36013,12
36014,6
36015,7
36016,8
36017,11
36018,2
36019,2
36020,7
36021,2
36022,6
36023,3
36024,7
36025,0
36026,8
36027,11
36028,6
36029,7
36030,1
36031,13
36032,1
36033,10
36034,1
36035,10
36036,8
36037,13
36038,3
36039,3
36040,2
36041,10
36042,8
36043,2
36044,10
36045,7
36046,7
36047,1
36048,9
36049,10
36050,4
36051,1
36052,12
36053,6
36054,4
36055,8
36056,12
36057,9
36058,7
36059,8
36060,5
36061,11
36062,5
36063,0
36064,3
36065,12
36066,6
36067,11
36068,10
36069,11
36070,7
36071,2
36072,8
36073,0
36074,4
36075,6
36076,7
36077,3
36078,7
36079,6
36080,2
36081,3
36082,7
36083,8
36084,7
36085,4
36086,12
36087,0
36088,11
36089,8
36090,11
36091,8
36092,6
36093,12
36094,2
36095,3
36096,2
36097,7
36098,10
36099,4
36100,7
36101,10
36102,7
36103,10
36104,7
36105,0
36106,11
36107,1
36108,3
36109,0
36110,8
36111,9
36112,2
36113,12
36114,6
36115,5
36116,1
36117,6
36118,1
36119,1
36120,1
36121,8
36122,1
36123,12
36124,6
36125,4
36126,11
36127,13
36128,6
36129,1
36130,8
36131,8
36132,10
36133,3
36134,2
36135,6
36136,3
36137,0
36138,8
36139,1
36140,3
36141,8
36142,2
36143,6
36144,1
36145,12
36146,7
36147,13
36148,1
36149,13
36150,0
36151,1
36152,3
36153,2
36154,11
36155,6
36156,10
36157,6
36158,10
36159,0
36160,10
36161,6
36162,0
36163,4
36164,2
36165,10
36166,7
36167,12
36168,0
36169,8
36170,5
36171,10
36172,11
36173,2
36174,1
36175,8
36176,11
36177,11
36178,12
36179,2
36180,12
36181,11
36182,12
36183,9
36184,11
36185,12
36186,7
36187,11
36188,8
36189,10
36190,13
36191,4
36192,9
36193,11
36194,3
36195,6
36196,0
36197,1
36198,6
36199,10
36200,8
36201,13
36202,13
36203,11
36204,1
36205,3
36206,10
36207,2
36208,2
36209,1
36210,3
36211,10
36212,2
36213,2
36214,5
36215,6
36216,9
36217,9
36218,3
36219,2
36220,11
36221,12
36222,11
36223,1
36224,9
36225,11
36226,8
36227,3
36228,12
36229,11
36230,1
36231,3
36232,6
36233,10
36234,10
36235,12
36236,12
36237,12
36238,9
36239,0
36240,12
36241,12
36242,4
36243,7
36244,0
36245,9
36246,2
36247,4
36248,8
36249,8
36250,4
36251,6
36252,0
36253,7
36254,8
36255,8
36256,3
36257,4
36258,1
36259,2
36260,7
36261,8
36262,1
36263,0
36264,4
36265,6
36266,10
36267,6
36268,4
36269,2
36270,1
36271,0
36272,8
36273,6
36274,0
36275,13
36276,7
36277,2
36278,3
36279,1
36280,11
36281,0
36282,11
36283,9
36284,6
36285,12
36286,1
36287,6
36288,6
36289,1
36290,8
36291,2
36292,6
36293,6
36294,7
36295,7
36296,10
36297,1
36298,2
36299,11
36300,11
36301,10
36302,9
36303,12
36304,1
36305,1
36306,6
36307,10
36308,12
36309,6
36310,11
36311,5
36312,1
36313,12
36314,11
36315,1
36316,4
36317,10
36318,2
36319,4
36320,1
36321,13
36322,4
36323,10
36324,1
36325,2
36326,1
36327,3
36328,5
36329,6
36330,1
36331,7
36332,11
36333,2
36334,2
36335,10
36336,10
36337,4
36338,12
36339,6
36340,11
36341,3
36342,11
36343,6
36344,1
36345,5
36346,13
36347,9
36348,13
36349,11
36350,8
36351,7
36352,7
36353,10
36354,12
36355,3
36356,11
36357,2
36358,2
36359,2
36360,4
36361,6
36362,1
36363,12
36364,0
36365,12
36366,10
36367,6
36368,7
36369,6
36370,4
36371,0
36372,3
36373,13
36374,0
36375,10
36376,1
36377,1
36378,2
36379,1
36380,2
36381,7
36382,1
36383,11
36384,10
36385,11
36386,1
36387,9
36388,2
36389,10
36390,4
36391,2
36392,0
36393,12
36394,2
36395,0
36396,10
36397,13
36398,8
36399,11
36400,11
36401,10
36402,10
36403,7
36404,4
36405,9
36406,11
36407,13
36408,6
36409,1
36410,6
36411,10
36412,9
36413,12
36414,10
36415,6
36416,11
36417,0
36418,3
36419,6
36420,1
36421,11
36422,4
36423,6
36424,11
36425,13
36426,6
36427,12
36428,1
36429,11
36430,3
36431,1
36432,6
36433,11
36434,2
36435,8
36436,10
36437,4
36438,8
36439,11
36440,13
36441,11
36442,1
36443,11
36444,8
36445,4
36446,11
36447,11
36448,7
36449,1
36450,2
36451,8
36452,12
36453,0
36454,7
36455,1
36456,4
36457,11
36458,0
36459,2
36460,7
36461,3
36462,13
36463,6
36464,4
36465,0
36466,11
36467,2
36468,11
36469,7
36470,12
36471,0
36472,2
36473,7
36474,2
36475,4
36476,6
36477,8
36478,7
36479,13
36480,1
36481,0
36482,13
36483,0
36484,3
36485,11
36486,10
36487,2
36488,7
36489,9
36490,7
36491,10
36492,13
36493,9
36494,2
36495,11
36496,11
36497,0
36498,1
36499,3
36500,8
36501,12
36502,11
36503,10
36504,1
36505,6
36506,8
36507,6
36508,1
36509,6
36510,7
36511,11
36512,4
36513,8
36514,8
36515,3
36516,5
36517,11
36518,2
36519,2
36520,7
36521,5
36522,2
36523,12
36524,7
36525,11
36526,5
36527,10
36528,7
36529,9
36530,7
36531,7
36532,13
36533,6
36534,12
36535,11
36536,6
36537,3
36538,5
36539,12
36540,13
36541,0
36542,11
36543,0
36544,7
36545,12
36546,5
36547,1
36548,0
36549,13
36550,0
36551,7
36552,0
36553,3
36554,0
36555,0
36556,6
36557,9
36558,0
36559,1
36560,2
36561,11
36562,4
36563,7
36564,11
36565,13
36566,12
36567,11
36568,7
36569,12
36570,8
36571,6
36572,7
36573,1
36574,2
36575,6
36576,13
36577,9
36578,10
36579,10
36580,11
36581,11
36582,2
36583,6
36584,2
36585,12
36586,12
36587,3
36588,3
36589,10
36590,11
36591,11
36592,12
36593,0
36594,8
36595,9
36596,9
36597,1
36598,1
36599,11
36600,10
36601,7
36602,7
36603,1
36604,11
36605,13
36606,12
36607,11
36608,13
36609,5
36610,12
36611,4
36612,8
36613,9
36614,1
36615,1
36616,2
36617,1
36618,11
36619,0
36620,0
36621,3
36622,9
36623,0
36624,2
36625,4
36626,8
36627,0
36628,10
36629,12
36630,6
36631,6
36632,0
36633,1
36634,11
36635,1
36636,11
36637,10
36638,10
36639,11
36640,12
36641,10
36642,3
36643,10
36644,10
36645,4
36646,12
36647,0
36648,11
36649,5
36650,2
36651,13
36652,4
36653,7
36654,10
36655,2
36656,6
36657,13
36658,6
36659,4
36660,4
36661,3
36662,2
36663,0
36664,5
36665,4
36666,1
36667,7
36668,9
36669,8
36670,2
36671,3
36672,1
36673,2
36674,3
36675,12
36676,6
36677,0
36678,6
36679,0
36680,13
36681,11
36682,7
36683,6
36684,1
36685,13
36686,11
36687,0
36688,5
36689,6
36690,2
36691,10
36692,6
36693,2
36694,1
36695,1
36696,6
36697,2
36698,8
36699,4
36700,2
36701,9
36702,2
36703,11
36704,6
36705,3
36706,1
36707,11
36708,3
36709,9
36710,2
36711,7
36712,8
36713,13
36714,4
36715,1
36716,4
36717,2
36718,0
36719,12
36720,1
36721,6
36722,13
36723,7
36724,7
36725,12
36726,1
36727,11
36728,13
36729,2
36730,0
36731,7
36732,2
36733,11
36734,13
36735,10
36736,9
36737,6
36738,12
36739,1
36740,0
36741,4
36742,2
36743,10
36744,9
36745,12
36746,10
36747,13
36748,6
36749,13
36750,3
36751,13
36752,12
36753,2
36754,1
36755,12
36756,7
36757,10
36758,8
36759,7
36760,13
36761,10
36762,8
36763,13
36764,12
36765,10
36766,0
36767,3
36768,11
36769,6
36770,12
36771,0
36772,0
36773,11
36774,4
36775,6
36776,12
36777,12
36778,11
36779,7
36780,12
36781,4
36782,12
36783,4
36784,2
36785,8
36786,0
36787,4
36788,10
36789,1
36790,1
36791,11
36792,11
36793,1
36794,2
36795,8
36796,3
36797,9
36798,13
36799,4
36800,7
36801,2
36802,12
36803,5
36804,9
36805,4
36806,13
36807,7
36808,10
36809,5
36810,2
36811,1
36812,10
36813,2
36814,6
36815,6
36816,8
36817,6
36818,2
36819,2
36820,13
36821,7
36822,13
36823,10
36824,11
36825,4
36826,2
36827,1
36828,13
36829,9
36830,2
36831,6
36832,1
36833,2
36834,11
36835,9
36836,11
36837,11
36838,11
36839,7
36840,13
36841,11
36842,6
36843,9
36844,8
36845,3
36846,11
36847,6
36848,11
36849,0
36850,11
36851,0
36852,5
36853,8
36854,4
36855,11
36856,10
36857,1
36858,2
36859,1
36860,1
36861,2
36862,9
36863,9
36864,8
36865,4
36866,13
36867,3
36868,10
36869,3
36870,8
36871,0
36872,2
36873,12
36874,0
36875,0
36876,11
36877,8
36878,12
36879,0
36880,11
36881,1
36882,11
36883,1
36884,5
36885,3
36886,0
36887,0
36888,3
36889,9
36890,2
36891,4
36892,6
36893,10
36894,7
36895,11
36896,1
36897,6
36898,8
36899,4
36900,12
36901,9
36902,11
36903,8
36904,3
36905,11
36906,8
36907,7
36908,11
36909,6
36910,1
36911,11
36912,13
36913,10
36914,12
36915,8
36916,1
36917,11
36918,5
36919,4
36920,3
36921,0
36922,7
36923,2
36924,13
36925,11
36926,0
36927,12
36928,6
36929,12
36930,0
36931,6
36932,8
36933,5
36934,11
36935,7
36936,12
36937,13
36938,6
36939,2
36940,1
36941,8
36942,0
36943,4
36944,2
36945,4
36946,4
36947,7
36948,1
36949,11
36950,13
36951,11
36952,0
36953,11
36954,10
36955,11
36956,4
36957,8
36958,8
36959,6
36960,4
36961,7
36962,6
36963,5
36964,2
36965,9
36966,3
36967,0
36968,6
36969,11
36970,9
36971,10
36972,12
36973,3
36974,4
36975,0
36976,0
36977,6
36978,3
36979,6
36980,6
36981,2
36982,7
36983,2
36984,8
36985,1
36986,1
36987,0
36988,4
36989,13
36990,1
36991,12
36992,10
36993,6
36994,0
36995,7
36996,9
36997,6
36998,10
36999,9
37000,11
37001,6
37002,0
37003,11
37004,11
37005,4
37006,13
37007,4
37008,3
37009,6
37010,11
37011,8
37012,1
37013,8
37014,2
37015,7
37016,10
37017,1
37018,7
37019,8
37020,2
37021,13
37022,1
37023,10
37024,2
37025,0
37026,4
37027,4
37028,7
37029,3
37030,8
37031,2
37032,2
37033,7
37034,1
37035,2
37036,3
37037,9
37038,13
37039,13
37040,8
37041,1
37042,6
37043,4
37044,7
37045,10
37046,4
37047,4
37048,0
37049,7
37050,10
37051,1
37052,7
37053,4
37054,9
37055,8
37056,11
37057,4
37058,10
37059,0
37060,2
37061,2
37062,10
37063,7
37064,0
37065,4
37066,2
37067,0
37068,8
37069,2
37070,10
37071,13
37072,4
37073,9
37074,6
37075,11
37076,7
37077,1
37078,9
37079,2
37080,2
37081,9
37082,3
37083,11
37084,11
37085,0
37086,9
37087,8
37088,7
37089,3
37090,12
37091,1
37092,7
37093,11
37094,6
37095,8
37096,6
37097,10
37098,4
37099,4
37100,13
37101,8
37102,8
37103,6
37104,11
37105,13
37106,2
37107,1
37108,8
37109,9
37110,6
37111,11
37112,1
37113,4
37114,1
37115,13
37116,3
37117,0
37118,4
37119,7
37120,13
37121,6
37122,2
37123,0
37124,11
37125,4
37126,12
37127,12
37128,3
37129,1
37130,2
37131,4
37132,2
37133,13
37134,8
37135,13
37136,3
37137,11
37138,12
37139,2
37140,8
37141,2
37142,8
37143,11
37144,7
37145,4
37146,2
37147,11
37148,12
37149,7
37150,1
37151,2
37152,4
37153,6
37154,6
37155,0
37156,11
37157,10
37158,8
37159,6
37160,11
37161,4
37162,13
37163,2
37164,13
37165,9
37166,0
37167,2
37168,11
37169,1
37170,9
37171,10
37172,6
37173,7
37174,3
37175,4
37176,6
37177,9
37178,3
37179,11
37180,0
37181,9
37182,1
37183,2
37184,8
37185,11
37186,7
37187,3
37188,2
37189,13
37190,6
37191,12
37192,8
37193,2
37194,6
37195,10
37196,10
37197,2
37198,12
37199,12
37200,6
37201,8
37202,2
37203,1
37204,1
37205,13
37206,10
37207,9
37208,3
37209,12
37210,6
37211,1
37212,11
37213,10
37214,7
37215,10
37216,0
37217,2
37218,8
37219,1
37220,1
37221,11
37222,2
37223,0
37224,8
37225,3
37226,7
37227,0
37228,10
37229,8
37230,1
37231,7
37232,2
37233,13
37234,2
37235,9
37236,11
37237,8
37238,10
37239,2
37240,1
37241,11
37242,13
37243,11
37244,13
37245,11
37246,11
37247,1
37248,13
37249,1
37250,11
37251,3
37252,9
37253,11
37254,11
37255,1
37256,13
37257,3
37258,11
37259,0
37260,11
37261,11
37262,1
37263,10
37264,1
37265,9
37266,11
37267,9
37268,0
37269,1
37270,10
37271,7
37272,4
37273,10
37274,6
37275,6
37276,12
37277,7
37278,7
37279,1
37280,4
37281,1
37282,2
37283,1
37284,11
37285,7
37286,13
37287,12
37288,3
37289,7
37290,11
37291,2
37292,7
37293,8
37294,11
37295,10
37296,8
37297,6
37298,11
37299,0
37300,10
37301,12
37302,2
37303,10
37304,11
37305,10
37306,2
37307,2
37308,3
37309,6
37310,3
37311,6
37312,4
37313,1
37314,6
37315,12
37316,7
37317,9
37318,4
37319,2
37320,13
37321,2
37322,1
37323,8
37324,12
37325,1
37326,0
37327,2
37328,11
37329,0
37330,2
37331,13
37332,0
37333,11
37334,7
37335,7
37336,11
37337,11
37338,0
37339,11
37340,12
37341,0
37342,7
37343,0
37344,1
37345,6
37346,7
37347,10
37348,1
37349,3
37350,10
37351,9
37352,11
37353,1
37354,2
37355,13
37356,7
37357,0
37358,0
37359,4
37360,2
37361,11
37362,8
37363,7
37364,2
37365,7
37366,13
37367,2
37368,2
37369,11
37370,10
37371,7
37372,6
37373,8
37374,6
37375,11
37376,8
37377,7
37378,10
37379,5
37380,1
37381,12
37382,8
37383,4
37384,5
37385,3
37386,0
37387,3
37388,3
37389,4
37390,2
37391,11
37392,6
37393,9
37394,4
37395,6
37396,4
37397,0
37398,13
37399,10
37400,3
37401,12
37402,3
37403,2
37404,11
37405,6
37406,9
37407,4
37408,3
37409,4
37410,8
37411,11
37412,13
37413,2
37414,2
37415,3
37416,13
37417,8
37418,1
37419,12
37420,3
37421,9
37422,9
37423,3
37424,6
37425,6
37426,7
37427,11
37428,8
37429,1
37430,6
37431,8
37432,11
37433,1
37434,12
37435,8
37436,11
37437,2
37438,5
37439,10
37440,2
37441,2
37442,11
37443,12
37444,11
37445,7
37446,1
37447,11
37448,9
37449,6
37450,12
37451,11
37452,11
37453,1
37454,7
37455,11
37456,12
37457,5
37458,5
37459,11
37460,11
37461,12
37462,2
37463,13
37464,2
37465,2
37466,8
37467,13
37468,13
37469,7
37470,7
37471,13
37472,12
37473,7
37474,13
37475,12
37476,3
37477,0
37478,4
37479,10
37480,10
37481,3
37482,12
37483,6
37484,2
37485,9
37486,1
37487,7
37488,5
37489,8
37490,6
37491,1
37492,10
37493,2
37494,6
37495,12
37496,1
37497,10
37498,12
37499,2
37500,10
37501,11
37502,7
37503,11
37504,2
37505,3
37506,3
37507,9
37508,8
37509,4
37510,0
37511,1
37512,1
37513,8
37514,8
37515,0
37516,0
37517,12
37518,2
37519,9
37520,12
37521,7
37522,1
37523,8
37524,6
37525,11
37526,11
37527,11
37528,10
37529,0
37530,3
37531,7
37532,1
37533,1
37534,13
37535,11
37536,8
37537,11
37538,6
37539,2
37540,12
37541,7
37542,1
37543,2
37544,0
37545,11
37546,13
37547,10
37548,11
37549,12
37550,2
37551,12
37552,3
37553,2
37554,7
37555,3
37556,12
37557,10
37558,12
37559,12
37560,11
37561,6
37562,10
37563,11
37564,9
37565,7
37566,0
37567,1
37568,13
37569,6
37570,11
37571,2
37572,6
37573,6
37574,6
37575,3
37576,4
37577,6
37578,9
37579,2
37580,4
37581,4
37582,0
37583,12
37584,1
37585,11
37586,5
37587,6
37588,13
37589,11
37590,9
37591,0
37592,10
37593,3
37594,3
37595,6
37596,7
37597,2
37598,11
37599,6
37600,0
37601,6
37602,1
37603,3
37604,11
37605,13
37606,7
37607,9
37608,12
37609,1
37610,1
37611,0
37612,11
37613,12
37614,8
37615,4
37616,2
37617,2
37618,11
37619,8
37620,8
37621,13
37622,10
37623,0
37624,7
37625,9
37626,9
37627,8
37628,0
37629,11
37630,9
37631,11
37632,11
37633,2
37634,9
37635,13
37636,10
37637,13
37638,4
37639,0
37640,11
37641,8
37642,0
37643,6
37644,5
37645,6
37646,12
37647,11
37648,3
37649,6
37650,6
37651,9
37652,10
37653,2
37654,11
37655,2
37656,3
37657,11
37658,0
37659,2
37660,9
37661,3
37662,0
37663,3
37664,9
37665,6
37666,6
37667,2
37668,6
37669,11
37670,11
37671,6
37672,7
37673,11
37674,12
37675,13
37676,13
37677,6
37678,3
37679,1
37680,0
37681,1
37682,10
37683,5
37684,0
37685,11
37686,2
37687,1
37688,3
37689,1
37690,9
37691,2
37692,0
37693,10
37694,1
37695,8
37696,0
37697,11
37698,0
37699,1
37700,0
37701,10
37702,0
37703,10
37704,13
37705,0
37706,3
37707,10
37708,0
37709,12
37710,10
37711,11
37712,10
37713,4
37714,1
37715,11
37716,7
37717,6
37718,7
37719,12
37720,3
37721,6
37722,9
37723,0
37724,13
37725,6
37726,11
37727,0
37728,2
37729,1
37730,7
37731,6
37732,2
37733,0
37734,11
37735,1
37736,3
37737,12
37738,6
37739,12
37740,8
37741,11
37742,13
37743,9
37744,4
37745,12
37746,1
37747,2
37748,2
37749,6
37750,7
37751,7
37752,7
37753,11
37754,10
37755,0
37756,8
37757,10
37758,8
37759,5
37760,13
37761,11
37762,8
37763,0
37764,10
37765,2
37766,1
37767,9
37768,2
37769,6
37770,10
37771,12
37772,0
37773,11
37774,10
37775,7
37776,2
37777,11
37778,2
37779,7
37780,6
37781,1
37782,10
37783,0
37784,6
37785,10
37786,0
37787,0
37788,4
37789,1
37790,0
37791,3
37792,9
37793,1
37794,0
37795,10
37796,9
37797,0
37798,10
37799,8
37800,6
37801,4
37802,10
37803,6
37804,12
37805,3
37806,11
37807,10
37808,13
37809,3
37810,2
37811,4
37812,0
37813,2
37814,13
37815,11
37816,7
37817,10
37818,1
37819,11
37820,9
37821,12
37822,12
37823,11
37824,1
37825,9
37826,9
37827,9
37828,10
37829,11
37830,0
37831,0
37832,7
37833,10
37834,3
37835,0
37836,3
37837,11
37838,7
37839,7
37840,13
37841,11
37842,7
37843,11
37844,9
37845,0
37846,11
37847,13
37848,1
37849,13
37850,8
37851,13
37852,7
37853,7
37854,2
37855,1
37856,11
37857,8
37858,6
37859,10
37860,12
37861,8
37862,7
37863,12
37864,13
37865,4
37866,7
37867,10
37868,10
37869,0
37870,10
37871,12
37872,8
37873,3
37874,8
37875,8
37876,2
37877,1
37878,9
37879,11
37880,1
37881,1
37882,2
37883,12
37884,7
37885,0
37886,7
37887,11
37888,4
37889,6
37890,0
37891,4
37892,2
37893,10
37894,1
37895,4
37896,2
37897,11
37898,7
37899,0
37900,0
37901,4
37902,0
37903,0
37904,10
37905,1
37906,0
37907,11
37908,7
37909,7
37910,2
37911,0
37912,13
37913,11
37914,10
37915,2
37916,10
37917,2
37918,13
37919,1
37920,8
37921,6
37922,1
37923,5
37924,1
37925,13
37926,6
37927,7
37928,6
37929,11
37930,0
37931,5
37932,3
37933,9
37934,0
37935,9
37936,9
37937,0
37938,8
37939,0
37940,12
37941,4
37942,0
37943,3
37944,6
37945,9
37946,2
37947,3
37948,11
37949,10
37950,10
37951,2
37952,1
37953,8
37954,1
37955,2
37956,11
37957,2
37958,2
37959,4
37960,1
37961,10
37962,2
37963,10
37964,12
37965,8
37966,6
37967,11
37968,2
37969,4
37970,13
37971,8
37972,12
37973,1
37974,7
37975,2
37976,1
37977,0
37978,3
37979,3
37980,6
37981,8
37982,12
37983,4
37984,2
37985,4
37986,7
37987,0
37988,13
37989,7
37990,3
37991,8
37992,0
37993,0
37994,12
37995,13
37996,2
37997,7
37998,11
37999,10
38000,7
38001,2
38002,11
38003,12
38004,2
38005,1
38006,11
38007,12
38008,9
38009,2
38010,8
38011,1
38012,11
38013,2
38014,13
38015,0
38016,0
38017,11
38018,7
38019,12
38020,10
38021,6
38022,11
38023,8
38024,7
38025,10
38026,12
38027,0
38028,8
38029,12
38030,6
38031,0
38032,1
38033,2
38034,4
38035,1
38036,2
38037,7
38038,11
38039,3
38040,6
38041,9
38042,2
38043,4
38044,6
38045,8
38046,8
38047,1
38048,1
38049,12
38050,3
38051,2
38052,11
38053,2
38054,11
38055,10
38056,0
38057,4
38058,8
38059,13
38060,0
38061,8
38062,9
38063,4
38064,1
38065,4
38066,5
38067,8
38068,1
38069,6
38070,0
38071,1
38072,8
38073,11
38074,0
38075,7
38076,2
38077,11
38078,2
38079,0
38080,6
38081,8
38082,0
38083,8
38084,0
38085,8
38086,8
38087,3
38088,2
38089,12
38090,12
38091,11
38092,4
38093,7
38094,9
38095,2
38096,1
38097,10
38098,2
38099,6
38100,11
38101,0
38102,1
38103,0
38104,1
38105,3
38106,8
38107,4
38108,6
38109,11
38110,8
38111,7
38112,3
38113,1
38114,12
38115,11
38116,11
38117,0
38118,4
38119,13
38120,4
38121,11
38122,1
38123,8
38124,4
38125,11
38126,10
38127,11
38128,6
38129,8
38130,13
38131,6
38132,8
38133,8
38134,2
38135,1
38136,0
38137,6
38138,1
38139,4
38140,13
38141,10
38142,11
38143,0
38144,11
38145,6
38146,11
38147,1
38148,8
38149,8
38150,1
38151,6
38152,6
38153,12
38154,2
38155,13
38156,1
38157,7
38158,11
38159,0
38160,3
38161,7
38162,2
38163,4
38164,8
38165,8
38166,13
38167,13
38168,1
38169,1
38170,7
38171,6
38172,7
38173,2
38174,4
38175,10
38176,10
38177,13
38178,13
38179,6
38180,2
38181,2
38182,10
38183,1
38184,4
38185,1
38186,3
38187,9
38188,10
38189,11
38190,8
38191,10
38192,8
38193,11
38194,10
38195,1
38196,1
38197,12
38198,3
38199,8
38200,1
38201,8
38202,6
38203,2
38204,7
38205,11
38206,11
38207,6
38208,8
38209,1
38210,10
38211,8
38212,0
38213,2
38214,11
38215,6
38216,6
38217,10
38218,6
38219,8
38220,10
38221,9
38222,8
38223,5
38224,7
38225,10
38226,11
38227,9
38228,7
38229,8
38230,3
38231,6
38232,8
38233,6
38234,6
38235,3
38236,10
38237,13
38238,3
38239,2
38240,6
38241,0
38242,11
38243,3
38244,9
38245,5
38246,4
38247,4
38248,6
38249,4
38250,1
38251,0
38252,11
38253,2
38254,4
38255,11
38256,3
38257,11
38258,8
38259,10
38260,7
38261,8
38262,0
38263,0
38264,0
38265,2
38266,0
38267,2
38268,10
38269,11
38270,12
38271,2
38272,10
38273,11
38274,1
38275,8
38276,0
38277,1
38278,1
38279,3
38280,4
38281,7
38282,6
38283,7
38284,1
38285,2
38286,2
38287,6
38288,2
38289,7
38290,1
38291,11
38292,5
38293,7
38294,8
38295,12
38296,13
38297,6
38298,1
38299,10
38300,4
38301,11
38302,4
38303,1
38304,8
38305,12
38306,11
38307,1
38308,2
38309,8
38310,6
38311,13
38312,2
38313,8
38314,5
38315,8
38316,6
38317,9
38318,0
38319,1
38320,0
38321,0
38322,3
38323,0
38324,1
38325,10
38326,2
38327,11
38328,2
38329,9
38330,10
38331,3
38332,2
38333,7
38334,12
38335,11
38336,12
38337,3
38338,0
38339,7
38340,1
38341,7
38342,6
38343,2
38344,11
38345,7
38346,9
38347,12
38348,1
38349,0
38350,0
38351,7
38352,4
38353,0
38354,11
38355,10
38356,0
38357,1
38358,7
38359,2
38360,7
38361,7
38362,4
38363,6
38364,2
38365,10
38366,0
38367,10
38368,2
38369,7
38370,1
38371,9
38372,12
38373,8
38374,1
38375,13
38376,11
38377,2
38378,4
38379,10
38380,2
38381,7
38382,0
38383,13
38384,2
38385,1
38386,4
38387,7
38388,5
38389,10
38390,0
38391,2
38392,0
38393,2
38394,10
38395,2
38396,1
38397,13
38398,2
38399,0
38400,10
38401,7
38402,2
38403,12
38404,8
38405,7
38406,9
38407,2
38408,0
38409,0
38410,0
38411,4
38412,0
38413,3
38414,6
38415,3
38416,9
38417,2
38418,6
38419,6
38420,4
38421,9
38422,3
38423,1
38424,12
38425,2
38426,11
38427,6
38428,2
38429,11
38430,11
38431,11
38432,9
38433,6
38434,0
38435,7
38436,11
38437,2
38438,11
38439,8
38440,6
38441,4
38442,2
38443,1
38444,10
38445,11
38446,8
38447,1
38448,8
38449,6
38450,3
38451,2
38452,4
38453,6
38454,13
38455,1
38456,0
38457,6
38458,13
38459,10
38460,2
38461,13
38462,11
38463,13
38464,9
38465,1
38466,11
38467,12
38468,10
38469,4
38470,0
38471,1
38472,12
38473,6
38474,11
38475,10
38476,0
38477,4
38478,6
38479,6
38480,1
38481,4
38482,10
38483,7
38484,2
38485,0
38486,1
38487,1
38488,7
38489,13
38490,2
38491,11
38492,4
38493,11
38494,9
38495,1
38496,2
38497,13
38498,11
38499,4
38500,6
38501,7
38502,11
38503,13
38504,8
38505,13
38506,2
38507,9
38508,10
38509,12
38510,9
38511,1
38512,10
38513,2
38514,3
38515,8
38516,10
38517,0
38518,7
38519,3
38520,6
38521,9
38522,1
38523,10
38524,0
38525,7
38526,2
38527,6
38528,4
38529,0
38530,1
38531,1
38532,5
38533,4
38534,11
38535,5
38536,12
38537,7
38538,1
38539,6
38540,0
38541,11
38542,6
38543,1
38544,7
38545,10
38546,6
38547,8
38548,11
38549,2
38550,1
38551,13
38552,2
38553,1
38554,7
38555,8
38556,11
38557,4
38558,3
38559,12
38560,3
38561,10
38562,2
38563,1
38564,6
38565,4
38566,12
38567,11
38568,2
38569,4
38570,11
38571,11
38572,2
38573,1
38574,1
38575,2
38576,11
38577,3
38578,0
38579,7
38580,8
38581,4
38582,6
38583,7
38584,4
38585,13
38586,5
38587,2
38588,2
38589,9
38590,8
38591,6
38592,11
38593,11
38594,2
38595,12
38596,7
38597,0
38598,11
38599,10
38600,7
38601,6
38602,0
38603,0
38604,11
38605,9
38606,6
38607,3
38608,11
38609,6
38610,11
38611,1
38612,2
38613,11
38614,11
38615,8
38616,0
38617,5
38618,8
38619,8
38620,12
38621,4
38622,1
38623,4
38624,1
38625,2
38626,8
38627,11
38628,7
38629,1
38630,8
38631,1
38632,9
38633,11
38634,6
38635,8
38636,0
38637,8
38638,12
38639,4
38640,2
38641,12
38642,12
38643,11
38644,4
38645,8
38646,2
38647,13
38648,2
38649,0
38650,12
38651,10
38652,0
38653,1
38654,3
38655,9
38656,12
38657,1
38658,11
38659,7
38660,4
38661,11
38662,2
38663,10
38664,2
38665,11
38666,10
38667,1
38668,8
38669,0
38670,1
38671,1
38672,12
38673,13
38674,10
38675,11
38676,11
38677,0
38678,8
38679,12
38680,2
38681,1
38682,1
38683,9
38684,1
38685,12
38686,2
38687,8
38688,12
38689,9
38690,9
38691,8
38692,8
38693,10
38694,12
38695,11
38696,2
38697,2
38698,8
38699,8
38700,4
38701,0
38702,0
38703,2
38704,6
38705,6
38706,2
38707,2
38708,7
38709,11
38710,11
38711,7
38712,9
38713,10
38714,3
38715,9
38716,8
38717,7
38718,8
38719,7
38720,2
38721,1
38722,3
38723,8
38724,0
38725,7
38726,9
38727,0
38728,13
38729,11
38730,3
38731,13
38732,6
38733,12
38734,12
38735,4
38736,3
38737,12
38738,4
38739,6
38740,1
38741,6
38742,2
38743,1
38744,10
38745,0
38746,2
38747,13
38748,10
38749,4
38750,12
38751,10
38752,3
38753,6
38754,0
38755,2
38756,11
38757,3
38758,10
38759,2
38760,6
38761,10
38762,9
38763,6
38764,3
38765,6
38766,7
38767,10
38768,5
38769,0
38770,12
38771,8
38772,2
38773,9
38774,4
38775,1
38776,2
38777,13
38778,13
38779,13
38780,1
38781,10
38782,13
38783,4
38784,8
38785,5
38786,8
38787,12
38788,9
38789,0
38790,11
38791,11
38792,7
38793,11
38794,12
38795,6
38796,9
38797,8
38798,13
38799,1
38800,7
38801,4
38802,2
38803,10
38804,3
38805,7
38806,10
38807,1
38808,7
38809,7
38810,10
38811,7
38812,0
38813,10
38814,10
38815,7
38816,3
38817,4
38818,0
38819,2
38820,11
38821,7
38822,13
38823,7
38824,4
38825,2
38826,6
38827,1
38828,13
38829,3
38830,7
38831,11
38832,4
38833,12
38834,8
38835,0
38836,3
38837,9
38838,0
38839,1
38840,6
38841,0
38842,8
38843,11
38844,11
38845,0
38846,6
38847,13
38848,6
38849,11
38850,6
38851,12
38852,7
38853,13
38854,11
38855,1
38856,13
38857,10
38858,10
38859,1
38860,9
38861,8
38862,6
38863,5
38864,2
38865,8
38866,11
38867,8
38868,1
38869,1
38870,12
38871,2
38872,6
38873,10
38874,8
38875,6
38876,11
38877,6
38878,10
38879,4
38880,2
38881,11
38882,3
38883,9
38884,0
38885,0
38886,2
38887,11
38888,0
38889,5
38890,11
38891,0
38892,2
38893,4
38894,7
38895,7
38896,10
38897,6
38898,1
38899,1
38900,13
38901,0
38902,8
38903,5
38904,2
38905,2
38906,10
38907,2
38908,6
38909,4
38910,9
38911,3
38912,13
38913,10
38914,4
38915,0
38916,2
38917,2
38918,8
38919,6
38920,13
38921,10
38922,10
38923,4
38924,11
38925,11
38926,8
38927,0
38928,9
38929,0
38930,1
38931,0
38932,0
38933,6
38934,11
38935,8
38936,13
38937,9
38938,7
38939,0
38940,2
38941,8
38942,11
38943,7
38944,1
38945,2
38946,13
38947,1
38948,11
38949,7
38950,3
38951,3
38952,9
38953,2
38954,8
38955,3
38956,2
38957,2
38958,10
38959,12
38960,7
38961,11
38962,11
38963,4
38964,11
38965,4
38966,0
38967,11
38968,4
38969,12
38970,4
38971,6
38972,1
38973,0
38974,0
38975,4
38976,7
38977,4
38978,11
38979,0
38980,1
38981,9
38982,12
38983,13
38984,10
38985,6
38986,0
38987,6
38988,1
38989,11
38990,10
38991,3
38992,2
38993,0
38994,12
38995,12
38996,3
38997,0
38998,0
38999,13
39000,2
39001,1
39002,11
39003,0
39004,10
39005,8
39006,11
39007,12
39008,6
39009,13
39010,4
39011,8
39012,0
39013,7
39014,11
39015,7
39016,13
39017,11
39018,0
39019,12
39020,1
39021,11
39022,2
39023,13
39024,10
39025,11
39026,11
39027,1
39028,12
39029,7
39030,11
39031,1
39032,1
39033,8
39034,0
39035,0
39036,8
39037,2
39038,7
39039,1
39040,7
39041,3
39042,6
39043,10
39044,0
39045,10
39046,0
39047,6
39048,2
39049,0
39050,9
39051,12
39052,2
39053,6
39054,4
39055,8
39056,1
39057,11
39058,10
39059,11
39060,13
39061,10
39062,7
39063,11
39064,8
39065,8
39066,11
39067,7
39068,2
39069,12
39070,1
39071,0
39072,11
39073,0
39074,11
39075,10
39076,8
39077,3
39078,8
39079,8
39080,13
39081,0
39082,1
39083,1
39084,3
39085,0
39086,11
39087,2
39088,10
39089,13
39090,11
39091,0
39092,3
39093,6
39094,12
39095,11
39096,13
39097,7
39098,3
39099,8
39100,4
39101,2
39102,8
39103,0
39104,2
39105,6
39106,3
39107,7
39108,8
39109,4
39110,7
39111,10
39112,12
39113,2
39114,10
39115,2
39116,7
39117,8
39118,3
39119,8
39120,4
39121,9
39122,10
39123,12
39124,4
39125,9
39126,7
39127,0
39128,10
39129,12
39130,7
39131,7
39132,8
39133,5
39134,11
39135,2
39136,7
39137,0
39138,11
39139,13
39140,6
39141,10
39142,3
39143,11
39144,7
39145,10
39146,8
39147,11
39148,13
39149,6
39150,0
39151,9
39152,10
39153,7
39154,6
39155,4
39156,8
39157,2
39158,6
39159,11
39160,13
39161,6
39162,4
39163,9
39164,10
39165,2
39166,2
39167,0
39168,2
39169,0
39170,0
39171,8
39172,4
39173,2
39174,11
39175,0
39176,0
39177,8
39178,11
39179,6
39180,1
39181,0
39182,11
39183,6
39184,4
39185,1
39186,3
39187,4
39188,11
39189,4
39190,13
39191,5
39192,11
39193,12
39194,6
39195,2
39196,11
39197,3
39198,2
39199,0
39200,6
39201,10
39202,4
39203,6
39204,1
39205,5
39206,12
39207,6
39208,4
39209,1
39210,13
39211,10
39212,10
39213,7
39214,6
39215,4
39216,3
39217,10
39218,11
39219,6
39220,6
39221,0
39222,2
39223,12
39224,8
39225,10
39226,2
39227,8
39228,9
39229,9
39230,13
39231,2
39232,2
39233,2
39234,11
39235,9
39236,7
39237,7
39238,10
39239,11
39240,13
39241,8
39242,1
39243,0
39244,4
39245,13
39246,6
39247,7
39248,1
39249,4
39250,11
39251,2
39252,1
39253,13
39254,8
39255,4
39256,0
39257,11
39258,1
39259,13
39260,1
39261,6
39262,6
39263,7
39264,1
39265,0
39266,10
39267,0
39268,13
39269,10
39270,12
39271,8
39272,0
39273,6
39274,13
39275,13
39276,0
39277,3
39278,3
39279,13
39280,1
39281,8
39282,6
39283,0
39284,10
39285,7
39286,3
39287,3
39288,11
39289,9
39290,3
39291,0
39292,7
39293,0
39294,10
39295,3
39296,2
39297,13
39298,4
39299,1
39300,9
39301,3
39302,11
39303,13
39304,9
39305,8
39306,2
39307,6
39308,8
39309,4
39310,0
39311,9
39312,6
39313,1
39314,3
39315,6
39316,10
39317,1
39318,8
39319,12
39320,11
39321,8
39322,11
39323,4
39324,6
39325,13
39326,3
39327,1
39328,6
39329,3
39330,11
39331,4
39332,1
39333,11
39334,4
39335,11
39336,6
39337,9
39338,9
39339,11
39340,1
39341,2
39342,10
39343,9
39344,11
39345,4
39346,7
39347,9
39348,10
39349,10
39350,0
39351,7
39352,9
39353,0
39354,6
39355,10
39356,11
39357,7
39358,3
39359,7
39360,4
39361,11
39362,3
39363,12
39364,4
39365,12
39366,10
39367,13
39368,11
39369,11
39370,4
39371,0
39372,7
39373,4
39374,8
39375,7
39376,4
39377,9
39378,10
39379,6
39380,0
39381,11
39382,4
39383,8
39384,0
39385,8
39386,12
39387,1
39388,1
39389,1
39390,9
39391,11
39392,9
39393,10
39394,11
39395,1
39396,3
39397,2
39398,4
39399,2
39400,3
39401,6
39402,11
39403,1
39404,5
39405,0
39406,4
39407,4
39408,3
39409,0
39410,6
39411,2
39412,8
39413,10
39414,11
39415,5
39416,3
39417,6
39418,0
39419,9
39420,2
39421,12
39422,1
39423,3
39424,8
39425,2
39426,0
39427,6
39428,12
39429,13
39430,11
39431,3
39432,3
39433,12
39434,11
39435,1
39436,12
39437,10
39438,1
39439,5
39440,5
39441,9
39442,1
39443,6
39444,0
39445,13
39446,2
39447,6
39448,6
39449,6
39450,5
39451,7
39452,3
39453,2
39454,1
39455,3
39456,6
39457,1
39458,12
39459,2
39460,6
39461,1
39462,0
39463,9
39464,2
39465,1
39466,1
39467,2
39468,3
39469,8
39470,11
39471,4
39472,4
39473,6
39474,1
39475,10
39476,11
39477,5
39478,0
39479,4
39480,2
39481,10
39482,7
39483,7
39484,1
39485,3
39486,11
39487,8
39488,1
39489,12
39490,11
39491,2
39492,10
39493,12
39494,6
39495,8
39496,3
39497,1
39498,4
39499,1
39500,9
39501,8
39502,3
39503,0
39504,10
39505,8
39506,1
39507,11
39508,0
39509,11
39510,11
39511,4
39512,11
39513,5
39514,4
39515,11
39516,3
39517,8
39518,4
39519,13
39520,0
39521,4
39522,7
39523,1
39524,12
39525,10
39526,1
39527,1
39528,6
39529,0
39530,6
39531,11
39532,1
39533,10
39534,3
39535,8
39536,8
39537,10
39538,8
39539,10
39540,3
39541,12
39542,8
39543,2
39544,7
39545,13
39546,5
39547,8
39548,0
39549,7
39550,8
39551,4
39552,13
39553,3
39554,8
39555,11
39556,4
39557,2
39558,10
39559,7
39560,10
39561,9
39562,12
39563,1
39564,2
39565,1
39566,12
39567,11
39568,13
39569,4
39570,2
39571,2
39572,8
39573,2
39574,10
39575,2
39576,12
39577,9
39578,13
39579,6
39580,6
39581,12
39582,7
39583,0
39584,13
39585,2
39586,0
39587,8
39588,1
39589,9
39590,2
39591,12
39592,3
39593,12
39594,4
39595,7
39596,3
39597,10
39598,9
39599,7
39600,6
39601,0
39602,10
39603,12
39604,10
39605,12
39606,9
39607,11
39608,3
39609,10
39610,13
39611,6
39612,1
39613,11
39614,7
39615,11
39616,3
39617,6
39618,0
39619,6
39620,3
39621,8
39622,3
39623,8
39624,11
39625,7
39626,10
39627,0
39628,11
39629,1
39630,2
39631,6
39632,11
39633,2
39634,8
39635,10
39636,11
39637,13
39638,0
39639,8
39640,11
39641,1
39642,1
39643,0
39644,13
39645,1
39646,12
39647,4
39648,7
39649,0
39650,4
39651,2
39652,1
39653,11
39654,10
39655,1
39656,6
39657,8
39658,1
39659,0
39660,13
39661,1
39662,0
39663,4
39664,12
39665,10
39666,10
39667,8
39668,7
39669,11
39670,1
39671,4
39672,2
39673,1
39674,9
39675,2
39676,7
39677,13
39678,6
39679,8
39680,12
39681,1
39682,13
39683,6
39684,4
39685,3
39686,10
39687,0
39688,13
39689,1
39690,2
39691,11
39692,11
39693,4
39694,12
39695,8
39696,11
39697,13
39698,13
39699,3
39700,0
39701,10
39702,10
39703,9
39704,3
39705,11
39706,12
39707,8
39708,10
39709,12
39710,2
39711,1
39712,6
39713,11
39714,6
39715,4
39716,1
39717,1
39718,7
39719,7
39720,8
39721,7
39722,2
39723,10
39724,1
39725,7
39726,8
39727,0
39728,11
39729,2
39730,1
39731,10
39732,2
39733,2
39734,13
39735,13
39736,0
39737,10
39738,6
39739,10
39740,10
39741,12
39742,7
39743,7
39744,3
39745,0
39746,11
39747,9
39748,11
39749,11
39750,10
39751,6
39752,0
39753,2
39754,13
39755,1
39756,12
39757,9
39758,1
39759,6
39760,7
39761,1
39762,4
39763,7
39764,2
39765,9
39766,9
39767,6
39768,6
39769,6
39770,8
39771,2
39772,11
39773,0
39774,9
39775,8
39776,7
39777,11
39778,0
39779,10
39780,8
39781,6
39782,1
39783,12
39784,11
39785,8
39786,13
39787,7
39788,9
39789,11
39790,4
39791,1
39792,10
39793,1
39794,8
39795,6
39796,4
39797,11
39798,1
39799,0
39800,10
39801,10
39802,10
39803,1
39804,8
39805,1
39806,7
39807,6
39808,12
39809,13
39810,0
39811,7
39812,7
39813,11
39814,2
39815,3
39816,0
39817,8
39818,2
39819,1
39820,2
39821,12
39822,0
39823,10
39824,8
39825,1
39826,0
39827,7
39828,2
39829,6
39830,2
39831,0
39832,9
39833,8
39834,8
39835,0
39836,11
39837,11
39838,3
39839,2
39840,4
39841,2
39842,7
39843,2
39844,5
39845,2
39846,4
39847,6
39848,0
39849,2
39850,10
39851,11
39852,2
39853,8
39854,1
39855,3
39856,11
39857,13
39858,2
39859,4
39860,11
39861,2
39862,2
39863,10
39864,1
39865,12
39866,1
39867,2
39868,7
39869,1
39870,11
39871,2
39872,8
39873,0
39874,6
39875,8
39876,1
39877,10
39878,6
39879,1
39880,13
39881,4
39882,11
39883,2
39884,7
39885,13
39886,12
39887,7
39888,3
39889,8
39890,12
39891,5
39892,11
39893,3
39894,6
39895,1
39896,0
39897,5
39898,2
39899,0
39900,8
39901,7
39902,0
39903,2
39904,13
39905,2
39906,7
39907,5
39908,1
39909,3
39910,7
39911,0
39912,11
39913,2
39914,1
39915,13
39916,9
39917,12
39918,4
39919,7
39920,6
39921,2
39922,0
39923,3
39924,10
39925,8
39926,13
39927,4
39928,1
39929,3
39930,7
39931,2
39932,13
39933,7
39934,12
39935,2
39936,2
39937,12
39938,13
39939,9
39940,2
39941,3
39942,2
39943,4
39944,1
39945,9
39946,3
39947,4
39948,0
39949,7
39950,2
39951,1
39952,7
39953,3
39954,1
39955,1
39956,9
39957,6
39958,5
39959,9
39960,8
39961,0
39962,1
39963,2
39964,7
39965,1
39966,2
39967,2
39968,4
39969,2
39970,13
39971,7
39972,0
39973,1
39974,0
39975,6
39976,10
39977,4
39978,9
39979,11
39980,10
39981,9
39982,7
39983,2
39984,5
39985,2
39986,3
39987,13
39988,8
39989,2
39990,0
39991,7
39992,2
39993,2
39994,7
39995,8
39996,6
39997,3
39998,8
39999,11
40000,7
40001,9
40002,3
40003,2
40004,4
40005,8
40006,7
40007,1
40008,7
40009,11
40010,11
40011,4
40012,10
40013,0
40014,11
40015,3
40016,1
40017,3
40018,7
40019,4
40020,2
40021,2
40022,11
40023,4
40024,10
40025,12
40026,11
40027,0
40028,11
40029,5
40030,11
40031,3
40032,3
40033,1
40034,8
40035,2
40036,2
40037,0
40038,12
40039,13
40040,4
40041,11
40042,8
40043,0
40044,8
40045,9
40046,0
40047,7
40048,8
40049,8
40050,3
40051,13
40052,0
40053,11
40054,7
40055,9
40056,3
40057,5
40058,6
40059,12
40060,11
40061,11
40062,1
40063,2
40064,3
40065,6
40066,10
40067,13
40068,6
40069,6
40070,13
40071,11
40072,1
40073,3
40074,13
40075,1
40076,2
40077,12
40078,1
40079,11
40080,11
40081,10
40082,11
40083,4
40084,8
40085,5
40086,11
40087,2
40088,4
40089,13
40090,1
40091,5
40092,4
40093,7
40094,9
40095,10
40096,8
40097,4
40098,7
40099,8
40100,7
40101,7
40102,8
40103,0
40104,1
40105,0
40106,1
40107,1
40108,10
40109,1
40110,8
40111,7
40112,12
40113,4
40114,7
40115,7
40116,10
40117,4
40118,7
40119,1
40120,1
40121,4
40122,5
40123,6
40124,9
40125,1
40126,10
40127,2
40128,2
40129,8
40130,1
40131,1
40132,2
40133,3
40134,1
40135,3
40136,2
40137,6
40138,11
40139,7
40140,3
40141,0
40142,4
40143,0
40144,1
40145,1
40146,12
40147,1
40148,12
40149,7
40150,6
40151,12
40152,6
40153,11
40154,11
40155,11
40156,0
40157,11
40158,1
40159,0
40160,1
40161,4
40162,0
40163,2
40164,7
40165,8
40166,4
40167,12
40168,10
40169,7
40170,1
40171,6
40172,8
40173,13
40174,1
40175,4
40176,4
40177,11
40178,1
40179,6
40180,2
40181,3
40182,4
40183,1
40184,4
40185,2
40186,4
40187,1
40188,9
40189,12
40190,4
40191,7
40192,11
40193,10
40194,11
40195,12
40196,7
40197,7
40198,4
40199,12
40200,2
40201,13
40202,11
40203,12
40204,1
40205,2
40206,3
40207,6
40208,3
40209,8
40210,1
40211,4
40212,1
40213,10
40214,10
40215,9
40216,7
40217,1
40218,6
40219,7
40220,7
40221,4
40222,0
40223,1
40224,0
40225,11
40226,8
40227,1
40228,2
40229,9
40230,2
40231,13
40232,0
40233,9
40234,7
40235,7
40236,6
40237,3
40238,6
40239,6
40240,4
40241,2
40242,0
40243,9
40244,0
40245,7
40246,11
40247,8
40248,1
40249,2
40250,11
40251,6
40252,1
40253,11
40254,8
40255,12
40256,2
40257,3
40258,4
40259,6
40260,1
40261,0
40262,10
40263,8
40264,8
40265,11
40266,3
40267,11
40268,5
40269,2
40270,4
40271,4
40272,8
40273,0
40274,8
40275,4
40276,2
40277,9
40278,13
40279,2
40280,1
40281,7
40282,0
40283,9
40284,0
40285,12
40286,11
40287,6
40288,10
40289,2
40290,8
40291,1
40292,2
40293,9
40294,6
40295,8
40296,9
40297,13
40298,8
40299,2
40300,0
40301,9
40302,6
40303,11
40304,7
40305,12
40306,0
40307,10
40308,6
40309,0
40310,3
40311,10
40312,10
40313,8
40314,2
40315,9
40316,11
40317,7
40318,2
40319,5
40320,0
40321,2
40322,13
40323,7
40324,3
40325,3
40326,7
40327,11
40328,3
40329,6
40330,4
40331,11
40332,7
40333,9
40334,0
40335,11
40336,6
40337,8
40338,7
40339,13
40340,7
40341,1
40342,12
40343,10
40344,7
40345,0
40346,3
40347,2
40348,8
40349,4
40350,12
40351,1
40352,1
40353,4
40354,4
40355,11
40356,8
40357,1
40358,12
40359,7
40360,1
40361,0
40362,8
40363,4
40364,1
40365,0
40366,13
40367,6
40368,8
40369,12
40370,4
40371,0
40372,1
40373,4
40374,1
40375,10
40376,2
40377,11
40378,0
40379,12
40380,2
40381,9
40382,2
40383,11
40384,6
40385,0
40386,11
40387,9
40388,8
40389,8
40390,2
40391,11
40392,10
40393,8
40394,3
40395,11
40396,7
40397,2
40398,3
40399,12
40400,2
40401,3
40402,8
40403,9
40404,9
40405,4
40406,1
40407,6
40408,13
40409,4
40410,4
40411,4
40412,3
40413,3
40414,11
40415,8
40416,4
40417,4
40418,6
40419,0
40420,12
40421,4
40422,13
40423,7
40424,0
40425,11
40426,6
40427,6
40428,12
40429,11
40430,2
40431,1
40432,11
40433,8
40434,11
40435,4
40436,3
40437,8
40438,13
40439,7
40440,3
40441,1
40442,8
40443,10
40444,0
40445,4
40446,3
40447,0
40448,4
40449,11
40450,13
40451,11
40452,11
40453,1
40454,7
40455,7
40456,2
40457,11
40458,2
40459,0
40460,8
40461,2
40462,9
40463,0
40464,11
40465,0
40466,11
40467,0
40468,0
40469,7
40470,12
40471,0
40472,10
40473,1
40474,5
40475,8
40476,12
40477,4
40478,0
40479,0
40480,13
40481,4
40482,11
40483,7
40484,6
40485,4
40486,6
40487,7
40488,13
40489,1
40490,4
40491,13
40492,12
40493,7
40494,12
40495,7
40496,9
40497,4
40498,12
40499,3
40500,7
40501,7
40502,10
40503,10
40504,9
40505,0
40506,12
40507,2
40508,6
40509,1
40510,0
40511,2
40512,10
40513,8
40514,11
40515,5
40516,11
40517,1
40518,6
40519,11
40520,7
40521,10
40522,11
40523,5
40524,6
40525,4
40526,4
40527,6
40528,3
40529,1
40530,11
40531,1
40532,6
40533,12
40534,1
40535,10
40536,2
40537,4
40538,9
40539,7
40540,12
40541,8
40542,2
40543,0
40544,2
40545,10
40546,8
40547,1
40548,6
40549,8
40550,6
40551,2
40552,12
40553,0
40554,8
40555,7
40556,3
40557,2
40558,2
40559,3
40560,11
40561,0
40562,4
40563,7
40564,12
40565,3
40566,6
40567,11
40568,1
40569,2
40570,7
40571,1
40572,11
40573,3
40574,3
40575,11
40576,0
40577,1
40578,10
40579,11
40580,12
40581,9
40582,2
40583,4
40584,4
40585,0
40586,11
40587,3
40588,2
40589,0
40590,12
40591,3
40592,6
40593,4
40594,8
40595,1
40596,11
40597,11
40598,13
40599,10
40600,7
40601,8
40602,9
40603,1
40604,0
40605,11
40606,12
40607,8
40608,12
40609,3
40610,2
40611,7
40612,9
40613,1
40614,10
40615,12
40616,2
40617,13
40618,6
40619,4
40620,3
40621,5
40622,5
40623,1
40624,8
40625,4
40626,1
40627,6
40628,2
40629,3
40630,8
40631,8
40632,6
40633,7
40634,8
40635,1
40636,8
40637,9
40638,7
40639,11
40640,7
40641,2
40642,2
40643,10
40644,7
40645,10
40646,7
40647,1
40648,6
40649,2
40650,11
40651,2
40652,10
40653,1
40654,6
40655,1
40656,2
40657,3
40658,12
40659,4
40660,2
40661,5
40662,8
40663,13
40664,10
40665,5
40666,13
40667,7
40668,3
40669,11
40670,12
40671,7
40672,0
40673,3
40674,12
40675,8
40676,7
40677,9
40678,6
40679,12
40680,7
40681,12
40682,6
40683,11
40684,4
40685,1
40686,7
40687,8
40688,2
40689,1
40690,4
40691,6
40692,10
40693,13
40694,12
40695,11
40696,11
40697,1
40698,12
40699,12
40700,11
40701,8
40702,2
40703,1
40704,11
40705,1
40706,0
40707,7
40708,12
40709,0
40710,3
40711,6
40712,3
40713,7
40714,0
40715,0
40716,3
40717,6
40718,2
40719,9
40720,6
40721,6
40722,3
40723,10
40724,4
40725,12
40726,13
40727,7
40728,12
40729,7
40730,3
40731,11
40732,6
40733,10
40734,6
40735,2
40736,9
40737,1
40738,6
40739,10
40740,9
40741,10
40742,4
40743,11
40744,0
40745,3
40746,0
40747,11
40748,7
40749,8
40750,2
40751,10
40752,10
40753,11
40754,13
40755,7
40756,1
40757,13
40758,9
40759,5
40760,1
40761,11
40762,11
40763,7
40764,0
40765,7
40766,8
40767,2
40768,0
40769,11
40770,1
40771,6
40772,0
40773,8
40774,2
40775,4
40776,8
40777,7
40778,7
40779,5
40780,11
40781,10
40782,3
40783,8
40784,12
40785,2
40786,3
40787,11
40788,2
40789,4
40790,12
40791,6
40792,12
40793,11
40794,10
40795,11
40796,2
40797,8
40798,10
40799,0
40800,0
40801,8
40802,11
40803,10
40804,2
40805,2
40806,0
40807,2
40808,6
40809,0
40810,11
40811,11
40812,4
40813,1
40814,11
40815,2
40816,8
40817,9
40818,12
40819,12
40820,1
40821,2
40822,7
40823,10
40824,8
40825,6
40826,1
40827,12
40828,8
40829,6
40830,6
40831,10
40832,13
40833,6
40834,12
40835,7
40836,1
40837,2
40838,12
40839,1
40840,9
40841,1
40842,13
40843,11
40844,11
40845,6
40846,10
40847,0
40848,3
40849,10
40850,13
40851,0
40852,12
40853,0
40854,0
40855,3
40856,10
40857,0
40858,3
40859,12
40860,2
40861,1
40862,3
40863,6
40864,10
40865,11
40866,2
40867,5
40868,3
40869,13
40870,6
40871,1
40872,11
40873,0
40874,1
40875,0
40876,10
40877,11
40878,10
40879,7
40880,11
40881,12
40882,1
40883,1
40884,2
40885,12
40886,9
40887,7
40888,0
40889,6
40890,7
40891,8
40892,6
40893,4
40894,3
40895,11
40896,4
40897,7
40898,11
40899,7
40900,10
40901,4
40902,11
40903,3
40904,1
40905,1
40906,3
40907,8
40908,3
40909,2
40910,2
40911,2
40912,13
40913,7
40914,1
40915,8
40916,5
40917,8
40918,3
40919,4
40920,3
40921,10
40922,4
40923,8
40924,6
40925,0
40926,6
40927,12
40928,1
40929,10
40930,2
40931,8
40932,8
40933,12
40934,12
40935,3
40936,1
40937,13
40938,2
40939,0
40940,7
40941,13
40942,8
40943,12
40944,0
40945,6
40946,3
40947,2
40948,10
40949,1
40950,11
40951,13
40952,4
40953,11
40954,0
40955,6
40956,8
40957,10
40958,0
40959,7
40960,13
40961,3
40962,11
40963,8
40964,10
40965,12
40966,8
40967,3
40968,8
40969,4
40970,11
40971,9
40972,7
40973,0
40974,8
40975,2
40976,4
40977,7
40978,1
40979,13
40980,7
40981,4
40982,0
40983,12
40984,0
40985,12
40986,8
40987,1
40988,9
40989,9
40990,4
40991,6
40992,2
40993,13
40994,2
40995,11
40996,11
40997,1
40998,10
40999,2
41000,8
41001,11
41002,7
41003,8
41004,11
41005,8
41006,0
41007,4
41008,10
41009,2
41010,10
41011,0
41012,11
41013,1
41014,7
41015,6
41016,0
41017,11
41018,8
41019,2
41020,3
41021,11
41022,2
41023,2
41024,3
41025,11
41026,2
41027,0
41028,9
41029,4
41030,11
41031,5
41032,12
41033,0
41034,8
41035,10
41036,8
41037,8
41038,2
41039,3
41040,1
41041,0
41042,0
41043,3
41044,8
41045,12
41046,0
41047,7
41048,3
41049,11
41050,12
41051,0
41052,6
41053,4
41054,6
41055,6
41056,13
41057,11
41058,7
41059,4
41060,3
41061,0
41062,6
41063,0
41064,1
41065,10
41066,12
41067,2
41068,1
41069,1
41070,11
41071,7
41072,13
41073,4
41074,2
41075,9
41076,12
41077,6
41078,10
41079,9
41080,1
41081,5
41082,10
41083,9
41084,0
41085,11
41086,8
41087,3
41088,13
41089,7
41090,2
41091,7
41092,4
41093,9
41094,9
41095,11
41096,0
41097,6
41098,2
41099,4
41100,10
41101,9
41102,11
41103,12
41104,11
41105,0
41106,0
41107,1
41108,7
41109,1
41110,4
41111,12
41112,11
41113,6
41114,3
41115,8
41116,0
41117,2
41118,7
41119,11
41120,3
41121,2
41122,5
41123,13
41124,1
41125,8
41126,1
41127,2
41128,3
41129,9
41130,11
41131,8
41132,0
41133,1
41134,10
41135,11
41136,2
41137,6
41138,2
41139,8
41140,10
41141,6
41142,4
41143,9
41144,6
41145,2
41146,6
41147,6
41148,7
41149,4
41150,7
41151,0
41152,6
41153,12
41154,10
41155,1
41156,3
41157,0
41158,7
41159,0
41160,6
41161,9
41162,4
41163,0
41164,5
41165,2
41166,9
41167,2
41168,1
41169,9
41170,2
41171,8
41172,6
41173,12
41174,12
41175,8
41176,6
41177,4
41178,13
41179,6
41180,11
41181,0
41182,6
41183,7
41184,8
41185,0
41186,0
41187,8
41188,7
41189,1
41190,11
41191,2
41192,1
41193,13
41194,0
41195,6
41196,10
41197,4
41198,0
41199,0
41200,7
41201,12
41202,11
41203,1
41204,11
41205,11
41206,8
41207,11
41208,11
41209,3
41210,5
41211,6
41212,7
41213,1
41214,7
41215,6
41216,7
41217,4
41218,1
41219,4
41220,13
41221,2
41222,7
41223,11
41224,13
41225,12
41226,1
41227,3
41228,12
41229,9
41230,13
41231,1
41232,4
41233,0
41234,8
41235,12
41236,1
41237,8
41238,1
41239,7
41240,11
41241,2
41242,2
41243,3
41244,7
41245,0
41246,2
41247,9
41248,6
41249,10
41250,4
41251,3
41252,9
41253,2
41254,4
41255,9
41256,7
41257,2
41258,2
41259,6
41260,2
41261,8
41262,12
41263,6
41264,11
41265,2
41266,1
41267,10
41268,11
41269,7
41270,2
41271,12
41272,6
41273,6
41274,11
41275,13
41276,13
41277,2
41278,12
41279,11
41280,12
41281,10
41282,1
41283,10
41284,6
41285,8
41286,8
41287,0
41288,9
41289,10
41290,4
41291,9
41292,6
41293,0
41294,8
41295,3
41296,13
41297,11
41298,3
41299,11
41300,12
41301,13
41302,7
41303,8
41304,9
41305,3
41306,0
41307,1
41308,0
41309,13
41310,3
41311,13
41312,6
41313,4
41314,12
41315,8
41316,0
41317,6
41318,8
41319,4
41320,11
41321,7
41322,6
41323,6
41324,2
41325,7
41326,1
41327,10
41328,0
41329,11
41330,2
41331,12
41332,1
41333,10
41334,12
41335,0
41336,4
41337,2
41338,10
41339,12
41340,7
41341,11
41342,13
41343,9
41344,7
41345,10
41346,13
41347,0
41348,3
41349,9
41350,10
41351,7
41352,0
41353,7
41354,2
41355,8
41356,4
41357,1
41358,2
41359,2
41360,0
41361,1
41362,11
41363,0
41364,8
41365,4
41366,10
41367,4
41368,5
41369,8
41370,3
41371,8
41372,6
41373,12
41374,12
41375,0
41376,3
41377,7
41378,4
41379,13
41380,3
41381,2
41382,6
41383,9
41384,7
41385,6
41386,3
41387,2
41388,7
41389,5
41390,9
41391,9
41392,0
41393,9
41394,11
41395,7
41396,10
41397,12
41398,11
41399,2
41400,1
41401,8
41402,11
41403,11
41404,10
41405,8
41406,1
41407,10
41408,0
41409,1
41410,8
41411,12
41412,2
41413,10
41414,10
41415,6
41416,2
41417,2
41418,0
41419,8
41420,2
41421,4
41422,1
41423,13
41424,3
41425,1
41426,1
41427,3
41428,3
41429,7
41430,10
41431,3
41432,2
41433,9
41434,11
41435,0
41436,0
41437,10
41438,9
41439,2
41440,3
41441,12
41442,4
41443,2
41444,1
41445,1
41446,4
41447,0
41448,2
41449,3
41450,6
41451,5
41452,1
41453,8
41454,7
41455,12
41456,8
41457,10
41458,0
41459,2
41460,13
41461,9
41462,11
41463,6
41464,2
41465,0
41466,3
41467,8
41468,1
41469,11
41470,3
41471,1
41472,6
41473,1
41474,11
41475,3
41476,13
41477,0
41478,2
41479,6
41480,11
41481,0
41482,11
41483,0
41484,9
41485,13
41486,7
41487,11
41488,0
41489,3
41490,3
41491,1
41492,4
41493,1
41494,3
41495,6
41496,4
41497,1
41498,1
41499,3
41500,1
41501,0
41502,0
41503,1
41504,11
41505,3
41506,6
41507,11
41508,2
41509,1
41510,0
41511,11
41512,3
41513,2
41514,0
41515,2
41516,13
41517,13
41518,2
41519,1
41520,9
41521,10
41522,7
41523,2
41524,2
41525,11
41526,11
41527,9
41528,13
41529,2
41530,6
41531,8
41532,1
41533,8
41534,8
41535,4
41536,12
41537,0
41538,10
41539,9
41540,7
41541,6
41542,2
41543,8
41544,8
41545,0
41546,12
41547,10
41548,0
41549,2
41550,1
41551,8
41552,7
41553,7
41554,5
41555,11
41556,0
41557,7
41558,6
41559,7
41560,12
41561,10
41562,1
41563,6
41564,9
41565,3
41566,6
41567,8
41568,0
41569,0
41570,0
41571,13
41572,11
41573,0
41574,1
41575,8
41576,4
41577,8
41578,3
41579,2
41580,12
41581,10
41582,0
41583,10
41584,11
41585,4
41586,6
41587,1
41588,11
41589,8
41590,0
41591,4
41592,9
41593,2
41594,2
41595,13
41596,9
41597,12
41598,5
41599,2
41600,8
41601,7
41602,13
41603,8
41604,13
41605,6
41606,0
41607,11
41608,11
41609,10
41610,13
41611,3
41612,7
41613,10
41614,2
41615,1
41616,6
41617,6
41618,1
41619,0
41620,2
41621,4
41622,2
41623,4
41624,2
41625,7
41626,11
41627,10
41628,11
41629,8
41630,1
41631,4
41632,11
41633,3
41634,0
41635,10
41636,7
41637,0
41638,11
41639,1
41640,10
41641,12
41642,10
41643,10
41644,1
41645,12
41646,13
41647,0
41648,0
41649,2
41650,7
41651,6
41652,4
41653,0
41654,0
41655,8
41656,7
41657,1
41658,3
41659,8
41660,0
41661,2
41662,9
41663,0
41664,12
41665,0
41666,10
41667,7
41668,4
41669,8
41670,10
41671,7
41672,4
41673,1
41674,8
41675,11
41676,6
41677,0
41678,2
41679,13
41680,2
41681,12
41682,11
41683,0
41684,11
41685,11
41686,11
41687,11
41688,1
41689,12
41690,4
41691,12
41692,11
41693,6
41694,4
41695,3
41696,4
41697,0
41698,9
41699,8
41700,13
41701,12
41702,13
41703,8
41704,7
41705,2
41706,10
41707,10
41708,6
41709,0
41710,8
41711,0
41712,1
41713,6
41714,4
41715,9
41716,2
41717,11
41718,12
41719,13
41720,8
41721,0
41722,10
41723,1
41724,13
41725,9
41726,8
41727,11
41728,9
41729,11
41730,1
41731,11
41732,6
41733,8
41734,10
41735,9
41736,3
41737,11
41738,9
41739,7
41740,11
41741,1
41742,1
41743,9
41744,6
41745,3
41746,11
41747,12
41748,1
41749,11
41750,1
41751,11
41752,2
41753,0
41754,7
41755,11
41756,0
41757,13
41758,1
41759,7
41760,9
41761,0
41762,9
41763,9
41764,4
41765,12
41766,8
41767,0
41768,4
41769,2
41770,8
41771,6
41772,11
41773,1
41774,12
41775,4
41776,3
41777,0
41778,9
41779,8
41780,1
41781,1
41782,6
41783,2
41784,7
41785,2
41786,6
41787,2
41788,7
41789,0
41790,9
41791,1
41792,3
41793,9
41794,12
41795,1
41796,10
41797,4
41798,0
41799,11
41800,12
41801,10
41802,10
41803,13
41804,0
41805,2
41806,11
41807,11
41808,4
41809,2
41810,7
41811,13
41812,2
41813,9
41814,1
41815,11
41816,0
41817,11
41818,0
41819,0
41820,10
41821,2
41822,2
41823,10
41824,10
41825,12
41826,7
41827,9
41828,8
41829,4
41830,12
41831,5
41832,11
41833,0
41834,11
41835,7
41836,2
41837,0
41838,12
41839,11
41840,1
41841,11
41842,12
41843,2
41844,1
41845,12
41846,4
41847,2
41848,0
41849,13
41850,8
41851,2
41852,11
41853,11
41854,11
41855,10
41856,1
41857,10
41858,11
41859,3
41860,11
41861,5
41862,6
41863,10
41864,3
41865,0
41866,0
41867,3
41868,2
41869,3
41870,1
41871,2
41872,3
41873,1
41874,6
41875,1
41876,11
41877,4
41878,8
41879,0
41880,7
41881,0
41882,9
41883,7
41884,1
41885,11
41886,4
41887,3
41888,8
41889,0
41890,1
41891,1
41892,12
41893,1
41894,8
41895,11
41896,12
41897,0
41898,0
41899,11
41900,7
41901,11
41902,11
41903,0
41904,0
41905,0
41906,8
41907,0
41908,6
41909,0
41910,2
41911,0
41912,6
41913,1
41914,2
41915,10
41916,13
41917,11
41918,8
41919,7
41920,11
41921,6
41922,0
41923,12
41924,10
41925,12
41926,3
41927,12
41928,1
41929,11
41930,13
41931,11
41932,9
41933,7
41934,10
41935,12
41936,11
41937,11
41938,2
41939,3
41940,9
41941,0
41942,10
41943,9
41944,11
41945,3
41946,8
41947,7
41948,7
41949,0
41950,10
41951,0
41952,7
41953,0
41954,12
41955,6
41956,1
41957,8
41958,8
41959,0
41960,6
41961,2
41962,11
41963,0
41964,7
41965,10
41966,3
41967,6
41968,1
41969,10
41970,7
41971,13
41972,6
41973,11
41974,7
41975,7
41976,5
41977,4
41978,2
41979,11
41980,13
41981,10
41982,7
41983,6
41984,3
41985,4
41986,9
41987,13
41988,0
41989,12
41990,12
41991,11
41992,6
41993,0
41994,2
41995,6
41996,4
41997,2
41998,8
41999,11
42000,11
42001,2
42002,3
42003,11
42004,8
42005,8
42006,3
42007,6
42008,1
42009,0
42010,11
42011,4
42012,2
42013,4
42014,1
42015,10
42016,2
42017,0
42018,12
42019,9
42020,7
42021,11
42022,6
42023,9
42024,6
42025,11
42026,7
42027,11
42028,13
42029,7
42030,9
42031,6
42032,4
42033,0
42034,6
42035,8
42036,1
42037,3
42038,13
42039,2
42040,0
42041,0
42042,13
42043,2
42044,7
42045,5
42046,13
42047,4
42048,12
42049,1
42050,7
42051,13
42052,1
42053,1
42054,12
42055,13
42056,2
42057,0
42058,2
42059,2
42060,11
42061,9
42062,6
42063,6
42064,8
42065,11
42066,9
42067,1
42068,12
42069,10
42070,1
42071,10
42072,7
42073,0
42074,13
42075,11
42076,12
42077,11
42078,13
42079,1
42080,11
42081,11
42082,10
42083,11
42084,10
42085,1
42086,7
42087,8
42088,0
42089,8
42090,1
42091,0
42092,8
42093,7
42094,5
42095,13
42096,2
42097,0
42098,11
42099,2
42100,8
42101,2
42102,2
42103,4
42104,7
42105,8
42106,2
42107,6
42108,4
42109,4
42110,6
42111,7
42112,12
42113,6
42114,12
42115,1
42116,11
42117,8
42118,8
42119,7
42120,2
42121,7
42122,10
42123,12
42124,1
42125,2
42126,10
42127,12
42128,2
42129,11
42130,2
42131,1
42132,0
42133,7
42134,4
42135,6
42136,0
42137,1
42138,1
42139,13
42140,2
42141,10
42142,13
42143,1
42144,2
42145,11
42146,6
42147,2
42148,0
42149,10
42150,7
42151,13
42152,1
42153,2
42154,9
42155,7
42156,2
42157,2
42158,13
42159,6
42160,10
42161,10
42162,6
42163,9
42164,3
42165,2
42166,7
42167,2
42168,3
42169,3
42170,8
42171,10
42172,10
42173,6
42174,12
42175,5
42176,8
42177,5
42178,0
42179,11
42180,8
42181,0
42182,10
42183,1
42184,4
42185,4
42186,9
42187,3
42188,1
42189,12
42190,5
42191,0
42192,13
42193,0
42194,8
42195,1
42196,2
42197,6
42198,3
42199,9
42200,7
42201,6
42202,7
42203,2
42204,11
42205,6
42206,7
42207,9
42208,3
42209,8
42210,0
42211,2
42212,7
42213,2
42214,9
42215,11
42216,2
42217,2
42218,7
42219,0
42220,3
42221,6
42222,2
42223,3
42224,8
42225,1
42226,10
42227,12
42228,6
42229,7
42230,4
42231,3
42232,10
42233,9
42234,2
42235,2
42236,0
42237,13
42238,7
42239,11
42240,7
42241,8
42242,11
42243,6
42244,10
42245,2
42246,8
42247,10
42248,1
42249,9
42250,1
42251,4
42252,2
42253,6
42254,3
42255,8
42256,10
42257,2
42258,4
42259,7
42260,11
42261,1
42262,7
42263,1
42264,7
42265,0
42266,3
42267,10
42268,7
42269,1
42270,3
42271,2
42272,4
42273,8
42274,2
42275,9
42276,10
42277,1
42278,8
42279,7
42280,11
42281,13
42282,8
42283,12
42284,2
42285,8
42286,11
42287,0
42288,3
42289,5
42290,0
42291,7
42292,6
42293,11
42294,11
42295,3
42296,11
42297,4
42298,2
42299,12
42300,11
42301,4
42302,6
42303,3
42304,8
42305,7
42306,1
42307,12
42308,10
42309,12
42310,6
42311,11
42312,8
42313,8
42314,7
42315,8
42316,8
42317,5
42318,0
42319,13
42320,6
42321,8
42322,6
42323,3
42324,10
42325,1
42326,0
42327,8
42328,7
42329,2
42330,8
42331,8
42332,0
42333,4
42334,2
42335,6
42336,11
42337,2
42338,11
42339,11
42340,11
42341,0
42342,0
42343,8
42344,6
42345,11
42346,1
42347,10
42348,1
42349,2
42350,0
42351,11
42352,4
42353,6
42354,11
42355,11
42356,9
42357,12
42358,9
42359,0
42360,13
42361,4
42362,0
42363,7
42364,1
42365,12
42366,2
42367,1
42368,7
42369,4
42370,0
42371,2
42372,8
42373,13
42374,7
42375,7
42376,2
42377,9
42378,9
42379,7
42380,2
42381,7
42382,8
42383,2
42384,3
42385,1
42386,0
42387,2
42388,7
42389,3
42390,2
42391,6
42392,3
42393,3
42394,11
42395,6
42396,8
42397,0
42398,2
42399,2
42400,7
42401,7
42402,10
42403,10
42404,2
42405,4
42406,11
42407,6
42408,2
42409,12
42410,3
42411,13
42412,1
42413,1
42414,13
42415,1
42416,10
42417,10
42418,2
42419,2
42420,9
42421,8
42422,8
42423,10
42424,0
42425,11
42426,12
42427,10
42428,11
42429,12
42430,0
42431,10
42432,2
42433,5
42434,11
42435,3
42436,6
42437,6
42438,3
42439,6
42440,2
42441,11
42442,3
42443,13
42444,3
42445,13
42446,10
42447,2
42448,6
42449,7
42450,11
42451,4
42452,2
42453,1
42454,2
42455,13
42456,7
42457,4
42458,9
42459,9
42460,2
42461,6
42462,0
42463,11
42464,6
42465,4
42466,0
42467,12
42468,7
42469,2
42470,8
42471,1
42472,12
42473,9
42474,9
42475,2
42476,2
42477,7
42478,1
42479,2
42480,11
42481,2
42482,7
42483,3
42484,10
42485,4
42486,6
42487,12
42488,9
42489,6
42490,13
42491,8
42492,1
42493,3
42494,11
42495,10
42496,11
42497,0
42498,2
42499,5
42500,2
42501,3
42502,10
42503,11
42504,1
42505,10
42506,4
42507,2
42508,4
42509,2
42510,6
42511,1
42512,13
42513,12
42514,6
42515,4
42516,4
42517,1
42518,4
42519,12
42520,13
42521,0
42522,12
42523,2
42524,2
42525,8
42526,6
42527,0
42528,7
42529,8
42530,0
42531,11
42532,0
42533,1
42534,2
42535,3
42536,7
42537,1
42538,3
42539,9
42540,6
42541,11
42542,1
42543,1
42544,12
42545,8
42546,7
42547,4
42548,7
42549,10
42550,3
42551,0
42552,6
42553,0
42554,0
42555,8
42556,0
42557,2
42558,1
42559,6
42560,3
42561,0
42562,11
42563,0
42564,13
42565,4
42566,13
42567,7
42568,7
42569,3
42570,6
42571,8
42572,9
42573,0
42574,0
42575,7
42576,2
42577,8
42578,2
42579,9
42580,11
42581,6
42582,13
42583,3
42584,6
42585,5
42586,13
42587,4
42588,10
42589,12
42590,1
42591,2
42592,7
42593,0
42594,6
42595,3
42596,1
42597,2
42598,3
42599,12
42600,7
42601,8
42602,0
42603,11
42604,8
42605,0
42606,2
42607,2
42608,3
42609,0
42610,11
42611,2
42612,11
42613,2
42614,11
42615,8
42616,0
42617,7
42618,13
42619,0
42620,6
42621,12
42622,3
42623,8
42624,9
42625,7
42626,2
42627,3
42628,2
42629,4
42630,11
42631,12
42632,1
42633,3
42634,13
42635,6
42636,9
42637,6
42638,4
42639,7
42640,6
42641,11
42642,1
42643,9
42644,0
42645,0
42646,6
42647,7
42648,4
42649,12
42650,0
42651,2
42652,2
42653,3
42654,8
42655,3
42656,9
42657,1
42658,11
42659,13
42660,11
42661,7
42662,0
42663,12
42664,6
42665,3
42666,8
42667,2
42668,12
42669,0
42670,4
42671,11
42672,8
42673,7
42674,8
42675,9
42676,6
42677,8
42678,7
42679,12
42680,9
42681,11
42682,4
42683,2
42684,7
42685,9
42686,9
42687,7
42688,6
42689,11
42690,9
42691,0
42692,10
42693,7
42694,4
42695,13
42696,8
42697,6
42698,12
42699,13
42700,2
42701,3
42702,6
42703,11
42704,10
42705,2
42706,1
42707,2
42708,1
42709,7
42710,4
42711,5
42712,0
42713,6
42714,10
42715,2
42716,11
42717,7
42718,11
42719,10
42720,7
42721,1
42722,1
42723,6
42724,0
42725,4
42726,7
42727,11
42728,11
42729,7
42730,6
42731,8
42732,1
42733,2
42734,10
42735,0
42736,11
42737,2
42738,7
42739,10
42740,1
42741,2
42742,13
42743,4
42744,13
42745,11
42746,9
42747,1
42748,1
42749,10
42750,12
42751,2
42752,11
42753,1
42754,11
42755,7
42756,8
42757,9
42758,12
42759,11
42760,13
42761,13
42762,3
42763,2
42764,8
42765,13
42766,13
42767,4
42768,2
42769,13
42770,13
42771,7
42772,12
42773,10
42774,0
42775,4
42776,7
42777,11
42778,10
42779,1
42780,11
42781,3
42782,7
42783,3
42784,8
42785,2
42786,0
42787,11
42788,1
42789,7
42790,7
42791,12
42792,1
42793,7
42794,8
42795,8
42796,6
42797,11
42798,4
42799,12
42800,6
42801,10
42802,1
42803,9
42804,2
42805,8
42806,2
42807,11
42808,9
42809,13
42810,9
42811,11
42812,0
42813,7
42814,1
42815,8
42816,11
42817,10
42818,2
42819,11
42820,12
42821,13
42822,12
42823,2
42824,1
42825,1
42826,10
42827,12
42828,1
42829,0
42830,4
42831,6
42832,13
42833,11
42834,6
42835,6
42836,12
42837,0
42838,2
42839,2
42840,2
42841,11
42842,6
42843,2
42844,4
42845,8
42846,1
42847,11
42848,3
42849,6
42850,1
42851,3
42852,6
42853,0
42854,0
42855,0
42856,0
42857,0
42858,1
42859,8
42860,11
42861,3
42862,9
42863,8
42864,11
42865,0
42866,6
42867,10
42868,13
42869,10
42870,6
42871,3
42872,2
42873,7
42874,1
42875,13
42876,8
42877,6
42878,1
42879,1
42880,4
42881,6
42882,6
42883,11
42884,8
42885,7
42886,8
42887,0
42888,10
42889,12
42890,0
42891,11
42892,1
42893,12
42894,7
42895,7
42896,12
42897,12
42898,4
42899,13
42900,12
42901,12
42902,4
42903,10
42904,0
42905,11
42906,13
42907,12
42908,2
42909,11
42910,3
42911,7
42912,11
42913,12
42914,10
42915,0
42916,7
42917,2
42918,0
42919,9
42920,6
42921,7
42922,2
42923,3
42924,6
42925,7
42926,8
42927,10
42928,8
42929,13
42930,13
42931,1
42932,1
42933,0
42934,2
42935,3
42936,2
42937,3
42938,11
42939,12
42940,13
42941,6
42942,10
42943,12
42944,8
42945,7
42946,8
42947,2
42948,6
42949,10
42950,3
42951,0
42952,7
42953,1
42954,8
42955,8
42956,2
42957,11
42958,9
42959,0
42960,3
42961,0
42962,9
42963,3
42964,8
42965,2
42966,12
42967,2
42968,0
42969,10
42970,1
42971,7
42972,3
42973,0
42974,13
42975,10
42976,10
42977,8
42978,10
42979,2
42980,0
42981,10
42982,0
42983,0
42984,3
42985,2
42986,12
42987,3
42988,6
42989,12
42990,2
42991,2
42992,11
42993,10
42994,1
42995,4
42996,2
42997,6
42998,3
42999,0
43000,11
43001,3
43002,8
43003,6
43004,7
43005,13
43006,11
43007,2
43008,0
43009,1
43010,2
43011,8
43012,2
43013,4
43014,3
43015,13
43016,10
43017,4
43018,6
43019,6
43020,4
43021,1
43022,6
43023,3
43024,11
43025,12
43026,8
43027,12
43028,13
43029,1
43030,13
43031,13
43032,11
43033,8
43034,7
43035,9
43036,3
43037,3
43038,2
43039,1
43040,10
43041,3
43042,11
43043,1
43044,7
43045,13
43046,6
43047,0
43048,13
43049,8
43050,6
43051,8
43052,7
43053,9
43054,0
43055,8
43056,3
43057,8
43058,11
43059,9
43060,4
43061,11
43062,8
43063,0
43064,3
43065,11
43066,7
43067,2
43068,1
43069,12
43070,8
43071,12
43072,2
43073,5
43074,4
43075,9
43076,1
43077,7
43078,13
43079,10
43080,0
43081,2
43082,3
43083,1
43084,8
43085,5
43086,12
43087,1
43088,0
43089,5
43090,13
43091,8
43092,6
43093,8
43094,10
43095,0
43096,9
43097,10
43098,10
43099,6
43100,12
43101,6
43102,1
43103,7
43104,1
43105,8
43106,7
43107,2
43108,4
43109,10
43110,6
43111,13
43112,7
43113,9
43114,2
43115,0
43116,9
43117,10
43118,12
43119,2
43120,0
43121,6
43122,7
43123,4
43124,3
43125,12
43126,11
43127,11
43128,7
43129,2
43130,7
43131,4
43132,1
43133,2
43134,2
43135,0
43136,3
43137,1
43138,8
43139,12
43140,8
43141,11
43142,4
43143,0
43144,0
43145,0
43146,11
43147,10
43148,8
43149,5
43150,9
43151,6
43152,11
43153,13
43154,12
43155,10
43156,11
43157,11
43158,0
43159,2
43160,8
43161,11
43162,5
43163,1
43164,13
43165,2
43166,3
43167,2
43168,2
43169,2
43170,4
43171,10
43172,4
43173,11
43174,4
43175,8
43176,11
43177,1
43178,2
43179,2
43180,0
43181,6
43182,11
43183,0
43184,0
43185,8
43186,1
43187,6
43188,1
43189,3
43190,7
43191,11
43192,11
43193,4
43194,9
43195,1
43196,8
43197,3
43198,6
43199,3
43200,4
43201,11
43202,12
43203,6
43204,6
43205,10
43206,2
43207,13
43208,8
43209,6
43210,10
43211,10
43212,2
43213,11
43214,12
43215,6
43216,11
43217,3
43218,5
43219,0
43220,12
43221,2
43222,2
43223,1
43224,4
43225,10
43226,7
43227,11
43228,2
43229,2
43230,13
43231,11
43232,7
43233,10
43234,8
43235,11
43236,1
43237,1
43238,0
43239,6
43240,3
43241,10
43242,9
43243,8
43244,9
43245,7
43246,6
43247,1
43248,0
43249,1
43250,8
43251,0
43252,1
43253,2
43254,9
43255,1
43256,11
43257,7
43258,0
43259,12
43260,0
43261,8
43262,10
43263,2
43264,2
43265,7
43266,0
43267,2
43268,1
43269,12
43270,11
43271,10
43272,6
43273,1
43274,6
43275,4
43276,0
43277,4
43278,11
43279,2
43280,12
43281,6
43282,8
43283,13
43284,9
43285,13
43286,7
43287,5
43288,1
43289,4
43290,2
43291,11
43292,9
43293,11
43294,11
43295,10
43296,7
43297,11
43298,11
43299,2
43300,0
43301,2
43302,8
43303,0
43304,1
43305,5
43306,8
43307,3
43308,4
43309,12
43310,9
43311,6
43312,2
43313,12
43314,8
43315,4
43316,9
43317,11
43318,3
43319,3
43320,1
43321,7
43322,3
43323,11
43324,0
43325,11
43326,11
43327,1
43328,2
43329,5
43330,6
43331,4
43332,6
43333,3
43334,0
43335,9
43336,11
43337,12
43338,4
43339,4
43340,10
43341,9
43342,6
43343,2
43344,6
43345,3
43346,9
43347,4
43348,0
43349,6
43350,12
43351,2
43352,2
43353,12
43354,1
43355,6
43356,3
43357,1
43358,8
43359,1
43360,1
43361,8
43362,4
43363,2
43364,13
43365,2
43366,11
43367,7
43368,7
43369,12
43370,13
43371,5
43372,12
43373,3
43374,6
43375,7
43376,4
43377,4
43378,0
43379,10
43380,12
43381,11
43382,0
43383,11
43384,1
43385,13
43386,6
43387,12
43388,6
43389,11
43390,0
43391,8
43392,4
43393,1
43394,13
43395,3
43396,0
43397,0
43398,1
43399,2
43400,1
43401,2
43402,1
43403,4
43404,8
43405,0
43406,11
43407,11
43408,1
43409,4
43410,3
43411,10
43412,7
43413,11
43414,4
43415,8
43416,5
43417,2
43418,11
43419,6
43420,7
43421,2
43422,13
43423,11
43424,8
43425,7
43426,6
43427,1
43428,12
43429,8
43430,8
43431,11
43432,11
43433,10
43434,11
43435,1
43436,4
43437,2
43438,7
43439,13
43440,6
43441,6
43442,12
43443,8
43444,13
43445,8
43446,8
43447,2
43448,10
43449,7
43450,13
43451,3
43452,0
43453,6
43454,6
43455,9
43456,8
43457,12
43458,2
43459,7
43460,10
43461,8
43462,4
43463,9
43464,1
43465,3
43466,0
43467,2
43468,7
43469,13
43470,11
43471,6
43472,11
43473,1
43474,5
43475,0
43476,1
43477,11
43478,10
43479,6
43480,7
43481,5
43482,3
43483,12
43484,2
43485,5
43486,2
43487,2
43488,1
43489,11
43490,0
43491,3
43492,5
43493,2
43494,3
43495,12
43496,11
43497,11
43498,3
43499,8
43500,7
43501,13
43502,3
43503,1
43504,1
43505,7
43506,1
43507,1
43508,6
43509,8
43510,2
43511,6
43512,1
43513,0
43514,9
43515,0
43516,0
43517,10
43518,1
43519,2
43520,2
43521,5
43522,11
43523,12
43524,10
43525,11
43526,12
43527,4
43528,8
43529,9
43530,10
43531,2
43532,11
43533,1
43534,3
43535,7
43536,1
43537,10
43538,2
43539,11
43540,13
43541,0
43542,0
43543,1
43544,11
43545,1
43546,7
43547,7
43548,5
43549,6
43550,6
43551,8
43552,11
43553,0
43554,13
43555,4
43556,10
43557,8
43558,1
43559,8
43560,13
43561,6
43562,9
43563,2
43564,4
43565,2
43566,11
43567,4
43568,1
43569,2
43570,0
43571,3
43572,2
43573,4
43574,12
43575,0
43576,4
43577,11
43578,1
43579,11
43580,11
43581,13
43582,10
43583,10
43584,11
43585,1
43586,0
43587,8
43588,6
43589,10
43590,7
43591,12
43592,0
43593,6
43594,7
43595,2
43596,2
43597,9
43598,8
43599,12
43600,9
43601,1
43602,7
43603,0
43604,2
43605,0
43606,0
43607,3
43608,2
43609,8
43610,10
43611,8
43612,4
43613,11
43614,3
43615,8
43616,7
43617,1
43618,7
43619,10
43620,5
43621,11
43622,0
43623,11
43624,3
43625,8
43626,7
43627,2
43628,10
43629,3
43630,0
43631,11
43632,11
43633,2
43634,7
43635,11
43636,0
43637,11
43638,10
43639,6
43640,7
43641,11
43642,4
43643,11
43644,0
43645,13
43646,10
43647,11
43648,6
43649,12
43650,3
43651,10
43652,6
43653,9
43654,2
43655,3
43656,4
43657,5
43658,0
43659,4
43660,12
43661,13
43662,7
43663,1
43664,6
43665,2
43666,11
43667,8
43668,5
43669,9
43670,9
43671,12
43672,1
43673,2
43674,4
43675,11
43676,3
43677,2
43678,12
43679,6
43680,4
43681,4
43682,12
43683,6
43684,12
43685,6
43686,6
43687,6
43688,1
43689,0
43690,6
43691,4
43692,0
43693,11
43694,1
43695,7
43696,3
43697,0
43698,1
43699,6
43700,3
43701,6
43702,11
43703,9
43704,13
43705,4
43706,9
43707,2
43708,0
43709,11
43710,10
43711,0
43712,1
43713,7
43714,8
43715,0
43716,2
43717,10
43718,2
43719,2
43720,4
43721,5
43722,6
43723,0
43724,8
43725,9
43726,2
43727,4
43728,7
43729,0
43730,8
43731,13
43732,1
43733,1
43734,7
43735,1
43736,11
43737,3
43738,10
43739,2
43740,4
43741,0
43742,2
43743,4
43744,4
43745,13
43746,4
43747,3
43748,4
43749,6
43750,0
43751,0
43752,1
43753,1
43754,7
43755,8
43756,0
43757,2
43758,0
43759,6
43760,7
43761,8
43762,1
43763,10
43764,7
43765,10
43766,7
43767,12
43768,6
43769,3
43770,8
43771,5
43772,11
43773,2
43774,4
43775,1
43776,10
43777,6
43778,6
43779,2
43780,8
43781,6
43782,1
43783,1
43784,5
43785,3
43786,2
43787,0
43788,10
43789,9
43790,0
43791,11
43792,1
43793,11
43794,6
43795,8
43796,8
43797,6
43798,0
43799,4
43800,11
43801,4
43802,13
43803,4
43804,6
43805,4
43806,10
43807,4
43808,1
43809,10
43810,9
43811,10
43812,6
43813,0
43814,9
43815,9
43816,10
43817,5
43818,1
43819,11
43820,4
43821,0
43822,6
43823,8
43824,0
43825,12
43826,8
43827,11
43828,10
43829,7
43830,10
43831,1
43832,0
43833,12
43834,11
43835,11
43836,6
43837,11
43838,8
43839,11
43840,0
43841,3
43842,7
43843,7
43844,11
43845,2
43846,11
43847,1
43848,8
43849,13
43850,2
43851,3
43852,2
43853,0
43854,1
43855,10
43856,0
43857,0
43858,11
43859,4
43860,2
43861,11
43862,9
43863,12
43864,1
43865,12
43866,10
43867,2
43868,9
43869,7
43870,2
43871,1
43872,2
43873,7
43874,0
43875,0
43876,3
43877,13
43878,6
43879,0
43880,7
43881,13
43882,11
43883,2
43884,9
43885,3
43886,0
43887,11
43888,8
43889,4
43890,13
43891,4
43892,11
43893,9
43894,7
43895,9
43896,12
43897,0
43898,6
43899,2
43900,8
43901,2
43902,6
43903,4
43904,0
43905,2
43906,8
43907,13
43908,6
43909,10
43910,1
43911,2
43912,11
43913,6
43914,4
43915,11
43916,2
43917,3
43918,11
43919,2
43920,2
43921,7
43922,12
43923,11
43924,12
43925,6
43926,7
43927,9
43928,8
43929,13
43930,6
43931,12
43932,8
43933,7
43934,5
43935,10
43936,2
43937,1
43938,3
43939,1
43940,9
43941,6
43942,0
43943,2
43944,1
43945,6
43946,1
43947,2
43948,4
43949,12
43950,1
43951,0
43952,7
43953,0
43954,2
43955,11
43956,11
43957,2
43958,12
43959,7
43960,1
43961,1
43962,8
43963,8
43964,11
43965,7
43966,2
43967,10
43968,2
43969,12
43970,7
43971,6
43972,5
43973,1
43974,9
43975,2
43976,11
43977,1
43978,13
43979,3
43980,6
43981,8
43982,1
43983,1
43984,10
43985,6
43986,4
43987,4
43988,7
43989,0
43990,11
43991,11
43992,10
43993,0
43994,2
43995,9
43996,0
43997,0
43998,2
43999,10
44000,11
44001,2
44002,10
44003,2
44004,12
44005,6
44006,6
44007,11
44008,9
44009,11
44010,12
44011,4
44012,9
44013,8
44014,11
44015,2
44016,9
44017,0
44018,6
44019,5
44020,13
44021,4
44022,8
44023,2
44024,12
44025,4
44026,9
44027,11
44028,6
44029,11
44030,2
44031,1
44032,4
44033,12
44034,2
44035,12
44036,6
44037,8
44038,3
44039,13
44040,2
44041,12
44042,12
44043,13
44044,0
44045,1
44046,6
44047,4
44048,12
44049,7
44050,8
44051,7
44052,1
44053,8
44054,8
44055,2
44056,7
44057,6
44058,4
44059,4
44060,4
44061,11
44062,10
44063,13
44064,12
44065,9
44066,11
44067,3
44068,11
44069,11
44070,10
44071,0
44072,6
44073,13
44074,12
44075,7
44076,3
44077,0
44078,12
44079,4
44080,13
44081,7
44082,8
44083,10
44084,4
44085,11
44086,0
44087,12
44088,1
44089,11
44090,11
44091,0
44092,6
44093,10
44094,11
44095,12
44096,6
44097,1
44098,12
44099,9
44100,6
44101,13
44102,9
44103,2
44104,6
44105,8
44106,7
44107,2
44108,1
44109,11
44110,12
44111,8
44112,11
44113,2
44114,9
44115,7
44116,1
44117,8
44118,7
44119,7
44120,13
44121,9
44122,12
44123,4
44124,7
44125,12
44126,13
44127,11
44128,2
44129,4
44130,11
44131,7
44132,2
44133,8
44134,7
44135,4
44136,3
44137,4
44138,11
44139,8
44140,7
44141,6
44142,11
44143,3
44144,2
44145,11
44146,2
44147,2
44148,11
44149,5
44150,1
44151,1
44152,2
44153,0
44154,11
44155,2
44156,4
44157,2
44158,0
44159,6
44160,3
44161,11
44162,0
44163,11
44164,2
44165,6
44166,7
44167,12
44168,4
44169,1
44170,1
44171,4
44172,1
44173,6
44174,7
44175,9
44176,0
44177,1
44178,11
44179,10
44180,9
44181,11
44182,8
44183,4
44184,0
44185,1
44186,3
44187,12
44188,2
44189,11
44190,4
44191,0
44192,9
44193,12
44194,1
44195,11
44196,7
44197,7
44198,13
44199,0
44200,11
44201,4
44202,8
44203,1
44204,7
44205,7
44206,3
44207,6
44208,6
44209,9
44210,13
44211,2
44212,1
44213,3
44214,11
44215,2
44216,4
44217,1
44218,0
44219,1
44220,11
44221,11
44222,6
44223,9
44224,10
44225,11
44226,4
44227,1
44228,0
44229,12
44230,1
44231,11
44232,11
44233,3
44234,12
44235,11
44236,6
44237,12
44238,9
44239,13
44240,2
44241,1
44242,10
44243,8
44244,8
44245,11
44246,0
44247,2
44248,7
44249,3
44250,11
44251,6
44252,9
44253,4
44254,10
44255,11
44256,6
44257,11
44258,1
44259,11
44260,3
44261,1
44262,6
44263,3
44264,10
44265,13
44266,0
44267,8
44268,13
44269,2
44270,9
44271,6
44272,3
44273,10
44274,9
44275,8
44276,3
44277,4
44278,11
44279,12
44280,2
44281,6
44282,8
44283,8
44284,3
44285,2
44286,11
44287,9
44288,11
44289,6
44290,3
44291,2
44292,6
44293,3
44294,2
44295,11
44296,1
44297,11
44298,1
44299,13
44300,7
44301,1
44302,0
44303,0
44304,1
44305,3
44306,12
44307,4
44308,10
44309,9
44310,0
44311,11
44312,6
44313,3
44314,2
44315,8
44316,11
44317,13
44318,0
44319,12
44320,11
44321,3
44322,11
44323,2
44324,9
44325,3
44326,3
44327,3
44328,0
44329,10
44330,7
44331,8
44332,2
44333,6
44334,1
44335,7
44336,2
44337,8
44338,2
44339,11
44340,11
44341,0
44342,11
44343,3
44344,11
44345,11
44346,1
44347,11
44348,0
44349,3
44350,12
44351,9
44352,11
44353,7
44354,10
44355,4
44356,0
44357,4
44358,4
44359,4
44360,0
44361,9
44362,9
44363,1
44364,1
44365,1
44366,13
44367,12
44368,4
44369,9
44370,12
44371,2
44372,10
44373,3
44374,0
44375,10
44376,4
44377,0
44378,2
44379,11
44380,1
44381,4
44382,1
44383,8
44384,10
44385,8
44386,8
44387,1
44388,5
44389,2
44390,13
44391,11
44392,10
44393,8
44394,8
44395,11
44396,12
44397,0
44398,6
44399,8
44400,11
44401,7
44402,1
44403,0
44404,9
44405,1
44406,7
44407,6
44408,11
44409,8
44410,2
44411,13
44412,8
44413,0
44414,0
44415,1
44416,8
44417,3
44418,7
44419,1
44420,10
44421,1
44422,7
44423,6
44424,7
44425,7
44426,11
44427,9
44428,8
44429,9
44430,11
44431,12
44432,2
44433,8
44434,12
44435,10
44436,2
44437,12
44438,9
44439,12
44440,13
44441,9
44442,11
44443,2
44444,9
44445,8
44446,5
44447,6
44448,11
44449,1
44450,8
44451,1
44452,11
44453,2
44454,6
44455,6
44456,11
44457,8
44458,0
44459,11
44460,8
44461,10
44462,7
44463,2
44464,10
44465,4
44466,4
44467,2
44468,8
44469,9
44470,6
44471,12
44472,2
44473,9
44474,10
44475,10
44476,9
44477,1
44478,3
44479,3
44480,4
44481,5
44482,1
44483,4
44484,7
44485,13
44486,8
44487,10
44488,12
44489,10
44490,13
44491,2
44492,10
44493,8
44494,6
44495,11
44496,10
44497,0
44498,9
44499,12
44500,2
44501,3
44502,8
44503,9
44504,4
44505,12
44506,4
44507,6
44508,6
44509,4
44510,6
44511,0
44512,13
44513,3
44514,8
44515,8
44516,10
44517,11
44518,3
44519,0
44520,13
44521,1
44522,11
44523,2
44524,2
44525,7
44526,10
44527,7
44528,1
44529,13
44530,2
44531,11
44532,13
44533,3
44534,10
44535,7
44536,3
44537,5
44538,13
44539,0
44540,10
44541,1
44542,12
44543,4
44544,6
44545,2
44546,8
44547,2
44548,3
44549,13
44550,2
44551,1
44552,1
44553,7
44554,2
44555,1
44556,8
44557,12
44558,2
44559,2
44560,1
44561,7
44562,4
44563,11
44564,6
44565,11
44566,0
44567,2
44568,7
44569,0
44570,0
44571,11
44572,8
44573,8
44574,12
44575,11
44576,2
44577,7
44578,2
44579,1
44580,6
44581,6
44582,0
44583,11
44584,0
44585,10
44586,11
44587,5
44588,12
44589,2
44590,2
44591,11
44592,1
44593,11
44594,12
44595,2
44596,11
44597,3
44598,7
44599,0
44600,2
44601,6
44602,8
44603,11
44604,10
44605,6
44606,12
44607,13
44608,11
44609,13
44610,6
44611,2
44612,11
44613,2
44614,5
44615,6
44616,7
44617,6
44618,10
44619,11
44620,9
44621,2
44622,2
44623,10
44624,1
44625,4
44626,13
44627,7
44628,8
44629,10
44630,1
44631,2
44632,9
44633,5
44634,9
44635,11
44636,11
44637,5
44638,2
44639,6
44640,0
44641,4
44642,11
44643,2
44644,8
44645,8
44646,2
44647,1
44648,11
44649,7
44650,11
44651,7
44652,0
44653,8
44654,11
44655,3
44656,13
44657,10
44658,0
44659,3
44660,13
44661,10
44662,8
44663,9
44664,7
44665,0
44666,10
44667,11
44668,2
44669,11
44670,12
44671,6
44672,11
44673,0
44674,1
44675,11
44676,2
44677,6
44678,9
44679,1
44680,2
44681,13
44682,13
44683,8
44684,12
44685,0
44686,2
44687,1
44688,10
44689,9
44690,11
44691,3
44692,11
44693,3
44694,7
44695,0
44696,7
44697,11
44698,0
44699,8
44700,11
44701,1
44702,2
44703,11
44704,0
44705,9
44706,2
44707,11
44708,10
44709,10
44710,4
44711,9
44712,2
44713,4
44714,5
44715,10
44716,1
44717,1
44718,11
44719,8
44720,0
44721,6
44722,1
44723,6
44724,7
44725,4
44726,2
44727,8
44728,2
44729,4
44730,13
44731,10
44732,4
44733,13
44734,12
44735,2
44736,1
44737,6
44738,8
44739,3
44740,11
44741,8
44742,10
44743,11
44744,11
44745,11
44746,1
44747,8
44748,1
44749,8
44750,0
44751,6
44752,7
44753,7
44754,11
44755,4
44756,11
44757,10
44758,7
44759,6
44760,9
44761,7
44762,7
44763,11
44764,1
44765,1
44766,8
44767,3
44768,7
44769,8
44770,11
44771,11
44772,6
44773,10
44774,7
44775,12
44776,1
44777,1
44778,6
44779,8
44780,11
44781,4
44782,4
44783,4
44784,11
44785,4
44786,0
44787,10
44788,2
44789,13
44790,11
44791,6
44792,13
44793,0
44794,13
44795,11
44796,6
44797,0
44798,4
44799,8
44800,11
44801,1
44802,8
44803,6
44804,11
44805,6
44806,1
44807,7
44808,3
44809,10
44810,12
44811,2
44812,11
44813,2
44814,10
44815,12
44816,8
44817,0
44818,4
44819,1
44820,11
44821,13
44822,10
44823,6
44824,2
44825,9
44826,9
44827,0
44828,11
44829,8
44830,11
44831,8
44832,0
44833,6
44834,2
44835,0
44836,1
44837,7
44838,2
44839,8
44840,1
44841,0
44842,0
44843,5
44844,11
44845,12
44846,2
44847,10
44848,12
44849,7
44850,11
44851,11
44852,10
44853,11
44854,11
44855,0
44856,12
44857,3
44858,0
44859,7
44860,1
44861,12
44862,0
44863,10
44864,1
44865,0
44866,11
44867,12
44868,3
44869,8
44870,7
44871,3
44872,0
44873,11
44874,8
44875,4
44876,11
44877,4
44878,1
44879,12
44880,3
44881,7
44882,11
44883,7
44884,1
44885,3
44886,11
44887,10
44888,11
44889,7
44890,6
44891,8
44892,12
44893,2
44894,4
44895,12
44896,11
44897,2
44898,2
44899,2
44900,0
44901,10
44902,0
44903,11
44904,10
44905,11
44906,3
44907,10
44908,6
44909,10
44910,9
44911,11
44912,2
44913,0
44914,4
44915,12
44916,11
44917,6
44918,6
44919,2
44920,11
44921,3
44922,9
44923,7
44924,10
44925,0
44926,4
44927,13
44928,9
44929,2
44930,11
44931,2
44932,6
44933,8
44934,7
44935,8
44936,4
44937,4
44938,11
44939,3
44940,0
44941,10
44942,4
44943,10
44944,11
44945,12
44946,10
44947,13
44948,10
44949,4
44950,8
44951,6
44952,11
44953,12
44954,0
44955,5
44956,5
44957,1
44958,1
44959,11
44960,1
44961,11
44962,3
44963,1
44964,12
44965,8
44966,7
44967,11
44968,2
44969,11
44970,10
44971,0
44972,2
44973,4
44974,1
44975,0
44976,2
44977,7
44978,0
44979,9
44980,9
44981,0
44982,1
44983,7
44984,13
44985,4
44986,2
44987,2
44988,7
44989,2
44990,2
44991,2
44992,9
44993,1
44994,5
44995,6
44996,4
44997,11
44998,12
44999,7
45000,4
45001,11
45002,7
45003,2
45004,0
45005,0
45006,8
45007,10
45008,2
45009,6
45010,1
45011,8
45012,8
45013,3
45014,12
45015,1
45016,11
45017,1
45018,1
45019,11
45020,11
45021,7
45022,2
45023,1
45024,12
45025,0
45026,10
45027,3
45028,1
45029,1
45030,9
45031,0
45032,7
45033,2
45034,12
45035,1
45036,0
45037,4
45038,9
45039,6
45040,4
45041,7
45042,6
45043,13
45044,10
45045,2
45046,1
45047,10
45048,8
45049,4
45050,2
45051,1
45052,3
45053,8
45054,12
45055,9
45056,4
45057,12
45058,13
45059,1
45060,8
45061,4
45062,2
45063,2
45064,11
45065,8
45066,3
45067,2
45068,1
45069,2
45070,0
45071,6
45072,0
45073,2
45074,9
45075,8
45076,3
45077,9
45078,10
45079,7
45080,3
45081,11
45082,11
45083,3
45084,7
45085,7
45086,1
45087,10
45088,0
45089,9
45090,2
45091,2
45092,9
45093,12
45094,0
45095,8
45096,9
45097,12
45098,0
45099,2
45100,8
45101,0
45102,1
45103,6
45104,0
45105,0
45106,9
45107,2
45108,11
45109,3
45110,1
45111,7
45112,6
45113,0
45114,3
45115,1
45116,10
45117,10
45118,2
45119,6
45120,11
45121,2
45122,0
45123,10
45124,8
45125,13
45126,12
45127,10
45128,11
45129,7
45130,8
45131,8
45132,4
45133,4
45134,0
45135,7
45136,12
45137,13
45138,1
45139,6
45140,11
45141,3
45142,3
45143,3
45144,5
45145,2
45146,7
45147,12
45148,6
45149,1
45150,4
45151,2
45152,12
45153,13
45154,2
45155,4
45156,1
45157,7
45158,7
45159,11
45160,9
45161,13
45162,6
45163,3
45164,9
45165,11
45166,3
45167,1
45168,2
45169,2
45170,4
45171,0
45172,0
45173,1
45174,2
45175,8
45176,10
45177,6
45178,10
45179,4
45180,8
45181,12
45182,4
45183,9
45184,12
45185,4
45186,9
45187,11
45188,4
45189,12
45190,1
45191,1
45192,3
45193,8
45194,2
45195,7
45196,0
45197,8
45198,13
45199,9
45200,1
45201,3
45202,10
45203,2
45204,0
45205,8
45206,10
45207,10
45208,1
45209,11
45210,7
45211,6
45212,11
45213,7
45214,8
45215,0
45216,7
45217,11
45218,13
45219,13
45220,11
45221,2
45222,10
45223,8
45224,4
45225,11
45226,1
45227,6
45228,9
45229,11
45230,2
45231,2
45232,2
45233,1
45234,0
45235,10
45236,8
45237,8
45238,7
45239,1
45240,4
45241,0
45242,3
45243,1
45244,9
45245,1
45246,10
45247,11
45248,0
45249,7
45250,6
45251,2
45252,12
45253,11
45254,3
45255,11
45256,1
45257,13
45258,4
45259,2
45260,7
45261,0
45262,11
45263,10
45264,11
45265,10
45266,4
45267,7
45268,13
45269,8
45270,1
45271,1
45272,9
45273,3
45274,1
45275,0
45276,12
45277,4
45278,10
45279,2
45280,9
45281,4
45282,11
45283,1
45284,10
45285,11
45286,0
45287,8
45288,2
45289,3
45290,4
45291,3
45292,3
45293,7
45294,3
45295,0
45296,1
45297,7
45298,2
45299,5
45300,1
45301,0
45302,0
45303,8
45304,1
45305,13
45306,6
45307,1
45308,8
45309,8
45310,7
45311,7
45312,11
45313,1
45314,7
45315,4
45316,1
45317,6
45318,4
45319,10
45320,1
45321,6
45322,8
45323,0
45324,8
45325,0
45326,10
45327,11
45328,11
45329,3
45330,8
45331,10
45332,3
45333,4
45334,1
45335,12
45336,4
45337,1
45338,12
45339,0
45340,10
45341,3
45342,0
45343,6
45344,2
45345,4
45346,1
45347,2
45348,0
45349,12
45350,12
45351,7
45352,2
45353,8
45354,1
45355,11
45356,0
45357,1
45358,7
45359,4
45360,7
45361,6
45362,13
45363,13
45364,9
45365,12
45366,8
45367,6
45368,3
45369,6
45370,8
45371,1
45372,0
45373,8
45374,1
45375,11
45376,11
45377,7
45378,10
45379,8
45380,7
45381,8
45382,2
45383,0
45384,8
45385,0
45386,2
45387,11
45388,4
45389,7
45390,10
45391,1
45392,10
45393,9
45394,8
45395,0
45396,11
45397,10
45398,5
45399,0
45400,11
45401,1
45402,1
45403,11
45404,12
45405,6
45406,11
45407,1
45408,1
45409,2
45410,9
45411,6
45412,13
45413,1
45414,8
45415,6
45416,8
45417,2
45418,13
45419,2
45420,10
45421,10
45422,2
45423,2
45424,4
45425,7
45426,8
45427,11
45428,10
45429,9
45430,2
45431,8
45432,0
45433,10
45434,13
45435,6
45436,12
45437,4
45438,10
45439,13
45440,2
45441,4
45442,2
45443,1
45444,7
45445,4
45446,4
45447,11
45448,8
45449,0
45450,13
45451,11
45452,12
45453,0
45454,10
45455,4
45456,4
45457,0
45458,3
45459,4
45460,11
45461,6
45462,1
45463,2
45464,11
45465,1
45466,1
45467,7
45468,9
45469,4
45470,7
45471,10
45472,11
45473,3
45474,6
45475,7
45476,6
45477,8
45478,5
45479,8
45480,10
45481,5
45482,4
45483,8
45484,1
45485,11
45486,9
45487,11
45488,6
45489,11
45490,4
45491,11
45492,6
45493,6
45494,2
45495,2
45496,1
45497,6
45498,12
45499,12
45500,6
45501,1
45502,2
45503,11
45504,6
45505,9
45506,4
45507,10
45508,11
45509,7
45510,1
45511,10
45512,12
45513,9
45514,11
45515,2
45516,0
45517,10
45518,1
45519,13
45520,9
45521,1
45522,8
45523,2
45524,11
45525,2
45526,3
45527,13
45528,0
45529,11
45530,1
45531,4
45532,10
45533,10
45534,12
45535,11
45536,8
45537,11
45538,12
45539,11
45540,2
45541,8
45542,12
45543,3
45544,6
45545,11
45546,8
45547,6
45548,2
45549,10
45550,3
45551,11
45552,6
45553,11
45554,11
45555,11
45556,6
45557,12
45558,4
45559,2
45560,13
45561,10
45562,0
45563,10
45564,5
45565,2
45566,0
45567,11
45568,12
45569,1
45570,13
45571,11
45572,0
45573,6
45574,2
45575,0
45576,0
45577,6
45578,6
45579,11
45580,6
45581,2
45582,5
45583,2
45584,13
45585,12
45586,7
45587,0
45588,11
45589,0
45590,1
45591,10
45592,10
45593,11
45594,9
45595,5
45596,0
45597,7
45598,12
45599,8
45600,1
45601,2
45602,10
45603,7
45604,2
45605,12
45606,4
45607,9
45608,0
45609,8
45610,10
45611,10
45612,6
45613,9
45614,12
45615,9
45616,4
45617,2
45618,8
45619,0
45620,11
45621,9
45622,13
45623,1
45624,11
45625,6
45626,10
45627,10
45628,7
45629,6
45630,1
45631,10
45632,12
45633,2
45634,6
45635,3
45636,0
45637,12
45638,2
45639,8
45640,0
45641,11
45642,3
45643,0
45644,11
45645,0
45646,7
45647,2
45648,8
45649,8
45650,6
45651,8
45652,11
45653,6
45654,0
45655,12
45656,2
45657,13
45658,1
45659,4
45660,0
45661,0
45662,2
45663,12
45664,11
45665,3
45666,10
45667,11
45668,0
45669,10
45670,1
45671,11
45672,1
45673,4
45674,2
45675,10
45676,9
45677,10
45678,11
45679,7
45680,0
45681,8
45682,10
45683,8
45684,8
45685,8
45686,11
45687,0
45688,6
45689,3
45690,7
45691,7
45692,6
45693,3
45694,7
45695,3
45696,0
45697,8
45698,2
45699,11
45700,1
45701,6
45702,11
45703,12
45704,9
45705,6
45706,10
45707,4
45708,3
45709,2
45710,2
45711,0
45712,11
45713,13
45714,13
45715,13
45716,7
45717,10
45718,11
45719,6
45720,11
45721,4
45722,10
45723,1
45724,6
45725,5
45726,0
45727,12
45728,1
45729,6
45730,6
45731,9
45732,3
45733,8
45734,1
45735,9
45736,10
45737,0
45738,1
45739,2
45740,7
45741,7
45742,9
45743,0
45744,1
45745,2
45746,0
45747,0
45748,6
45749,1
45750,8
45751,8
45752,7
45753,11
45754,1
45755,1
45756,11
45757,10
45758,11
45759,4
45760,11
45761,6
45762,7
45763,0
45764,0
45765,7
45766,2
45767,9
45768,10
45769,10
45770,7
45771,3
45772,1
45773,10
45774,3
45775,12
45776,12
45777,0
45778,2
45779,0
45780,2
45781,7
45782,12
45783,0
45784,11
45785,9
45786,1
45787,6
45788,2
45789,11
45790,11
45791,1
45792,12
45793,3
45794,11
45795,7
45796,6
45797,8
45798,0
45799,1
45800,11
45801,8
45802,1
45803,2
45804,1
45805,3
45806,9
45807,11
45808,2
45809,1
45810,3
45811,7
45812,3
45813,2
45814,12
45815,12
45816,1
45817,2
45818,3
45819,10
45820,4
45821,6
45822,0
45823,13
45824,3
45825,13
45826,7
45827,0
45828,6
45829,2
45830,10
45831,0
45832,3
45833,13
45834,11
45835,6
45836,13
45837,10
45838,11
45839,10
45840,7
45841,11
45842,2
45843,5
45844,10
45845,4
45846,10
45847,7
45848,7
45849,0
45850,12
45851,9
45852,12
45853,9
45854,12
45855,4
45856,8
45857,1
45858,1
45859,4
45860,7
45861,12
45862,1
45863,9
45864,2
45865,2
45866,2
45867,1
45868,3
45869,6
45870,3
45871,2
45872,11
45873,10
45874,11
45875,2
45876,7
45877,0
45878,13
45879,8
45880,9
45881,3
45882,6
45883,1
45884,11
45885,11
45886,13
45887,4
45888,11
45889,6
45890,11
45891,9
45892,4
45893,11
45894,10
45895,11
45896,6
45897,9
45898,8
45899,1
45900,1
45901,5
45902,11
45903,2
45904,1
45905,0
45906,4
45907,5
45908,13
45909,2
45910,12
45911,9
45912,12
45913,2
45914,12
45915,10
45916,2
45917,13
45918,0
45919,1
45920,6
45921,2
45922,11
45923,9
45924,12
45925,1
45926,8
45927,0
45928,5
45929,12
45930,12
45931,0
45932,10
45933,4
45934,2
45935,0
45936,1
45937,11
45938,11
45939,2
45940,11
45941,10
45942,2
45943,3
45944,2
45945,12
45946,13
45947,12
45948,0
45949,8
45950,11
45951,0
45952,8
45953,6
45954,4
45955,1
45956,11
45957,1
45958,9
45959,9
45960,11
45961,6
45962,4
45963,13
45964,13
45965,1
45966,0
45967,11
45968,1
45969,7
45970,1
45971,1
45972,1
45973,3
45974,0
45975,10
45976,4
45977,3
45978,10
45979,6
45980,0
45981,7
45982,7
45983,6
45984,4
45985,12
45986,0
45987,6
45988,2
45989,2
45990,6
45991,6
45992,13
45993,3
45994,13
45995,11
45996,5
45997,10
45998,10
45999,2
46000,11
46001,10
46002,11
46003,11
46004,3
46005,6
46006,6
46007,7
46008,0
46009,9
46010,12
46011,11
46012,10
46013,10
46014,7
46015,10
46016,13
46017,11
46018,7
46019,8
46020,11
46021,4
46022,2
46023,0
46024,3
46025,12
46026,3
46027,0
46028,1
46029,2
46030,9
46031,6
46032,2
46033,13
46034,5
46035,9
46036,13
46037,0
46038,4
46039,13
46040,6
46041,2
46042,6
46043,10
46044,1
46045,11
46046,10
46047,8
46048,8
46049,1
46050,6
46051,9
46052,6
46053,3
46054,11
46055,12
46056,5
46057,8
46058,7
46059,9
46060,8
46061,7
46062,10
46063,13
46064,1
46065,10
46066,11
46067,1
46068,0
46069,4
46070,12
46071,7
46072,11
46073,10
46074,8
46075,11
46076,13
46077,10
46078,4
46079,8
46080,11
46081,8
46082,3
46083,13
46084,13
46085,11
46086,8
46087,2
46088,11
46089,10
46090,0
46091,8
46092,1
46093,3
46094,13
46095,11
46096,11
46097,1
46098,6
46099,0
46100,7
46101,3
46102,13
46103,13
46104,13
46105,12
46106,10
46107,3
46108,10
46109,2
46110,11
46111,12
46112,2
46113,7
46114,7
46115,12
46116,7
46117,3
46118,0
46119,2
46120,7
46121,11
46122,11
46123,0
46124,13
46125,8
46126,12
46127,8
46128,12
46129,11
46130,7
46131,8
46132,1
46133,3
46134,12
46135,2
46136,11
46137,9
46138,1
46139,10
46140,7
46141,11
46142,6
46143,0
46144,3
46145,13
46146,9
46147,2
46148,0
46149,1
46150,11
46151,12
46152,11
46153,6
46154,5
46155,6
46156,3
46157,11
46158,0
46159,11
46160,3
46161,6
46162,12
46163,12
46164,8
46165,6
46166,1
46167,11
46168,8
46169,13
46170,2
46171,0
46172,4
46173,8
46174,0
46175,3
46176,13
46177,8
46178,6
46179,1
46180,8
46181,1
46182,1
46183,1
46184,2
46185,0
46186,4
46187,4
46188,0
46189,12
46190,4
46191,6
46192,9
46193,11
46194,1
46195,8
46196,1
46197,1
46198,8
46199,11
46200,5
46201,4
46202,10
46203,1
46204,1
46205,7
46206,1
46207,7
46208,8
46209,13
46210,11
46211,10
46212,1
46213,2
46214,6
46215,1
46216,6
46217,3
46218,6
46219,11
46220,0
46221,11
46222,11
46223,13
46224,11
46225,0
46226,6
46227,0
46228,3
46229,10
46230,13
46231,10
46232,2
46233,6
46234,10
46235,6
46236,13
46237,10
46238,12
46239,7
46240,13
46241,9
46242,9
46243,0
46244,10
46245,6
46246,8
46247,6
46248,0
46249,9
46250,13
46251,2
46252,1
46253,12
46254,0
46255,11
46256,11
46257,8
46258,1
46259,6
46260,9
46261,4
46262,9
46263,6
46264,2
46265,8
46266,1
46267,11
46268,7
46269,6
46270,3
46271,6
46272,5
46273,3
46274,7
46275,10
46276,10
46277,1
46278,13
46279,12
46280,12
46281,8
46282,1
46283,0
46284,1
46285,3
46286,11
46287,9
46288,0
46289,13
46290,11
46291,1
46292,4
46293,12
46294,9
46295,11
46296,11
46297,11
46298,9
46299,1
46300,1
46301,0
46302,9
46303,13
46304,10
46305,4
46306,0
46307,1
46308,8
46309,3
46310,0
46311,12
46312,11
46313,10
46314,9
46315,9
46316,4
46317,0
46318,5
46319,0
46320,3
46321,8
46322,3
46323,13
46324,10
46325,3
46326,8
46327,4
46328,2
46329,0
46330,8
46331,11
46332,8
46333,10
46334,11
46335,10
46336,7
46337,1
46338,12
46339,7
46340,2
46341,9
46342,7
46343,12
46344,2
46345,6
46346,3
46347,13
46348,11
46349,1
46350,10
46351,0
46352,4
46353,2
46354,0
46355,2
46356,3
46357,6
46358,5
46359,2
46360,11
46361,11
46362,12
46363,8
46364,2
46365,6
46366,12
46367,7
46368,2
46369,10
46370,6
46371,6
46372,10
46373,13
46374,10
46375,7
46376,2
46377,1
46378,10
46379,3
46380,10
46381,1
46382,6
46383,0
46384,13
46385,9
46386,6
46387,11
46388,0
46389,0
46390,11
46391,13
46392,10
46393,12
46394,2
46395,6
46396,1
46397,9
46398,1
46399,2
46400,0
46401,0
46402,0
46403,9
46404,8
46405,4
46406,5
46407,12
46408,12
46409,9
46410,11
46411,12
46412,2
46413,13
46414,11
46415,1
46416,9
46417,7
46418,8
46419,0
46420,13
46421,1
46422,13
46423,9
46424,0
46425,10
46426,4
46427,8
46428,0
46429,3
46430,11
46431,0
46432,9
46433,0
46434,10
46435,11
46436,0
46437,13
46438,7
46439,4
46440,11
46441,0
46442,8
46443,1
46444,3
46445,8
46446,7
46447,1
46448,6
46449,7
46450,10
46451,13
46452,13
46453,2
46454,4
46455,2
46456,13
46457,2
46458,9
46459,12
46460,12
46461,0
46462,10
46463,4
46464,11
46465,10
46466,12
46467,2
46468,1
46469,11
46470,4
46471,2
46472,2
46473,4
46474,10
46475,6
46476,0
46477,0
46478,7
46479,2
46480,4
46481,1
46482,7
46483,3
46484,11
46485,1
46486,13
46487,0
46488,4
46489,0
46490,8
46491,2
46492,2
46493,1
46494,0
46495,11
46496,13
46497,0
46498,1
46499,11
46500,9
46501,10
46502,7
46503,4
46504,2
46505,3
46506,1
46507,2
46508,12
46509,5
46510,7
46511,13
46512,8
46513,2
46514,8
46515,7
46516,6
46517,3
46518,11
46519,12
46520,1
46521,0
46522,12
46523,1
46524,7
46525,6
46526,10
46527,10
46528,8
46529,0
46530,6
46531,10
46532,6
46533,2
46534,4
46535,12
46536,0
46537,2
46538,2
46539,9
46540,2
46541,10
46542,6
46543,2
46544,10
46545,8
46546,1
46547,0
46548,4
46549,12
46550,8
46551,0
46552,6
46553,11
46554,11
46555,10
46556,11
46557,6
46558,11
46559,2
46560,12
46561,9
46562,7
46563,6
46564,7
46565,10
46566,8
46567,2
46568,11
46569,12
46570,7
46571,9
46572,11
46573,8
46574,4
46575,1
46576,2
46577,0
46578,2
46579,10
46580,11
46581,5
46582,10
46583,3
46584,1
46585,9
46586,4
46587,13
46588,6
46589,2
46590,3
46591,3
46592,8
46593,13
46594,13
46595,12
46596,11
46597,6
46598,8
46599,2
46600,12
46601,2
46602,2
46603,3
46604,6
46605,0
46606,9
46607,11
46608,12
46609,3
46610,7
46611,11
46612,4
46613,10
46614,4
46615,8
46616,11
46617,10
46618,6
46619,4
46620,9
46621,10
46622,4
46623,4
46624,3
46625,0
46626,1
46627,4
46628,3
46629,3
46630,11
46631,3
46632,8
46633,3
46634,9
46635,6
46636,11
46637,3
46638,10
46639,11
46640,6
46641,9
46642,12
46643,10
46644,1
46645,2
46646,13
46647,4
46648,3
46649,13
46650,0
46651,1
46652,5
46653,2
46654,2
46655,3
46656,9
46657,11
46658,2
46659,4
46660,1
46661,6
46662,11
46663,0
46664,10
46665,8
46666,7
46667,10
46668,1
46669,0
46670,4
46671,9
46672,5
46673,11
46674,13
46675,0
46676,3
46677,2
46678,10
46679,1
46680,6
46681,2
46682,10
46683,0
46684,2
46685,10
46686,2
46687,6
46688,8
46689,10
46690,0
46691,4
46692,10
46693,13
46694,6
46695,2
46696,5
46697,2
46698,1
46699,7
46700,0
46701,8
46702,8
46703,6
46704,11
46705,0
46706,11
46707,2
46708,10
46709,0
46710,13
46711,6
46712,9
46713,11
46714,6
46715,2
46716,10
46717,9
46718,1
46719,1
46720,1
46721,10
46722,6
46723,7
46724,3
46725,3
46726,10
46727,10
46728,7
46729,1
46730,3
46731,4
46732,4
46733,6
46734,11
46735,13
46736,0
46737,6
46738,6
46739,2
46740,11
46741,10
46742,7
46743,8
46744,5
46745,7
46746,0
46747,12
46748,2
46749,7
46750,3
46751,11
46752,0
46753,4
46754,11
46755,11
46756,2
46757,11
46758,10
46759,8
46760,3
46761,13
46762,11
46763,13
46764,12
46765,2
46766,7
46767,2
46768,2
46769,1
46770,2
46771,13
46772,11
46773,2
46774,4
46775,1
46776,11
46777,13
46778,3
46779,7
46780,11
46781,1
46782,6
46783,9
46784,5
46785,1
46786,6
46787,1
46788,7
46789,2
46790,2
46791,3
46792,4
46793,2
46794,7
46795,7
46796,1
46797,12
46798,2
46799,1
46800,2
46801,0
46802,4
46803,7
46804,4
46805,1
46806,11
46807,12
46808,1
46809,11
46810,9
46811,4
46812,9
46813,2
46814,0
46815,11
46816,10
46817,13
46818,1
46819,3
46820,12
46821,2
46822,6
46823,11
46824,11
46825,7
46826,13
46827,13
46828,9
46829,11
46830,0
46831,4
46832,0
46833,10
46834,0
46835,13
46836,6
46837,8
46838,11
46839,1
46840,1
46841,3
46842,1
46843,2
46844,1
46845,3
46846,4
46847,13
46848,0
46849,3
46850,13
46851,6
46852,0
46853,9
46854,11
46855,2
46856,3
46857,10
46858,12
46859,13
46860,0
46861,10
46862,12
46863,6
46864,10
46865,11
46866,11
46867,9
46868,12
46869,7
46870,8
46871,10
46872,13
46873,11
46874,11
46875,0
46876,1
46877,9
46878,0
46879,1
46880,0
46881,1
46882,7
46883,10
46884,9
46885,9
46886,11
46887,6
46888,4
46889,13
46890,1
46891,5
46892,10
46893,6
46894,6
46895,3
46896,8
46897,4
46898,1
46899,10
46900,0
46901,13
46902,0
46903,3
46904,1
46905,0
46906,13
46907,12
46908,11
46909,13
46910,4
46911,4
46912,4
46913,8
46914,9
46915,1
46916,8
46917,0
46918,9
46919,10
46920,9
46921,1
46922,3
46923,7
46924,13
46925,8
46926,6
46927,3
46928,4
46929,0
46930,8
46931,0
46932,9
46933,4
46934,4
46935,5
46936,10
46937,1
46938,11
46939,3
46940,13
46941,12
46942,11
46943,11
46944,6
46945,7
46946,4
46947,0
46948,6
46949,1
46950,9
46951,11
46952,12
46953,8
46954,9
46955,8
46956,8
46957,1
46958,1
46959,13
46960,8
46961,10
46962,0
46963,3
46964,1
46965,1
46966,2
46967,0
46968,10
46969,8
46970,1
46971,1
46972,11
46973,8
46974,1
46975,5
46976,3
46977,11
46978,5
46979,6
46980,8
46981,2
46982,7
46983,5
46984,6
46985,4
46986,12
46987,12
46988,2
46989,7
46990,11
46991,8
46992,9
46993,6
46994,3
46995,12
46996,2
46997,1
46998,10
46999,11
47000,3
47001,13
47002,7
47003,12
47004,4
47005,1
47006,0
47007,8
47008,10
47009,0
47010,4
47011,3
47012,13
47013,2
47014,11
47015,2
47016,8
47017,1
47018,4
47019,0
47020,11
47021,9
47022,3
47023,10
47024,9
47025,2
47026,11
47027,7
47028,1
47029,11
47030,11
47031,13
47032,7
47033,10
47034,3
47035,7
47036,2
47037,2
47038,5
47039,2
47040,11
47041,1
47042,1
47043,1
47044,11
47045,1
47046,3
47047,7
47048,11
47049,11
47050,2
47051,4
47052,4
47053,12
47054,11
47055,13
47056,11
47057,0
47058,3
47059,7
47060,13
47061,9
47062,10
47063,3
47064,11
47065,0
47066,1
47067,10
47068,0
47069,11
47070,2
47071,13
47072,1
47073,0
47074,3
47075,12
47076,4
47077,0
47078,1
47079,1
47080,7
47081,0
47082,11
47083,11
47084,8
47085,4
47086,0
47087,13
47088,11
47089,8
47090,11
47091,1
47092,2
47093,5
47094,10
47095,1
47096,1
47097,10
47098,11
47099,6
47100,6
47101,10
47102,10
47103,0
47104,7
47105,8
47106,1
47107,2
47108,2
47109,2
47110,8
47111,9
47112,4
47113,7
47114,2
47115,6
47116,1
47117,11
47118,0
47119,1
47120,2
47121,1
47122,2
47123,7
47124,2
47125,3
47126,10
47127,11
47128,0
47129,0
47130,12
47131,1
47132,2
47133,2
47134,0
47135,3
47136,0
47137,8
47138,10
47139,1
47140,7
47141,9
47142,3
47143,1
47144,2
47145,13
47146,6
47147,10
47148,11
47149,7
47150,2
47151,3
47152,13
47153,0
47154,3
47155,4
47156,2
47157,5
47158,1
47159,8
47160,11
47161,6
47162,1
47163,1
47164,2
47165,12
47166,7
47167,10
47168,10
47169,1
47170,5
47171,4
47172,8
47173,11
47174,3
47175,12
47176,10
47177,13
47178,11
47179,6
47180,8
47181,10
47182,6
47183,2
47184,2
47185,13
47186,13
47187,2
47188,4
47189,11
47190,10
47191,1
47192,1
47193,2
47194,6
47195,0
47196,2
47197,7
47198,3
47199,10
47200,2
47201,9
47202,11
47203,0
47204,13
47205,12
47206,9
47207,0
47208,4
47209,10
47210,3
47211,10
47212,5
47213,6
47214,3
47215,1
47216,7
47217,11
47218,1
47219,9
47220,4
47221,7
47222,1
47223,9
47224,13
47225,2
47226,2
47227,13
47228,6
47229,11
47230,2
47231,9
47232,2
47233,9
47234,7
47235,11
47236,11
47237,4
47238,3
47239,0
47240,8
47241,2
47242,8
47243,1
47244,12
47245,13
47246,3
47247,4
47248,1
47249,6
47250,3
47251,1
47252,6
47253,4
47254,12
47255,6
47256,13
47257,7
47258,11
47259,12
47260,7
47261,3
47262,13
47263,0
47264,1
47265,11
47266,7
47267,12
47268,0
47269,13
47270,12
47271,8
47272,5
47273,2
47274,9
47275,12
47276,8
47277,9
47278,3
47279,10
47280,4
47281,8
47282,6
47283,9
47284,6
47285,6
47286,3
47287,2
47288,0
47289,12
47290,4
47291,6
47292,1
47293,11
47294,3
47295,10
47296,4
47297,3
47298,13
47299,2
47300,7
47301,1
47302,11
47303,3
47304,8
47305,7
47306,0
47307,4
47308,0
47309,6
47310,1
47311,7
47312,6
47313,8
47314,6
47315,1
47316,0
47317,7
47318,11
47319,3
47320,0
47321,12
47322,13
47323,10
47324,7
47325,1
47326,11
47327,11
47328,7
47329,4
47330,10
47331,0
47332,1
47333,2
47334,4
47335,2
47336,6
47337,11
47338,9
47339,2
47340,0
47341,5
47342,7
47343,7
47344,6
47345,11
47346,11
47347,11
47348,12
47349,6
47350,2
47351,7
47352,11
47353,8
47354,6
47355,10
47356,10
47357,9
47358,3
47359,8
47360,3
47361,2
47362,1
47363,6
47364,0
47365,2
47366,4
47367,11
47368,0
47369,2
47370,0
47371,0
47372,5
47373,0
47374,8
47375,0
47376,10
47377,1
47378,10
47379,7
47380,6
47381,13
47382,11
47383,10
47384,10
47385,1
47386,3
47387,0
47388,10
47389,4
47390,0
47391,2
47392,3
47393,4
47394,6
47395,5
47396,11
47397,6
47398,3
47399,3
47400,1
47401,0
47402,1
47403,7
47404,7
47405,3
47406,2
47407,2
47408,0
47409,7
47410,10
47411,1
47412,4
47413,11
47414,8
47415,13
47416,0
47417,8
47418,7
47419,6
47420,9
47421,2
47422,2
47423,6
47424,11
47425,11
47426,9
47427,11
47428,0
47429,4
47430,2
47431,3
47432,4
47433,2
47434,3
47435,1
47436,0
47437,2
47438,4
47439,3
47440,2
47441,7
47442,2
47443,10
47444,4
47445,4
47446,9
47447,8
47448,13
47449,2
47450,13
47451,11
47452,0
47453,1
47454,10
47455,6
47456,1
47457,9
47458,1
47459,6
47460,3
47461,5
47462,9
47463,4
47464,4
47465,12
47466,12
47467,0
47468,2
47469,5
47470,4
47471,7
47472,10
47473,11
47474,1
47475,0
47476,10
47477,6
47478,11
47479,10
47480,2
47481,12
47482,10
47483,8
47484,12
47485,11
47486,2
47487,2
47488,11
47489,9
47490,1
47491,0
47492,1
47493,0
47494,6
47495,6
47496,9
47497,6
47498,10
47499,10
47500,11
47501,13
47502,8
47503,13
47504,6
47505,2
47506,3
47507,12
47508,6
47509,4
47510,0
47511,10
47512,10
47513,4
47514,7
47515,2
47516,13
47517,13
47518,11
47519,3
47520,7
47521,1
47522,13
47523,12
47524,1
47525,10
47526,3
47527,6
47528,0
47529,3
47530,13
47531,11
47532,12
47533,3
47534,6
47535,5
47536,10
47537,12
47538,4
47539,1
47540,0
47541,0
47542,11
47543,12
47544,1
47545,4
47546,8
47547,1
47548,1
47549,0
47550,1
47551,1
47552,9
47553,1
47554,12
47555,3
47556,6
47557,1
47558,8
47559,8
47560,6
47561,7
47562,10
47563,1
47564,8
47565,11
47566,11
47567,12
47568,10
47569,7
47570,4
47571,4
47572,8
47573,10
47574,8
47575,5
47576,11
47577,4
47578,11
47579,8
47580,6
47581,2
47582,6
47583,0
47584,12
47585,4
47586,11
47587,11
47588,5
47589,8
47590,1
47591,0
47592,6
47593,11
47594,2
47595,10
47596,11
47597,8
47598,10
47599,11
47600,8
47601,12
47602,7
47603,4
47604,3
47605,4
47606,11
47607,11
47608,6
47609,11
47610,6
47611,11
47612,10
47613,6
47614,0
47615,12
47616,13
47617,0
47618,7
47619,11
47620,1
47621,0
47622,11
47623,12
47624,1
47625,7
47626,0
47627,2
47628,11
47629,6
47630,2
47631,4
47632,8
47633,2
47634,11
47635,8
47636,3
47637,13
47638,8
47639,8
47640,12
47641,2
47642,0
47643,0
47644,13
47645,8
47646,10
47647,3
47648,10
47649,7
47650,12
47651,10
47652,2
47653,4
47654,0
47655,8
47656,7
47657,11
47658,10
47659,8
47660,1
47661,8
47662,0
47663,0
47664,1
47665,11
47666,12
47667,2
47668,6
47669,3
47670,11
47671,9
47672,12
47673,2
47674,2
47675,7
47676,0
47677,3
47678,10
47679,5
47680,11
47681,2
47682,13
47683,1
47684,0
47685,12
47686,0
47687,8
47688,1
47689,12
47690,3
47691,8
47692,0
47693,11
47694,0
47695,2
47696,6
47697,2
47698,1
47699,8
47700,3
47701,2
47702,9
47703,5
47704,11
47705,13
47706,11
47707,9
47708,1
47709,11
47710,7
47711,1
47712,9
47713,4
47714,2
47715,0
47716,2
47717,7
47718,9
47719,10
47720,2
47721,3
47722,10
47723,4
47724,9
47725,3
47726,4
47727,11
47728,10
47729,0
47730,13
47731,3
47732,4
47733,7
47734,8
47735,2
47736,6
47737,6
47738,6
47739,0
47740,12
47741,10
47742,8
47743,10
47744,8
47745,11
47746,13
47747,11
47748,6
47749,3
47750,10
47751,3
47752,10
47753,10
47754,6
47755,2
47756,11
47757,10
47758,4
47759,4
47760,9
47761,4
47762,1
47763,10
47764,11
47765,8
47766,3
47767,0
47768,11
47769,0
47770,5
47771,3
47772,11
47773,11
47774,8
47775,12
47776,8
47777,3
47778,11
47779,10
47780,11
47781,0
47782,10
47783,4
47784,5
47785,11
47786,11
47787,4
47788,12
47789,8
47790,6
47791,0
47792,0
47793,13
47794,6
47795,4
47796,8
47797,11
47798,11
47799,13
47800,7
47801,8
47802,4
47803,3
47804,2
47805,7
47806,12
47807,7
47808,6
47809,2
47810,8
47811,4
47812,11
47813,10
47814,1
47815,10
47816,3
47817,1
47818,9
47819,0
47820,11
47821,4
47822,11
47823,4
47824,5
47825,12
47826,11
47827,11
47828,4
47829,2
47830,3
47831,11
47832,0
47833,4
47834,11
47835,8
47836,11
47837,0
47838,2
47839,8
47840,1
47841,7
47842,6
47843,2
47844,7
47845,1
47846,2
47847,1
47848,1
47849,9
47850,6
47851,9
47852,1
47853,6
47854,9
47855,11
47856,0
47857,1
47858,11
47859,11
47860,2
47861,10
47862,8
47863,7
47864,11
47865,6
47866,7
47867,6
47868,8
47869,0
47870,2
47871,7
47872,1
47873,10
47874,9
47875,6
47876,11
47877,2
47878,7
47879,0
47880,1
47881,13
47882,12
47883,12
47884,2
47885,2
47886,1
47887,5
47888,12
47889,6
47890,11
47891,1
47892,7
47893,12
47894,10
47895,1
47896,9
47897,6
47898,0
47899,0
47900,4
47901,6
47902,6
47903,7
47904,13
47905,1
47906,2
47907,2
47908,12
47909,8
47910,3
47911,11
47912,10
47913,4
47914,2
47915,13
47916,7
47917,2
47918,11
47919,0
47920,9
47921,11
47922,0
47923,6
47924,10
47925,2
47926,13
47927,0
47928,7
47929,10
47930,0
47931,1
47932,10
47933,11
47934,7
47935,4
47936,1
47937,7
47938,3
47939,9
47940,1
47941,2
47942,12
47943,6
47944,11
47945,4
47946,3
47947,4
47948,12
47949,8
47950,9
47951,6
47952,0
47953,11
47954,11
47955,6
47956,1
47957,10
47958,4
47959,1
47960,0
47961,8
47962,10
47963,4
47964,10
47965,12
47966,1
47967,3
47968,2
47969,1
47970,6
47971,0
47972,9
47973,4
47974,0
47975,8
47976,1
47977,8
47978,4
47979,8
47980,5
47981,13
47982,8
47983,10
47984,10
47985,10
47986,11
47987,8
47988,8
47989,7
47990,4
47991,12
47992,4
47993,7
47994,13
47995,11
47996,9
47997,0
47998,7
47999,11
48000,10
48001,13
48002,8
48003,13
48004,7
48005,2
48006,2
48007,10
48008,0
48009,1
48010,3
48011,11
48012,7
48013,0
48014,11
48015,11
48016,13
48017,2
48018,1
48019,2
48020,7
48021,2
48022,6
48023,8
48024,0
48025,11
48026,11
48027,12
48028,11
48029,4
48030,4
48031,0
48032,11
48033,4
48034,11
48035,9
48036,3
48037,0
48038,12
48039,6
48040,2
48041,0
48042,9
48043,11
48044,9
48045,3
48046,7
48047,7
48048,8
48049,1
48050,10
48051,7
48052,11
48053,0
48054,11
48055,10
48056,10
48057,0
48058,12
48059,5
48060,7
48061,13
48062,2
48063,0
48064,10
48065,1
48066,8
48067,11
48068,1
48069,10
48070,12
48071,11
48072,10
48073,8
48074,3
48075,2
48076,0
48077,4
48078,13
48079,4
48080,3
48081,5
48082,11
48083,6
48084,3
48085,0
48086,4
48087,1
48088,4
48089,4
48090,3
48091,0
48092,0
48093,4
48094,9
48095,6
48096,0
48097,2
48098,9
48099,12
48100,2
48101,6
48102,12
48103,11
48104,1
48105,11
48106,12
48107,9
48108,6
48109,7
48110,3
48111,10
48112,8
48113,8
48114,11
48115,12
48116,2
48117,6
48118,11
48119,6
48120,1
48121,3
48122,1
48123,6
48124,8
48125,0
48126,1
48127,10
48128,12
48129,2
48130,11
48131,2
48132,8
48133,11
48134,12
48135,2
48136,1
48137,10
48138,9
48139,2
48140,9
48141,9
48142,12
48143,12
48144,12
48145,13
48146,6
48147,11
48148,9
48149,8
48150,8
48151,8
48152,6
48153,3
48154,10
48155,10
48156,2
48157,0
48158,8
48159,8
48160,13
48161,1
48162,2
48163,12
48164,10
48165,8
48166,5
48167,5
48168,5
48169,1
48170,8
48171,6
48172,11
48173,0
48174,13
48175,6
48176,8
48177,13
48178,11
48179,0
48180,3
48181,7
48182,12
48183,13
48184,2
48185,10
48186,0
48187,7
48188,7
48189,2
48190,11
48191,11
48192,6
48193,0
48194,8
48195,0
48196,12
48197,0
48198,1
48199,7
48200,6
48201,10
48202,6
48203,8
48204,2
48205,3
48206,2
48207,2
48208,6
48209,4
48210,6
48211,10
48212,13
48213,7
48214,0
48215,13
48216,11
48217,12
48218,4
48219,8
48220,0
48221,9
48222,7
48223,0
48224,4
48225,6
48226,2
48227,11
48228,0
48229,10
48230,13
48231,4
48232,7
48233,3
48234,11
48235,10
48236,6
48237,9
48238,9
48239,4
48240,7
48241,10
48242,8
48243,2
48244,2
48245,11
48246,6
48247,1
48248,12
48249,12
48250,3
48251,2
48252,1
48253,12
48254,4
48255,1
48256,5
48257,6
48258,1
48259,12
48260,6
48261,6
48262,12
48263,4
48264,2
48265,4
48266,1
48267,1
48268,6
48269,10
48270,4
48271,1
48272,9
48273,2
48274,4
48275,3
48276,1
48277,4
48278,2
48279,8
48280,12
48281,2
48282,0
48283,4
48284,4
48285,0
48286,1
48287,5
48288,13
48289,1
48290,1
48291,11
48292,6
48293,3
48294,3
48295,11
48296,2
48297,0
48298,0
48299,10
48300,11
48301,3
48302,4
48303,6
48304,12
48305,7
48306,10
48307,4
48308,13
48309,3
48310,12
48311,0
48312,8
48313,2
48314,0
48315,6
48316,11
48317,11
48318,9
48319,1
48320,2
48321,3
48322,0
48323,7
48324,0
48325,2
48326,0
48327,11
48328,12
48329,4
48330,1
48331,7
48332,7
48333,11
48334,5
48335,10
48336,12
48337,1
48338,2
48339,3
48340,8
48341,13
48342,0
48343,4
48344,0
48345,6
48346,5
48347,7
48348,7
48349,10
48350,8
48351,7
48352,11
48353,6
48354,2
48355,0
48356,1
48357,13
48358,8
48359,10
48360,8
48361,10
48362,2
48363,12
48364,0
48365,2
48366,0
48367,1
48368,11
48369,0
48370,10
48371,4
48372,1
48373,0
48374,0
48375,8
48376,12
48377,11
48378,0
48379,8
48380,4
48381,4
48382,1
48383,8
48384,12
48385,2
48386,6
48387,4
48388,5
48389,6
48390,10
48391,3
48392,12
48393,9
48394,9
48395,4
48396,1
48397,0
48398,6
48399,11
48400,11
48401,11
48402,0
48403,9
48404,6
48405,5
48406,0
48407,0
48408,12
48409,4
48410,1
48411,2
48412,10
48413,11
48414,4
48415,6
48416,9
48417,12
48418,0
48419,7
48420,0
48421,2
48422,9
48423,0
48424,10
48425,1
48426,11
48427,13
48428,2
48429,6
48430,8
48431,4
48432,1
48433,7
48434,0
48435,8
48436,8
48437,12
48438,2
48439,0
48440,7
48441,4
48442,0
48443,13
48444,0
48445,4
48446,4
48447,0
48448,2
48449,13
48450,6
48451,2
48452,7
48453,4
48454,11
48455,0
48456,10
48457,6
48458,0
48459,2
48460,8
48461,9
48462,2
48463,12
48464,9
48465,1
48466,2
48467,10
48468,12
48469,11
48470,12
48471,2
48472,4
48473,11
48474,11
48475,7
48476,1
48477,11
48478,1
48479,10
48480,9
48481,9
48482,9
48483,1
48484,0
48485,4
48486,4
48487,8
48488,0
48489,10
48490,12
48491,1
48492,10
48493,8
48494,0
48495,1
48496,0
48497,3
48498,1
48499,9
48500,10
48501,11
48502,0
48503,9
48504,1
48505,2
48506,1
48507,3
48508,6
48509,3
48510,0
48511,6
48512,1
48513,2
48514,6
48515,7
48516,13
48517,3
48518,1
48519,7
48520,7
48521,9
48522,11
48523,1
48524,2
48525,8
48526,11
48527,4
48528,6
48529,11
48530,2
48531,11
48532,7
48533,13
48534,0
48535,1
48536,4
48537,1
48538,11
48539,1
48540,12
48541,6
48542,10
48543,10
48544,0
48545,7
48546,11
48547,1
48548,2
48549,0
48550,3
48551,7
48552,11
48553,4
48554,1
48555,9
48556,10
48557,2
48558,12
48559,1
48560,8
48561,0
48562,11
48563,5
48564,13
48565,7
48566,13
48567,10
48568,3
48569,2
48570,9
48571,9
48572,8
48573,2
48574,11
48575,11
48576,12
48577,6
48578,4
48579,0
48580,11
48581,3
48582,0
48583,12
48584,8
48585,11
48586,13
48587,11
48588,7
48589,9
48590,7
48591,11
48592,1
48593,11
48594,8
48595,11
48596,11
48597,2
48598,8
48599,13
48600,9
48601,2
48602,11
48603,3
48604,1
48605,6
48606,10
48607,11
48608,0
48609,8
48610,13
48611,8
48612,2
48613,11
48614,0
48615,11
48616,1
48617,2
48618,3
48619,0
48620,2
48621,1
48622,2
48623,11
48624,6
48625,7
48626,8
48627,11
48628,11
48629,2
48630,1
48631,9
48632,4
48633,13
48634,8
48635,2
48636,1
48637,6
48638,12
48639,7
48640,7
48641,7
48642,1
48643,1
48644,6
48645,7
48646,10
48647,2
48648,12
48649,11
48650,9
48651,10
48652,0
48653,13
48654,8
48655,12
48656,8
48657,7
48658,12
48659,4
48660,4
48661,8
48662,0
48663,8
48664,0
48665,11
48666,7
48667,8
48668,9
48669,0
48670,0
48671,10
48672,2
48673,13
48674,7
48675,2
48676,6
48677,13
48678,0
48679,8
48680,6
48681,7
48682,9
48683,9
48684,10
48685,2
48686,1
48687,2
48688,8
48689,2
48690,7
48691,13
48692,10
48693,11
48694,0
48695,2
48696,5
48697,10
48698,11
48699,11
48700,0
48701,4
48702,12
48703,2
48704,0
48705,8
48706,8
48707,6
48708,0
48709,10
48710,2
48711,11
48712,13
48713,8
48714,11
48715,1
48716,3
48717,6
48718,1
48719,1
48720,6
48721,4
48722,7
48723,0
48724,0
48725,2
48726,3
48727,12
48728,4
48729,6
48730,10
48731,0
48732,8
48733,9
48734,4
48735,2
48736,0
48737,8
48738,6
48739,6
48740,11
48741,6
48742,11
48743,3
48744,8
48745,1
48746,5
48747,11
48748,11
48749,13
48750,9
48751,1
48752,6
48753,13
48754,7
48755,8
48756,2
48757,6
48758,11
48759,6
48760,9
48761,3
48762,2
48763,7
48764,11
48765,11
48766,11
48767,1
48768,6
48769,11
48770,2
48771,8
48772,1
48773,1
48774,1
48775,7
48776,10
48777,4
48778,11
48779,0
48780,1
48781,1
48782,2
48783,10
48784,3
48785,7
48786,3
48787,2
48788,1
48789,7
48790,9
48791,1
48792,7
48793,1
48794,1
48795,1
48796,11
48797,11
48798,2
48799,7
48800,13
48801,0
48802,4
48803,11
48804,8
48805,0
48806,10
48807,9
48808,0
48809,1
48810,6
48811,7
48812,11
48813,4
48814,10
48815,3
48816,6
48817,10
48818,13
48819,10
48820,0
48821,0
48822,5
48823,10
48824,12
48825,4
48826,4
48827,2
48828,1
48829,2
48830,8
48831,1
48832,11
48833,8
48834,0
48835,10
48836,8
48837,10
48838,12
48839,0
48840,10
48841,8
48842,12
48843,1
48844,3
48845,8
48846,10
48847,0
48848,2
48849,8
48850,12
48851,2
48852,9
48853,8
48854,13
48855,0
48856,4
48857,2
48858,0
48859,11
48860,0
48861,6
48862,5
48863,8
48864,0
48865,0
48866,11
48867,3
48868,9
48869,1
48870,1
48871,11
48872,2
48873,12
48874,8
48875,11
48876,1
48877,0
48878,11
48879,3
48880,0
48881,13
48882,2
48883,1
48884,9
48885,1
48886,6
48887,8
48888,3
48889,4
48890,7
48891,11
48892,8
48893,0
48894,6
48895,12
48896,11
48897,7
48898,3
48899,3
48900,8
48901,7
48902,2
48903,7
48904,13
48905,3
48906,9
48907,10
48908,6
48909,9
48910,13
48911,8
48912,7
48913,1
48914,12
48915,7
48916,6
48917,0
48918,10
48919,12
48920,10
48921,8
48922,3
48923,9
48924,0
48925,0
48926,12
48927,12
48928,11
48929,1
48930,6
48931,0
48932,4
48933,2
48934,10
48935,8
48936,0
48937,1
48938,9
48939,11
48940,10
48941,10
48942,11
48943,8
48944,6
48945,3
48946,1
48947,2
48948,7
48949,8
48950,1
48951,11
48952,2
48953,9
48954,6
48955,11
48956,1
48957,2
48958,2
48959,2
48960,4
48961,1
48962,0
48963,0
48964,2
48965,12
48966,11
48967,13
48968,8
48969,4
48970,4
48971,0
48972,2
48973,1
48974,7
48975,6
48976,11
48977,2
48978,7
48979,13
48980,11
48981,8
48982,5
48983,2
48984,6
48985,0
48986,8
48987,12
48988,0
48989,7
48990,0
48991,8
48992,2
48993,11
48994,2
48995,2
48996,10
48997,12
48998,2
48999,8
49000,10
49001,2
49002,2
49003,11
49004,8
49005,11
49006,6
49007,10
49008,12
49009,1
49010,8
49011,2
49012,2
49013,10
49014,3
49015,0
49016,9
49017,6
49018,8
49019,6
49020,1
49021,1
49022,3
49023,2
49024,4
49025,11
49026,7
49027,11
49028,12
49029,11
49030,11
49031,6
49032,13
49033,6
49034,2
49035,6
49036,3
49037,2
49038,0
49039,0
49040,0
49041,8
49042,12
49043,6
49044,1
49045,10
49046,9
49047,7
49048,12
49049,0
49050,2
49051,4
49052,7
49053,10
49054,12
49055,5
49056,1
49057,2
49058,3
49059,10
49060,12
49061,6
49062,11
49063,2
49064,0
49065,11
49066,7
49067,0
49068,0
49069,3
49070,11
49071,13
49072,12
49073,3
49074,1
49075,11
49076,13
49077,13
49078,2
49079,12
49080,0
49081,7
49082,1
49083,2
49084,2
49085,10
49086,0
49087,2
49088,7
49089,11
49090,4
49091,2
49092,9
49093,2
49094,13
49095,11
49096,4
49097,0
49098,3
49099,3
49100,11
49101,6
49102,7
49103,1
49104,1
49105,0
49106,8
49107,2
49108,1
49109,8
49110,8
49111,12
49112,12
49113,0
49114,8
49115,6
49116,8
49117,12
49118,9
49119,10
49120,2
49121,0
49122,6
49123,12
49124,11
49125,11
49126,6
49127,9
49128,2
49129,6
49130,10
49131,1
49132,2
49133,13
49134,4
49135,8
49136,10
49137,10
49138,0
49139,10
49140,11
49141,3
49142,0
49143,1
49144,0
49145,2
49146,11
49147,0
49148,0
49149,3
49150,13
49151,2
49152,0
49153,1
49154,9
49155,7
49156,13
49157,3
49158,12
49159,11
49160,0
49161,11
49162,8
49163,3
49164,2
49165,12
49166,6
49167,0
49168,11
49169,6
49170,0
49171,2
49172,11
49173,13
49174,11
49175,7
49176,0
49177,11
49178,8
49179,11
49180,13
49181,13
49182,8
49183,12
49184,13
49185,9
49186,6
49187,6
49188,11
49189,6
49190,8
49191,11
49192,2
49193,7
49194,3
49195,7
49196,2
49197,7
49198,3
49199,2
49200,7
49201,1
49202,4
49203,2
49204,6
49205,2
49206,0
49207,3
49208,4
49209,1
49210,10
49211,12
49212,0
49213,11
49214,9
49215,6
49216,4
49217,8
49218,13
49219,11
49220,2
49221,2
49222,11
49223,6
49224,4
49225,1
49226,2
49227,8
49228,6
49229,13
49230,11
49231,12
49232,2
49233,7
49234,2
49235,11
49236,11
49237,13
49238,10
49239,0
49240,6
49241,0
49242,2
49243,12
49244,13
49245,2
49246,4
49247,10
49248,0
49249,9
49250,1
49251,6
49252,9
49253,0
49254,0
49255,2
49256,11
49257,1
49258,10
49259,13
49260,0
49261,1
49262,12
49263,4
49264,3
49265,11
49266,12
49267,4
49268,4
49269,1
49270,12
49271,13
49272,0
49273,12
49274,8
49275,2
49276,4
49277,6
49278,3
49279,2
49280,6
49281,3
49282,10
49283,8
49284,1
49285,10
49286,2
49287,4
49288,2
49289,12
49290,0
49291,4
49292,10
49293,10
49294,8
49295,2
49296,1
49297,6
49298,1
49299,2
49300,0
49301,8
49302,2
49303,8
49304,1
49305,1
49306,6
49307,0
49308,7
49309,12
49310,1
49311,9
49312,6
49313,8
49314,2
49315,7
49316,8
49317,6
49318,11
49319,7
49320,12
49321,6
49322,7
49323,4
49324,1
49325,13
49326,2
49327,1
49328,2
49329,4
49330,7
49331,10
49332,6
49333,11
49334,6
49335,6
49336,7
49337,10
49338,7
49339,4
49340,2
49341,11
49342,2
49343,1
49344,11
49345,3
49346,1
49347,7
49348,3
49349,3
49350,0
49351,8
49352,13
49353,8
49354,13
49355,7
49356,13
49357,10
49358,12
49359,11
49360,11
49361,10
49362,7
49363,1
49364,8
49365,2
49366,13
49367,0
49368,12
49369,4
49370,1
49371,10
49372,12
49373,5
49374,11
49375,12
49376,6
49377,8
49378,0
49379,0
49380,1
49381,12
49382,1
49383,9
49384,8
49385,9
49386,7
49387,11
49388,9
49389,13
49390,11
49391,11
49392,1
49393,6
49394,3
49395,1
49396,7
49397,10
49398,0
49399,1
49400,9
49401,11
49402,13
49403,8
49404,11
49405,4
49406,12
49407,8
49408,8
49409,3
49410,8
49411,6
49412,6
49413,7
49414,9
49415,12
49416,12
49417,11
49418,0
49419,2
49420,3
49421,5
49422,13
49423,2
49424,2
49425,10
49426,7
49427,8
49428,2
49429,8
49430,2
49431,11
49432,4
49433,10
49434,12
49435,2
49436,6
49437,3
49438,9
49439,3
49440,2
49441,7
49442,8
49443,1
49444,2
49445,11
49446,9
49447,4
49448,11
49449,6
49450,7
49451,8
49452,0
49453,0
49454,7
49455,10
49456,3
49457,13
49458,4
49459,9
49460,4
49461,1
49462,2
49463,8
49464,4
49465,11
49466,3
49467,3
49468,11
49469,10
49470,10
49471,4
49472,10
49473,6
49474,9
49475,4
49476,12
49477,1
49478,10
49479,2
49480,6
49481,9
49482,2
49483,12
49484,1
49485,11
49486,2
49487,7
49488,9
49489,0
49490,0
49491,7
49492,11
49493,7
49494,13
49495,3
49496,8
49497,3
49498,4
49499,12
49500,7
49501,1
49502,1
49503,8
49504,3
49505,11
49506,6
49507,2
49508,6
49509,13
49510,2
49511,5
49512,6
49513,5
49514,7
49515,3
49516,1
49517,0
49518,2
49519,1
49520,11
49521,7
49522,11
49523,1
49524,9
49525,0
49526,13
49527,3
49528,0
49529,4
49530,6
49531,13
49532,10
49533,7
49534,9
49535,13
49536,12
49537,6
49538,3
49539,3
49540,6
49541,8
49542,0
49543,0
49544,3
49545,11
49546,1
49547,0
49548,10
49549,0
49550,8
49551,2
49552,12
49553,2
49554,13
49555,4
49556,1
49557,3
49558,8
49559,0
49560,1
49561,0
49562,13
49563,0
49564,11
49565,11
49566,0
49567,6
49568,10
49569,2
49570,6
49571,9
49572,8
49573,0
49574,13
49575,0
49576,8
49577,11
49578,9
49579,7
49580,6
49581,7
49582,9
49583,8
49584,9
49585,1
49586,13
49587,8
49588,7
49589,0
49590,0
49591,12
49592,2
49593,2
49594,1
49595,10
49596,6
49597,9
49598,10
49599,3
49600,2
49601,2
49602,8
49603,6
49604,3
49605,4
49606,10
49607,7
49608,7
49609,2
49610,9
49611,2
49612,0
49613,7
49614,8
49615,4
49616,3
49617,2
49618,13
49619,1
49620,5
49621,11
49622,12
49623,0
49624,0
49625,0
49626,0
49627,7
49628,11
49629,1
49630,11
49631,13
49632,8
49633,6
49634,11
49635,0
49636,9
49637,10
49638,2
49639,5
49640,1
49641,10
49642,6
49643,1
49644,13
49645,2
49646,10
49647,2
49648,7
49649,7
49650,13
49651,3
49652,1
49653,11
49654,11
49655,8
49656,9
49657,12
49658,10
49659,13
49660,2
49661,12
49662,4
49663,9
49664,8
49665,13
49666,4
49667,13
49668,7
49669,0
49670,5
49671,6
49672,4
49673,10
49674,11
49675,7
49676,5
49677,4
49678,10
49679,2
49680,1
49681,12
49682,12
49683,4
49684,1
49685,10
49686,0
49687,1
49688,0
49689,11
49690,8
49691,2
49692,9
49693,6
49694,1
49695,6
49696,11
49697,10
49698,7
49699,10
49700,13
49701,13
49702,10
49703,6
49704,6
49705,2
49706,4
49707,11
49708,2
49709,8
49710,8
49711,8
49712,8
49713,2
49714,11
49715,12
49716,6
49717,9
49718,10
49719,10
49720,8
49721,12
49722,10
49723,2
49724,3
49725,6
49726,2
49727,11
49728,10
49729,10
49730,1
49731,4
49732,10
49733,8
49734,6
49735,8
49736,6
49737,2
49738,2
49739,7
49740,9
49741,6
49742,6
49743,13
49744,9
49745,6
49746,8
49747,10
49748,1
49749,2
49750,0
49751,13
49752,3
49753,7
49754,12
49755,8
49756,2
49757,2
49758,1
49759,12
49760,8
49761,13
49762,11
49763,1
49764,7
49765,0
49766,9
49767,6
49768,12
49769,6
49770,1
49771,0
49772,5
49773,8
49774,6
49775,11
49776,11
49777,9
49778,7
49779,2
49780,5
49781,2
49782,13
49783,1
49784,2
49785,8
49786,7
49787,0
49788,10
49789,9
49790,0
49791,2
49792,2
49793,4
49794,2
49795,1
49796,8
49797,1
49798,13
49799,0
49800,13
49801,5
49802,4
49803,12
49804,5
49805,0
49806,2
49807,12
49808,0
49809,1
49810,11
49811,0
49812,10
49813,6
49814,12
49815,11
49816,6
49817,12
49818,5
49819,0
49820,11
49821,12
49822,10
49823,0
49824,7
49825,10
49826,13
49827,6
49828,7
49829,4
49830,9
49831,0
49832,6
49833,7
49834,13
49835,11
49836,3
49837,13
49838,2
49839,6
49840,12
49841,10
49842,6
49843,9
49844,2
49845,2
49846,1
49847,5
49848,9
49849,11
49850,0
49851,2
49852,1
49853,1
49854,4
49855,12
49856,6
49857,12
49858,11
49859,8
49860,5
49861,8
49862,2
49863,1
49864,4
49865,11
49866,11
49867,1
49868,1
49869,1
49870,5
49871,11
49872,7
49873,9
49874,10
49875,4
49876,12
49877,7
49878,11
49879,10
49880,7
49881,2
49882,0
49883,3
49884,0
49885,8
49886,11
49887,3
49888,4
49889,2
49890,13
49891,0
49892,1
49893,8
49894,9
49895,2
49896,10
49897,9
49898,2
49899,11
49900,1
49901,10
49902,7
49903,13
49904,13
49905,12
49906,1
49907,2
49908,4
49909,1
49910,8
49911,10
49912,2
49913,11
49914,3
49915,0
49916,7
49917,2
49918,11
49919,8
49920,6
49921,8
49922,9
49923,0
49924,11
49925,11
49926,8
49927,0
49928,8
49929,1
49930,3
49931,12
49932,6
49933,6
49934,5
49935,0
49936,9
49937,10
49938,7
49939,1
49940,10
49941,1
49942,0
49943,11
49944,10
49945,8
49946,9
49947,1
49948,8
49949,12
49950,10
49951,0
49952,11
49953,1
49954,0
49955,10
49956,1
49957,7
49958,11
49959,7
49960,9
49961,11
49962,2
49963,4
49964,11
49965,10
49966,4
49967,2
49968,11
49969,8
49970,4
49971,13
49972,1
49973,2
49974,5
49975,6
49976,9
49977,12
49978,6
49979,2
49980,0
49981,6
49982,6
49983,2
49984,1
49985,13
49986,11
49987,3
49988,2
49989,7
49990,1
49991,3
49992,3
49993,7
49994,7
49995,11
49996,9
49997,2
49998,6
49999,3
50000,0
50001,13
50002,11
50003,1
50004,0
50005,1
50006,7
50007,11
50008,11
50009,11
50010,4
50011,6
50012,8
50013,6
50014,12
50015,10
50016,2
50017,6
50018,7
50019,4
50020,3
50021,9
50022,11
50023,7
50024,0
50025,8
50026,9
50027,7
50028,8
50029,7
50030,6
50031,11
50032,8
50033,11
50034,6
50035,6
50036,8
50037,13
50038,13
50039,8
50040,4
50041,4
50042,8
50043,2
50044,7
50045,1
50046,11
50047,6
50048,10
50049,7
50050,7
50051,0
50052,9
50053,7
50054,8
50055,2
50056,7
50057,12
50058,7
50059,0
50060,0
50061,0
50062,7
50063,11
50064,5
50065,0
50066,0
50067,6
50068,11
50069,13
50070,3
50071,7
50072,4
50073,6
50074,12
50075,9
50076,2
50077,2
50078,2
50079,0
50080,1
50081,4
50082,7
50083,1
50084,8
50085,7
50086,1
50087,10
50088,2
50089,8
50090,6
50091,6
50092,4
50093,11
50094,8
50095,4
50096,10
50097,1
50098,1
50099,2
50100,12
50101,3
50102,3
50103,11
50104,4
50105,13
50106,12
50107,7
50108,11
50109,10
50110,9
50111,6
50112,11
50113,10
50114,7
50115,10
50116,2
50117,10
50118,11
50119,2
50120,6
50121,8
50122,12
50123,4
50124,5
50125,3
50126,3
50127,13
50128,11
50129,4
50130,6
50131,4
50132,2
50133,8
50134,2
50135,7
50136,3
50137,1
50138,1
50139,2
50140,12
50141,1
50142,8
50143,10
50144,0
50145,7
50146,6
50147,10
50148,8
50149,8
50150,5
50151,9
50152,12
50153,11
50154,11
50155,4
50156,0
50157,1
50158,2
50159,3
50160,0
50161,7
50162,11
50163,7
50164,3
50165,11
50166,2
50167,5
50168,3
50169,10
50170,2
50171,7
50172,11
50173,5
50174,2
50175,13
50176,11
50177,12
50178,9
50179,0
50180,0
50181,4
50182,11
50183,11
50184,2
50185,11
50186,0
50187,8
50188,13
50189,4
50190,6
50191,8
50192,2
50193,2
50194,6
50195,2
50196,0
50197,11
50198,10
50199,10
50200,8
50201,5
50202,13
50203,0
50204,6
50205,3
50206,7
50207,13
50208,2
50209,2
50210,9
50211,4
50212,1
50213,4
50214,6
50215,12
50216,13
50217,1
50218,9
50219,9
50220,0
50221,2
50222,4
50223,2
50224,1
50225,6
50226,13
50227,4
50228,2
50229,8
50230,6
50231,4
50232,1
50233,0
50234,0
50235,3
50236,9
50237,0
50238,6
50239,8
50240,2
50241,2
50242,0
50243,12
50244,13
50245,11
50246,0
50247,7
50248,11
50249,5
50250,2
50251,7
50252,3
50253,13
50254,8
50255,11
50256,4
50257,6
50258,1
50259,9
50260,8
50261,6
50262,12
50263,11
50264,8
50265,8
50266,10
50267,3
50268,13
50269,11
50270,3
50271,0
50272,0
50273,7
50274,1
50275,0
50276,2
50277,7
50278,2
50279,3
50280,2
50281,6
50282,2
50283,7
50284,5
50285,11
50286,4
50287,13
50288,11
50289,4
50290,13
50291,2
50292,7
50293,6
50294,12
50295,3
50296,8
50297,7
50298,6
50299,2
50300,1
50301,12
50302,6
50303,11
50304,13
50305,11
50306,13
50307,11
50308,13
50309,8
50310,9
50311,7
50312,7
50313,0
50314,2
50315,1
50316,9
50317,8
50318,11
50319,11
50320,8
50321,8
50322,1
50323,8
50324,5
50325,13
50326,11
50327,12
50328,6
50329,0
50330,12
50331,11
50332,3
50333,3
50334,2
50335,3
50336,11
50337,12
50338,9
50339,13
50340,1
50341,8
50342,2
50343,2
50344,8
50345,6
50346,11
50347,6
50348,11
50349,0
50350,2
50351,0
50352,8
50353,6
50354,10
50355,4
50356,3
50357,7
50358,1
50359,11
50360,7
50361,11
50362,2
50363,11
50364,3
50365,12
50366,9
50367,9
50368,8
50369,3
50370,11
50371,2
50372,6
50373,12
50374,7
50375,10
50376,4
50377,13
50378,11
50379,11
50380,6
50381,2
50382,2
50383,0
50384,12
50385,3
50386,10
50387,7
50388,7
50389,13
50390,13
50391,3
50392,4
50393,6
50394,2
50395,6
50396,10
50397,2
50398,1
50399,12
50400,9
50401,2
50402,1
50403,3
50404,2
50405,11
50406,6
50407,6
50408,10
50409,2
50410,8
50411,7
50412,0
50413,0
50414,3
50415,2
50416,11
50417,0
50418,3
50419,6
50420,12
50421,10
50422,1
50423,3
50424,10
50425,4
50426,3
50427,1
50428,12
50429,6
50430,4
50431,8
50432,0
50433,3
50434,7
50435,10
50436,12
50437,0
50438,7
50439,11
50440,0
50441,3
50442,9
50443,12
50444,7
50445,9
50446,7
50447,2
50448,7
50449,5
50450,4
50451,13
50452,10
50453,6
50454,12
50455,11
50456,0
50457,4
50458,1
50459,9
50460,7
50461,4
50462,9
50463,10
50464,1
50465,6
50466,3
50467,3
50468,4
50469,0
50470,8
50471,1
50472,12
50473,12
50474,12
50475,1
50476,1
50477,0
50478,13
50479,9
50480,8
50481,3
50482,13
50483,13
50484,2
50485,1
50486,11
50487,1
50488,6
50489,8
50490,12
50491,8
50492,10
50493,2
50494,6
50495,0
50496,6
50497,9
50498,4
50499,13
50500,2
50501,11
50502,0
50503,2
50504,3
50505,8
50506,11
50507,10
50508,11
50509,1
50510,11
50511,9
50512,11
50513,3
50514,12
50515,0
50516,0
50517,0
50518,7
50519,13
50520,12
50521,0
50522,10
50523,10
50524,0
50525,13
50526,7
50527,6
50528,2
50529,6
50530,2
50531,11
50532,0
50533,11
50534,4
50535,11
50536,5
50537,4
50538,8
50539,9
50540,7
50541,2
50542,13
50543,2
50544,2
50545,10
50546,6
50547,10
50548,6
50549,10
50550,12
50551,2
50552,12
50553,13
50554,8
50555,1
50556,8
50557,2
50558,2
50559,7
50560,12
50561,13
50562,8
50563,6
50564,7
50565,12
50566,11
50567,2
50568,6
50569,13
50570,4
50571,9
50572,7
50573,10
50574,6
50575,8
50576,13
50577,10
50578,11
50579,0
50580,6
50581,13
50582,6
50583,1
50584,11
50585,10
50586,10
50587,12
50588,0
50589,11
50590,1
50591,12
50592,12
50593,3
50594,8
50595,8
50596,0
50597,6
50598,12
50599,0
50600,0
50601,1
50602,1
50603,11
50604,8
50605,10
50606,10
50607,10
50608,12
50609,2
50610,7
50611,8
50612,10
50613,11
50614,1
50615,8
50616,1
50617,1
50618,6
50619,2
50620,6
50621,8
50622,0
50623,9
50624,1
50625,11
50626,2
50627,11
50628,1
50629,1
50630,2
50631,7
50632,6
50633,8
50634,7
50635,0
50636,7
50637,8
50638,13
50639,0
50640,0
50641,13
50642,4
50643,0
50644,12
50645,11
50646,12
50647,10
50648,0
50649,4
50650,0
50651,0
50652,8
50653,10
50654,0
50655,6
50656,2
50657,0
50658,12
50659,13
50660,2
50661,0
50662,9
50663,12
50664,11
50665,1
50666,9
50667,2
50668,11
50669,4
50670,10
50671,13
50672,8
50673,12
50674,0
50675,7
50676,2
50677,11
50678,4
50679,1
50680,8
50681,1
50682,6
50683,4
50684,1
50685,0
50686,7
50687,5
50688,2
50689,0
50690,8
50691,10
50692,4
50693,6
50694,10
50695,7
50696,1
50697,1
50698,12
50699,7
50700,12
50701,11
50702,12
50703,6
50704,7
50705,5
50706,11
50707,12
50708,10
50709,9
50710,7
50711,0
50712,8
50713,13
50714,10
50715,5
50716,6
50717,11
50718,0
50719,8
50720,3
50721,9
50722,10
50723,0
50724,6
50725,1
50726,4
50727,12
50728,9
50729,2
50730,11
50731,4
50732,7
50733,4
50734,13
50735,10
50736,1
50737,1
50738,8
50739,1
50740,1
50741,6
50742,11
50743,1
50744,11
50745,7
50746,12
50747,5
50748,1
50749,2
50750,12
50751,10
50752,10
50753,3
50754,10
50755,2
50756,4
50757,10
50758,1
50759,4
50760,6
50761,2
50762,12
50763,2
50764,2
50765,0
50766,11
50767,6
50768,5
50769,8
50770,6
50771,13
50772,4
50773,8
50774,9
50775,10
50776,8
50777,0
50778,7
50779,7
50780,0
50781,12
50782,4
50783,13
50784,2
50785,11
50786,4
50787,13
50788,1
50789,12
50790,11
50791,12
50792,1
50793,2
50794,10
50795,0
50796,11
50797,6
50798,2
50799,2
50800,0
50801,7
50802,11
50803,8
50804,13
50805,11
50806,2
50807,1
50808,13
50809,9
50810,4
50811,8
50812,3
50813,3
50814,6
50815,6
50816,6
50817,7
50818,1
50819,12
50820,0
50821,1
50822,11
50823,10
50824,9
50825,4
50826,8
50827,2
50828,7
50829,10
50830,11
50831,9
50832,11
50833,7
50834,11
50835,2
50836,9
50837,10
50838,6
50839,4
50840,7
50841,6
50842,0
50843,9
50844,3
50845,1
50846,2
50847,11
50848,9
50849,1
50850,11
50851,11
50852,13
50853,6
50854,4
50855,13
50856,10
50857,11
50858,2
50859,6
50860,2
50861,3
50862,6
50863,10
50864,13
50865,2
50866,1
50867,0
50868,0
50869,7
50870,8
50871,0
50872,1
50873,0
50874,8
50875,6
50876,11
50877,2
50878,0
50879,1
50880,0
50881,11
50882,1
50883,12
50884,11
50885,0
50886,1
50887,6
50888,13
50889,11
50890,8
50891,11
50892,7
50893,7
50894,9
50895,8
50896,8
50897,13
50898,1
50899,0
50900,1
50901,8
50902,2
50903,4
50904,0
50905,1
50906,8
50907,12
50908,7
50909,3
50910,2
50911,7
50912,3
50913,1
50914,1
50915,10
50916,2
50917,12
50918,10
50919,8
50920,2
50921,7
50922,11
50923,9
50924,6
50925,13
50926,2
50927,1
50928,4
50929,13
50930,1
50931,3
50932,8
50933,4
50934,2
50935,6
50936,12
50937,9
50938,9
50939,5
50940,12
50941,4
50942,11
50943,0
50944,7
50945,10
50946,5
50947,3
50948,9
50949,7
50950,3
50951,0
50952,1
50953,1
50954,7
50955,11
50956,9
50957,4
50958,6
50959,4
50960,0
50961,10
50962,3
50963,9
50964,11
50965,0
50966,0
50967,6
50968,10
50969,5
50970,1
50971,1
50972,1
50973,13
50974,2
50975,4
50976,9
50977,6
50978,1
50979,11
50980,8
50981,4
50982,2
50983,2
50984,7
50985,8
50986,10
50987,3
50988,9
50989,0
50990,1
50991,1
50992,11
50993,1
50994,8
50995,1
50996,1
50997,11
50998,0
50999,0
51000,4
51001,9
51002,6
51003,11
51004,11
51005,11
51006,7
51007,12
51008,3
51009,3
51010,6
51011,2
51012,10
51013,3
51014,2
51015,10
51016,2
51017,0
51018,3
51019,2
51020,2
51021,0
51022,2
51023,10
51024,4
51025,1
51026,3
51027,2
51028,11
51029,0
51030,8
51031,11
51032,8
51033,1
51034,11
51035,4
51036,8
51037,13
51038,6
51039,4
51040,3
51041,13
51042,8
51043,7
51044,11
51045,1
51046,12
51047,6
51048,2
51049,8
51050,1
51051,8
51052,1
51053,1
51054,5
51055,0
51056,4
51057,13
51058,6
51059,2
51060,8
51061,8
51062,7
51063,6
51064,2
51065,13
51066,11
51067,4
51068,11
51069,6
51070,12
51071,6
51072,1
51073,3
51074,8
51075,2
51076,2
51077,6
51078,2
51079,2
51080,0
51081,6
51082,11
51083,11
51084,2
51085,2
51086,7
51087,1
51088,0
51089,9
51090,9
51091,6
51092,4
51093,9
51094,11
51095,4
51096,4
51097,4
51098,9
51099,1
51100,0
51101,8
51102,11
51103,7
51104,9
51105,9
51106,2
51107,10
51108,2
51109,7
51110,12
51111,6
51112,11
51113,4
51114,7
51115,2
51116,1
51117,2
51118,10
51119,9
51120,11
51121,6
51122,11
51123,1
51124,6
51125,11
51126,1
51127,2
51128,2
51129,10
51130,0
51131,4
51132,1
51133,6
51134,12
51135,9
51136,2
51137,12
51138,8
51139,13
51140,0
51141,1
51142,3
51143,9
51144,7
51145,7
51146,10
51147,11
51148,1
51149,2
51150,2
51151,1
51152,0
51153,3
51154,12
51155,0
51156,11
51157,11
51158,9
51159,0
51160,6
51161,9
51162,1
51163,12
51164,0
51165,12
51166,0
51167,13
51168,0
51169,10
51170,4
51171,9
51172,4
51173,11
51174,4
51175,0
51176,0
51177,3
51178,1
51179,6
51180,8
51181,11
51182,1
51183,9
51184,0
51185,9
51186,11
51187,11
51188,11
51189,7
51190,2
51191,8
51192,0
51193,3
51194,0
51195,8
51196,13
51197,7
51198,2
51199,2
51200,2
51201,11
51202,2
51203,4
51204,13
51205,4
51206,13
51207,11
51208,7
51209,2
51210,10
51211,4
51212,3
51213,6
51214,6
51215,2
51216,12
51217,6
51218,3
51219,6
51220,9
51221,0
51222,0
51223,3
51224,0
51225,6
51226,6
51227,2
51228,9
51229,3
51230,8
51231,4
51232,13
51233,0
51234,2
51235,8
51236,6
51237,6
51238,10
51239,4
51240,8
51241,1
51242,13
51243,10
51244,13
51245,13
51246,3
51247,13
51248,7
51249,8
51250,7
51251,12
51252,3
51253,11
51254,13
51255,10
51256,11
51257,11
51258,7
51259,3
51260,6
51261,2
51262,9
51263,12
51264,6
51265,0
51266,9
51267,8
51268,9
51269,4
51270,8
51271,7
51272,2
51273,1
51274,3
51275,4
51276,2
51277,6
51278,12
51279,1
51280,6
51281,9
51282,10
51283,2
51284,6
51285,4
51286,6
51287,10
51288,12
51289,7
51290,1
51291,6
51292,12
51293,11
51294,8
51295,12
51296,13
51297,10
51298,1
51299,1
51300,0
51301,3
51302,6
51303,11
51304,10
51305,2
51306,4
51307,7
51308,10
51309,12
51310,5
51311,4
51312,6
51313,0
51314,11
51315,1
51316,9
51317,11
51318,5
51319,8
51320,2
51321,13
51322,6
51323,8
51324,11
51325,4
51326,11
51327,11
51328,2
51329,1
51330,10
51331,3
51332,2
51333,10
51334,13
51335,2
51336,1
51337,6
51338,10
51339,13
51340,6
51341,4
51342,10
51343,3
51344,0
51345,10
51346,1
51347,10
51348,7
51349,13
51350,9
51351,2
51352,0
51353,3
51354,0
51355,0
51356,7
51357,9
51358,10
51359,6
51360,2
51361,4
51362,4
51363,12
51364,1
51365,8
51366,0
51367,1
51368,9
51369,5
51370,2
51371,12
51372,1
51373,11
51374,6
51375,1
51376,1
51377,13
51378,1
51379,10
51380,1
51381,7
51382,3
51383,0
51384,2
51385,13
51386,2
51387,2
51388,6
51389,3
51390,13
51391,2
51392,1
51393,11
51394,3
51395,1
51396,3
51397,7
51398,11
51399,6
51400,2
51401,6
51402,9
51403,6
51404,9
51405,2
51406,10
51407,13
51408,6
51409,8
51410,12
51411,0
51412,2
51413,10
51414,0
51415,9
51416,9
51417,12
51418,3
51419,11
51420,10
51421,3
51422,6
51423,11
51424,3
51425,11
51426,4
51427,1
51428,2
51429,7
51430,6
51431,3
51432,0
51433,9
51434,10
51435,6
51436,9
51437,7
51438,4
51439,0
51440,10
51441,7
51442,11
51443,1
51444,2
51445,3
51446,9
51447,2
51448,10
51449,11
51450,13
51451,6
51452,13
51453,2
51454,2
51455,13
51456,11
51457,0
51458,7
51459,0
51460,8
51461,13
51462,6
51463,4
51464,12
51465,10
51466,10
51467,1
51468,9
51469,5
51470,7
51471,1
51472,1
51473,8
51474,12
51475,2
51476,7
51477,11
51478,11
51479,2
51480,8
51481,2
51482,2
51483,7
51484,8
51485,7
51486,9
51487,8
51488,0
51489,2
51490,12
51491,8
51492,0
51493,0
51494,0
51495,7
51496,3
51497,8
51498,0
51499,8
51500,3
51501,0
51502,2
51503,7
51504,7
51505,9
51506,13
51507,12
51508,7
51509,7
51510,1
51511,1
51512,0
51513,13
51514,7
51515,3
51516,9
51517,1
51518,1
51519,0
51520,8
51521,10
51522,12
51523,8
51524,4
51525,3
51526,0
51527,1
51528,10
51529,7
51530,13
51531,9
51532,7
51533,2
51534,11
51535,8
51536,7
51537,13
51538,12
51539,8
51540,12
51541,3
51542,0
51543,12
51544,10
51545,3
51546,2
51547,11
51548,0
51549,1
51550,4
51551,0
51552,10
51553,9
51554,8
51555,6
51556,11
51557,10
51558,2
51559,0
51560,10
51561,9
51562,10
51563,0
51564,11
51565,12
51566,12
51567,2
51568,11
51569,4
51570,0
51571,10
51572,1
51573,11
51574,12
51575,1
51576,8
51577,13
51578,3
51579,10
51580,8
51581,1
51582,9
51583,11
51584,2
51585,0
51586,10
51587,8
51588,9
51589,13
51590,1
51591,11
51592,11
51593,9
51594,2
51595,0
51596,8
51597,11
51598,8
51599,6
51600,12
51601,11
51602,12
51603,9
51604,3
51605,8
51606,8
51607,8
51608,2
51609,6
51610,13
51611,5
51612,1
51613,10
51614,1
51615,6
51616,13
51617,10
51618,8
51619,10
51620,0
51621,4
51622,8
51623,7
51624,11
51625,1
51626,3
51627,11
51628,11
51629,1
51630,9
51631,13
51632,10
51633,3
51634,3
51635,2
51636,8
51637,4
51638,1
51639,13
51640,2
51641,6
51642,11
51643,7
51644,2
51645,10
51646,0
51647,2
51648,7
51649,11
51650,1
51651,2
51652,12
51653,7
51654,10
51655,10
51656,7
51657,1
51658,7
51659,7
51660,6
51661,3
51662,11
51663,0
51664,11
51665,13
51666,1
51667,10
51668,9
51669,12
51670,1
51671,3
51672,7
51673,1
51674,6
51675,7
51676,11
51677,4
51678,12
51679,11
51680,8
51681,12
51682,6
51683,0
51684,3
51685,11
51686,8
51687,6
51688,10
51689,7
51690,10
51691,1
51692,11
51693,6
51694,0
51695,7
51696,3
51697,10
51698,1
51699,12
51700,10
51701,1
51702,10
51703,0
51704,7
51705,10
51706,5
51707,4
51708,6
51709,10
51710,1
51711,12
51712,2
51713,0
51714,13
51715,1
51716,4
51717,12
51718,8
51719,12
51720,11
51721,11
51722,4
51723,13
51724,3
51725,12
51726,8
51727,0
51728,8
51729,11
51730,3
51731,4
51732,10
51733,8
51734,11
51735,3
51736,1
51737,1
51738,3
51739,11
51740,6
51741,0
51742,0
51743,2
51744,0
51745,1
51746,0
51747,4
51748,0
51749,2
51750,0
51751,1
51752,2
51753,2
51754,6
51755,11
51756,0
51757,10
51758,4
51759,3
51760,4
51761,13
51762,6
51763,8
51764,8
51765,0
51766,9
51767,11
51768,1
51769,10
51770,9
51771,4
51772,8
51773,2
51774,12
51775,13
51776,8
51777,11
51778,9
51779,4
51780,8
51781,7
51782,8
51783,0
51784,12
51785,11
51786,10
51787,8
51788,10
51789,0
51790,9
51791,1
51792,3
51793,8
51794,10
51795,6
51796,5
51797,0
51798,8
51799,10
51800,2
51801,0
51802,1
51803,2
51804,8
51805,1
51806,2
51807,3
51808,12
51809,13
51810,11
51811,10
51812,4
51813,11
51814,2
51815,3
51816,12
51817,5
51818,8
51819,11
51820,0
51821,9
51822,13
51823,6
51824,11
51825,2
51826,10
51827,7
51828,5
51829,13
51830,0
51831,7
51832,11
51833,11
51834,13
51835,11
51836,4
51837,2
51838,6
51839,3
51840,12
51841,13
51842,8
51843,11
51844,9
51845,4
51846,11
51847,10
51848,7
51849,8
51850,3
51851,11
51852,2
51853,13
51854,11
51855,9
51856,7
51857,11
51858,11
51859,2
51860,0
51861,4
51862,12
51863,6
51864,1
51865,1
51866,8
51867,8
51868,6
51869,9
51870,8
51871,13
51872,8
51873,4
51874,10
51875,13
51876,6
51877,10
51878,4
51879,6
51880,11
51881,13
51882,0
51883,10
51884,11
51885,2
51886,12
51887,10
51888,13
51889,10
51890,12
51891,11
51892,1
51893,3
51894,12
51895,13
51896,7
51897,8
51898,6
51899,13
51900,7
51901,10
51902,11
51903,11
51904,10
51905,13
51906,0
51907,11
51908,4
51909,3
51910,6
51911,2
51912,0
51913,7
51914,1
51915,7
51916,13
51917,13
51918,2
51919,10
51920,11
51921,8
51922,4
51923,2
51924,2
51925,12
51926,4
51927,1
51928,11
51929,11
51930,9
51931,0
51932,12
51933,8
51934,10
51935,2
51936,9
51937,6
51938,11
51939,0
51940,10
51941,11
51942,1
51943,1
51944,10
51945,9
51946,11
51947,1
51948,4
51949,3
51950,6
51951,2
51952,0
51953,8
51954,13
51955,3
51956,5
51957,12
51958,6
51959,6
51960,10
51961,8
51962,3
51963,9
51964,11
51965,7
51966,8
51967,8
51968,1
51969,3
51970,4
51971,6
51972,12
51973,1
51974,8
51975,7
51976,7
51977,6
51978,2
51979,6
51980,6
51981,11
51982,0
51983,1
51984,11
51985,7
51986,0
51987,3
51988,2
51989,7
51990,12
51991,0
51992,11
51993,4
51994,2
51995,7
51996,8
51997,8
51998,11
51999,4
52000,9
52001,9
52002,6
52003,0
52004,9
52005,3
52006,12
52007,2
52008,0
52009,0
52010,2
52011,12
52012,7
52013,9
52014,7
52015,4
52016,10
52017,8
52018,0
52019,3
52020,3
52021,0
52022,8
52023,3
52024,8
52025,0
52026,6
52027,10
52028,4
52029,11
52030,1
52031,2
52032,2
52033,2
52034,4
52035,0
52036,0
52037,4
52038,6
52039,11
52040,12
52041,7
52042,2
52043,11
52044,3
52045,11
52046,9
52047,2
52048,13
52049,0
52050,8
52051,0
52052,3
52053,3
52054,9
52055,12
52056,3
52057,6
52058,3
52059,2
52060,7
52061,11
52062,13
52063,1
52064,7
52065,4
52066,8
52067,11
52068,6
52069,2
52070,6
52071,9
52072,6
52073,1
52074,7
52075,6
52076,7
52077,11
52078,5
52079,10
52080,11
52081,2
52082,12
52083,11
52084,1
52085,10
52086,10
52087,10
52088,2
52089,1
52090,13
52091,2
52092,7
52093,0
52094,12
52095,10
52096,0
52097,0
52098,10
52099,0
52100,7
52101,7
52102,0
52103,11
52104,5
52105,6
52106,7
52107,0
52108,8
52109,6
52110,3
52111,1
52112,12
52113,7
52114,6
52115,4
52116,11
52117,4
52118,6
52119,0
52120,10
52121,10
52122,8
52123,2
52124,2
52125,3
52126,11
52127,11
52128,4
52129,12
52130,1
52131,7
52132,0
52133,4
52134,11
52135,6
52136,2
52137,2
52138,2
52139,10
52140,2
52141,12
52142,4
52143,1
52144,11
52145,6
52146,10
52147,6
52148,1
52149,12
52150,12
52151,3
52152,11
52153,12
52154,3
52155,10
52156,13
52157,11
52158,2
52159,2
52160,10
52161,3
52162,9
52163,10
52164,12
52165,4
52166,10
52167,6
52168,13
52169,12
52170,9
52171,8
52172,2
52173,0
52174,1
52175,8
52176,1
52177,9
52178,0
52179,8
52180,3
52181,10
52182,8
52183,2
52184,1
52185,0
52186,12
52187,12
52188,8
52189,8
52190,11
52191,1
52192,11
52193,3
52194,10
52195,3
52196,6
52197,10
52198,4
52199,13
52200,10
52201,1
52202,0
52203,2
52204,2
52205,13
52206,7
52207,4
52208,13
52209,12
52210,7
52211,4
52212,2
52213,0
52214,10
52215,3
52216,0
52217,13
52218,2
52219,1
52220,0
52221,11
52222,8
52223,2
52224,8
52225,8
52226,6
52227,0
52228,11
52229,3
52230,0
52231,0
52232,12
52233,2
52234,2
52235,7
52236,9
52237,6
52238,11
52239,1
52240,13
52241,6
52242,1
52243,0
52244,6
52245,10
52246,1
52247,13
52248,1
52249,0
52250,2
52251,13
52252,13
52253,10
52254,2
52255,8
52256,6
52257,6
52258,13
52259,2
52260,3
52261,4
52262,13
52263,9
52264,11
52265,0
52266,2
52267,3
52268,5
52269,2
52270,7
52271,6
52272,12
52273,7
52274,11
52275,13
52276,4
52277,3
52278,3
52279,3
52280,2
52281,6
52282,13
52283,11
52284,9
52285,4
52286,6
52287,1
52288,1
52289,2
52290,1
52291,9
52292,3
52293,11
52294,9
52295,8
52296,8
52297,2
52298,11
52299,3
52300,12
52301,0
52302,8
52303,3
52304,6
52305,13
52306,4
52307,6
52308,7
52309,3
52310,2
52311,10
52312,13
52313,7
52314,0
52315,2
52316,4
52317,4
52318,7
52319,0
52320,7
52321,1
52322,9
52323,4
52324,6
52325,2
52326,12
52327,7
52328,1
52329,0
52330,10
52331,0
52332,2
52333,9
52334,9
52335,13
52336,1
52337,13
52338,8
52339,10
52340,1
52341,4
52342,3
52343,4
52344,9
52345,11
52346,7
52347,11
52348,4
52349,13
52350,1
52351,11
52352,11
52353,3
52354,0
52355,12
52356,3
52357,12
52358,12
52359,2
52360,3
52361,13
52362,2
52363,12
52364,0
52365,10
52366,2
52367,1
52368,0
52369,9
52370,11
52371,9
52372,11
52373,6
52374,0
52375,0
52376,3
52377,1
52378,8
52379,6
52380,1
52381,4
52382,12
52383,2
52384,1
52385,6
52386,11
52387,3
52388,6
52389,7
52390,11
52391,1
52392,1
52393,4
52394,1
52395,0
52396,13
52397,2
52398,0
52399,10
52400,8
52401,8
52402,2
52403,2
52404,6
52405,2
52406,3
52407,6
52408,6
52409,11
52410,1
52411,12
52412,10
52413,3
52414,1
52415,9
52416,2
52417,9
52418,10
52419,4
52420,7
52421,10
52422,2
52423,12
52424,0
52425,2
52426,11
52427,8
52428,7
52429,6
52430,12
52431,6
52432,9
52433,11
52434,6
52435,2
52436,2
52437,12
52438,11
52439,0
52440,7
52441,7
52442,3
52443,2
52444,10
52445,11
52446,6
52447,5
52448,8
52449,13
52450,9
52451,7
52452,1
52453,0
52454,6
52455,2
52456,2
52457,3
52458,6
52459,6
52460,1
52461,3
52462,8
52463,13
52464,8
52465,3
52466,2
52467,6
52468,8
52469,11
52470,1
52471,2
52472,13
52473,8
52474,8
52475,11
52476,4
52477,2
52478,10
52479,0
52480,13
52481,1
52482,9
52483,12
52484,2
52485,8
52486,9
52487,8
52488,7
52489,3
52490,2
52491,1
52492,9
52493,13
52494,8
52495,2
52496,1
52497,12
52498,3
52499,0
52500,13
52501,11
52502,12
52503,10
52504,8
52505,11
52506,7
52507,9
52508,4
52509,10
52510,8
52511,1
52512,10
52513,7
52514,11
52515,11
52516,7
52517,9
52518,0
52519,0
52520,11
52521,10
52522,7
52523,4
52524,10
52525,0
52526,9
52527,4
52528,1
52529,11
52530,2
52531,0
52532,2
52533,4
52534,10
52535,2
52536,13
52537,2
52538,3
52539,0
52540,3
52541,7
52542,8
52543,11
52544,11
52545,0
52546,12
52547,2
52548,7
52549,7
52550,2
52551,10
52552,6
52553,6
52554,12
52555,11
52556,7
52557,9
52558,2
52559,2
52560,11
52561,11
52562,3
52563,3
52564,4
52565,9
52566,13
52567,4
52568,3
52569,6
52570,12
52571,6
52572,2
52573,11
52574,0
52575,10
52576,1
52577,13
52578,2
52579,11
52580,12
52581,11
52582,13
52583,6
52584,10
52585,3
52586,13
52587,6
52588,3
52589,5
52590,2
52591,1
52592,2
52593,0
52594,7
52595,3
52596,7
52597,8
52598,4
52599,6
52600,2
52601,1
52602,8
52603,0
52604,0
52605,7
52606,8
52607,2
52608,0
52609,4
52610,11
52611,10
52612,11
52613,10
52614,6
52615,7
52616,13
52617,7
52618,4
52619,11
52620,1
52621,6
52622,13
52623,11
52624,7
52625,11
52626,0
52627,2
52628,9
52629,12
52630,2
52631,11
52632,3
52633,12
52634,6
52635,12
52636,4
52637,3
52638,0
52639,7
52640,7
52641,12
52642,0
52643,11
52644,8
52645,12
52646,13
52647,12
52648,11
52649,12
52650,7
52651,3
52652,11
52653,11
52654,7
52655,12
52656,11
52657,6
52658,0
52659,1
52660,2
52661,13
52662,2
52663,9
52664,11
52665,1
52666,12
52667,2
52668,0
52669,0
52670,2
52671,11
52672,6
52673,11
52674,8
52675,7
52676,1
52677,9
52678,8
52679,4
52680,2
52681,0
52682,10
52683,12
52684,0
52685,2
52686,11
52687,5
52688,5
52689,3
52690,8
52691,3
52692,1
52693,12
52694,11
52695,2
52696,9
52697,1
52698,1
52699,2
52700,4
52701,9
52702,0
52703,6
52704,13
52705,0
52706,2
52707,1
52708,11
52709,4
52710,0
52711,10
52712,2
52713,1
52714,2
52715,11
52716,1
52717,2
52718,11
52719,10
52720,0
52721,3
52722,13
52723,3
52724,1
52725,7
52726,3
52727,13
52728,11
52729,11
52730,2
52731,12
52732,7
52733,2
52734,0
52735,6
52736,7
52737,0
52738,6
52739,11
52740,12
52741,1
52742,11
52743,11
52744,10
52745,12
52746,11
52747,2
52748,12
52749,6
52750,2
52751,0
52752,10
52753,10
52754,4
52755,10
52756,11
52757,7
52758,8
52759,0
52760,1
52761,1
52762,2
52763,1
52764,0
52765,1
52766,12
52767,11
52768,11
52769,1
52770,9
52771,3
52772,10
52773,6
52774,0
52775,2
52776,10
52777,1
52778,10
52779,1
52780,5
52781,6
52782,11
52783,8
52784,0
52785,10
52786,11
52787,1
52788,4
52789,2
52790,2
52791,4
52792,10
52793,0
52794,6
52795,1
52796,1
52797,10
52798,13
52799,11
52800,2
52801,0
52802,4
52803,7
52804,12
52805,9
52806,6
52807,3
52808,7
52809,11
52810,12
52811,6
52812,9
52813,11
52814,10
52815,0
52816,0
52817,4
52818,11
52819,1
52820,0
52821,4
52822,6
52823,8
52824,0
52825,11
52826,13
52827,6
52828,3
52829,8
52830,8
52831,9
52832,2
52833,13
52834,12
52835,11
52836,0
52837,7
52838,2
52839,11
52840,7
52841,3
52842,9
52843,3
52844,11
52845,0
52846,2
52847,0
52848,12
52849,13
52850,0
52851,6
52852,2
52853,8
52854,2
52855,4
52856,1
52857,11
52858,10
52859,4
52860,3
52861,11
52862,12
52863,2
52864,5
52865,10
52866,3
52867,3
52868,12
52869,2
52870,8
52871,9
52872,13
52873,10
52874,12
52875,11
52876,8
52877,11
52878,1
52879,11
52880,10
52881,6
52882,2
52883,9
52884,8
52885,0
52886,2
52887,12
52888,11
52889,4
52890,2
52891,9
52892,1
52893,8
52894,6
52895,12
52896,7
52897,10
52898,1
52899,7
52900,11
52901,9
52902,0
52903,13
52904,10
52905,13
52906,2
52907,10
52908,2
52909,11
52910,1
52911,2
52912,11
52913,3
52914,11
52915,12
52916,13
52917,12
52918,7
52919,11
52920,5
52921,7
52922,10
52923,2
52924,11
52925,11
52926,12
52927,11
52928,11
52929,11
52930,11
52931,12
52932,7
52933,12
52934,7
52935,1
52936,12
52937,12
52938,13
52939,1
52940,6
52941,7
52942,8
52943,11
52944,7
52945,10
52946,10
52947,1
52948,10
52949,11
52950,5
52951,8
52952,10
52953,8
52954,12
52955,11
52956,9
52957,3
52958,2
52959,10
52960,8
52961,6
52962,7
52963,3
52964,11
52965,3
52966,8
52967,0
52968,9
52969,9
52970,3
52971,2
52972,11
52973,2
52974,11
52975,7
52976,11
52977,1
52978,2
52979,13
52980,8
52981,2
52982,11
52983,4
52984,7
52985,8
52986,2
52987,10
52988,3
52989,7
52990,12
52991,4
52992,9
52993,9
52994,7
52995,6
52996,11
52997,1
52998,1
52999,1
53000,2
53001,7
53002,4
53003,0
53004,12
53005,4
53006,0
53007,12
53008,12
53009,11
53010,3
53011,10
53012,9
53013,2
53014,0
53015,3
53016,4
53017,12
53018,0
53019,12
53020,6
53021,2
53022,6
53023,1
53024,9
53025,0
53026,0
53027,6
53028,1
53029,5
53030,11
53031,3
53032,1
53033,11
53034,6
53035,10
53036,12
53037,6
53038,8
53039,0
53040,1
53041,11
53042,7
53043,0
53044,4
53045,0
53046,12
53047,1
53048,0
53049,3
53050,11
53051,6
53052,0
53053,11
53054,4
53055,2
53056,12
53057,4
53058,8
53059,6
53060,11
53061,0
53062,10
53063,2
53064,6
53065,2
53066,4
53067,10
53068,2
53069,1
53070,11
53071,10
53072,2
53073,4
53074,6
53075,4
53076,0
53077,3
53078,11
53079,4
53080,8
53081,1
53082,12
53083,2
53084,4
53085,9
53086,3
53087,1
53088,6
53089,4
53090,6
53091,6
53092,2
53093,8
53094,2
53095,2
53096,13
53097,11
53098,2
53099,6
53100,0
53101,10
53102,2
53103,1
53104,3
53105,7
53106,12
53107,6
53108,10
53109,10
53110,10
53111,0
53112,0
53113,0
53114,0
53115,4
53116,6
53117,9
53118,1
53119,11
53120,1
53121,9
53122,7
53123,13
53124,10
53125,3
53126,1
53127,4
53128,2
53129,11
53130,10
53131,6
53132,8
53133,0
53134,8
53135,0
53136,1
53137,3
53138,5
53139,8
53140,11
53141,6
53142,7
53143,1
53144,7
53145,4
53146,2
53147,11
53148,0
53149,11
53150,12
53151,13
53152,11
53153,1
53154,13
53155,8
53156,1
53157,1
53158,12
53159,12
53160,8
53161,3
53162,2
53163,8
53164,2
53165,6
53166,9
53167,0
53168,4
53169,4
53170,10
53171,2
53172,8
53173,8
53174,7
53175,10
53176,1
53177,4
53178,8
53179,4
53180,2
53181,8
53182,12
53183,12
53184,3
53185,7
53186,10
53187,12
53188,2
53189,8
53190,7
53191,2
53192,8
53193,5
53194,13
53195,8
53196,2
53197,11
53198,8
53199,1
53200,7
53201,8
53202,12
53203,0
53204,11
53205,0
53206,12
53207,4
53208,4
53209,1
53210,13
53211,0
53212,4
53213,11
53214,0
53215,11
53216,7
53217,9
53218,0
53219,2
53220,5
53221,9
53222,8
53223,10
53224,7
53225,2
53226,11
53227,9
53228,11
53229,10
53230,0
53231,10
53232,8
53233,2
53234,6
53235,11
53236,10
53237,6
53238,9
53239,10
53240,0
53241,7
53242,12
53243,6
53244,1
53245,1
53246,4
53247,11
53248,10
53249,13
53250,4
53251,0
53252,10
53253,7
53254,7
53255,2
53256,13
53257,2
53258,10
53259,0
53260,3
53261,12
53262,12
53263,8
53264,9
53265,4
53266,6
53267,8
53268,6
53269,0
53270,6
53271,5
53272,2
53273,10
53274,9
53275,2
53276,12
53277,0
53278,7
53279,3
53280,6
53281,6
53282,9
53283,1
53284,6
53285,2
53286,13
53287,8
53288,8
53289,4
53290,1
53291,7
53292,8
53293,7
53294,6
53295,11
53296,0
53297,2
53298,10
53299,2
53300,8
53301,3
53302,2
53303,13
53304,0
53305,2
53306,2
53307,13
53308,12
53309,11
53310,3
53311,7
53312,8
53313,1
53314,2
53315,4
53316,4
53317,0
53318,2
53319,6
53320,12
53321,13
53322,11
53323,0
53324,9
53325,6
53326,11
53327,9
53328,0
53329,1
53330,11
53331,2
53332,8
53333,10
53334,11
53335,0
53336,6
53337,6
53338,6
53339,1
53340,13
53341,10
53342,1
53343,10
53344,3
53345,2
53346,1
53347,1
53348,6
53349,11
53350,6
53351,12
53352,10
53353,11
53354,3
53355,10
53356,1
53357,13
53358,6
53359,7
53360,1
53361,12
53362,5
53363,7
53364,4
53365,4
53366,4
53367,8
53368,9
53369,0
53370,7
53371,1
53372,3
53373,8
53374,1
53375,4
53376,8
53377,7
53378,13
53379,8
53380,4
53381,6
53382,11
53383,8
53384,0
53385,1
53386,7
53387,13
53388,1
53389,12
53390,3
53391,1
53392,2
53393,8
53394,6
53395,8
53396,5
53397,4
53398,3
53399,2
53400,11
53401,2
53402,7
53403,12
53404,0
53405,7
53406,8
53407,10
53408,0
53409,2
53410,11
53411,1
53412,6
53413,13
53414,12
53415,11
53416,12
53417,6
53418,11
53419,6
53420,2
53421,10
53422,2
53423,13
53424,0
53425,6
53426,11
53427,6
53428,4
53429,0
53430,4
53431,6
53432,6
53433,4
53434,9
53435,2
53436,12
53437,1
53438,3
53439,7
53440,2
53441,8
53442,1
53443,0
53444,9
53445,4
53446,3
53447,6
53448,9
53449,11
53450,10
53451,2
53452,10
53453,13
53454,10
53455,6
53456,8
53457,12
53458,0
53459,2
53460,10
53461,0
53462,5
53463,11
53464,7
53465,11
53466,2
53467,6
53468,1
53469,11
53470,7
53471,11
53472,7
53473,0
53474,9
53475,4
53476,6
53477,7
53478,0
53479,11
53480,11
53481,6
53482,3
53483,7
53484,4
53485,4
53486,6
53487,11
53488,11
53489,3
53490,10
53491,6
53492,1
53493,3
53494,4
53495,1
53496,0
53497,9
53498,6
53499,4
53500,0
53501,6
53502,1
53503,8
53504,10
53505,1
53506,11
53507,11
53508,11
53509,8
53510,4
53511,1
53512,10
53513,9
53514,0
53515,3
53516,4
53517,8
53518,7
53519,2
53520,6
53521,1
53522,0
53523,4
53524,4
53525,10
53526,6
53527,2
53528,4
53529,1
53530,11
53531,8
53532,6
53533,10
53534,0
53535,13
53536,9
53537,10
53538,0
53539,2
53540,11
53541,6
53542,0
53543,13
53544,8
53545,8
53546,2
53547,13
53548,12
53549,11
53550,6
53551,0
53552,11
53553,11
53554,8
53555,0
53556,9
53557,1
53558,7
53559,1
53560,7
53561,12
53562,2
53563,10
53564,6
53565,0
53566,0
53567,7
53568,8
53569,10
53570,0
53571,11
53572,10
53573,8
53574,0
53575,13
53576,2
53577,7
53578,0
53579,0
53580,13
53581,10
53582,4
53583,1
53584,0
53585,0
53586,12
53587,3
53588,7
53589,0
53590,6
53591,2
53592,1
53593,10
53594,6
53595,2
53596,10
53597,7
53598,3
53599,3
53600,7
53601,4
53602,5
53603,10
53604,3
53605,1
53606,2
53607,8
53608,11
53609,7
53610,12
53611,11
53612,8
53613,4
53614,0
53615,9
53616,11
53617,7
53618,1
53619,2
53620,2
53621,0
53622,11
53623,7
53624,11
53625,11
53626,2
53627,9
53628,1
53629,11
53630,11
53631,6
53632,10
53633,13
53634,13
53635,8
53636,11
53637,11
53638,2
53639,6
53640,11
53641,11
53642,10
53643,11
53644,12
53645,0
53646,1
53647,0
53648,12
53649,1
53650,10
53651,4
53652,0
53653,1
53654,10
53655,10
53656,0
53657,13
53658,11
53659,1
53660,13
53661,10
53662,8
53663,13
53664,6
53665,6
53666,6
53667,5
53668,13
53669,6
53670,1
53671,0
53672,11
53673,7
53674,0
53675,11
53676,8
53677,11
53678,12
53679,0
53680,3
53681,12
53682,6
53683,13
53684,2
53685,13
53686,9
53687,2
53688,11
53689,8
53690,0
53691,9
53692,8
53693,0
53694,11
53695,10
53696,1
53697,8
53698,3
53699,13
53700,1
53701,2
53702,7
53703,10
53704,0
53705,13
53706,12
53707,6
53708,2
53709,0
53710,11
53711,13
53712,1
53713,7
53714,1
53715,0
53716,7
53717,0
53718,11
53719,4
53720,3
53721,0
53722,10
53723,6
53724,12
53725,8
53726,1
53727,8
53728,10
53729,1
53730,11
53731,0
53732,13
53733,12
53734,9
53735,2
53736,10
53737,13
53738,13
53739,12
53740,2
53741,4
53742,7
53743,1
53744,11
53745,3
53746,7
53747,10
53748,1
53749,9
53750,11
53751,0
53752,1
53753,12
53754,11
53755,6
53756,11
53757,6
53758,6
53759,0
53760,6
53761,8
53762,10
53763,13
53764,11
53765,13
53766,1
53767,7
53768,2
53769,4
53770,2
53771,11
53772,2
53773,2
53774,13
53775,9
53776,6
53777,11
53778,11
53779,12
53780,13
53781,1
53782,10
53783,7
53784,2
53785,5
53786,5
53787,8
53788,11
53789,7
53790,8
53791,7
53792,12
53793,4
53794,2
53795,6
53796,0
53797,3
53798,4
53799,13
53800,12
53801,11
53802,7
53803,11
53804,0
53805,6
53806,4
53807,0
53808,6
53809,6
53810,11
53811,0
53812,8
53813,1
53814,12
53815,2
53816,8
53817,12
53818,11
53819,6
53820,1
53821,0
53822,11
53823,7
53824,12
53825,8
53826,7
53827,7
53828,8
53829,13
53830,6
53831,8
53832,0
53833,7
53834,8
53835,13
53836,0
53837,12
53838,8
53839,6
53840,0
53841,10
53842,11
53843,8
53844,0
53845,11
53846,2
53847,4
53848,3
53849,3
53850,6
53851,3
53852,13
53853,8
53854,7
53855,2
53856,2
53857,10
53858,3
53859,6
53860,3
53861,10
53862,13
53863,0
53864,13
53865,4
53866,10
53867,6
53868,10
53869,7
53870,2
53871,13
53872,6
53873,6
53874,6
53875,6
53876,11
53877,12
53878,1
53879,7
53880,8
53881,13
53882,11
53883,0
53884,12
53885,9
53886,4
53887,3
53888,0
53889,2
53890,11
53891,1
53892,6
53893,1
53894,9
53895,11
53896,7
53897,4
53898,5
53899,10
53900,11
53901,2
53902,12
53903,3
53904,11
53905,7
53906,10
53907,9
53908,4
53909,2
53910,13
53911,9
53912,10
53913,0
53914,13
53915,4
53916,0
53917,7
53918,11
53919,0
53920,1
53921,12
53922,10
53923,11
53924,1
53925,0
53926,11
53927,12
53928,8
53929,1
53930,11
53931,1
53932,11
53933,7
53934,0
53935,8
53936,4
53937,11
53938,11
53939,1
53940,0
53941,11
53942,12
53943,4
53944,7
53945,13
53946,11
53947,1
53948,10
53949,2
53950,12
53951,9
53952,1
53953,9
53954,10
53955,7
53956,9
53957,13
53958,6
53959,10
53960,0
53961,8
53962,7
53963,4
53964,6
53965,7
53966,12
53967,12
53968,0
53969,7
53970,6
53971,8
53972,9
53973,1
53974,0
53975,10
53976,7
53977,11
53978,4
53979,10
53980,8
53981,3
53982,1
53983,2
53984,1
53985,12
53986,10
53987,13
53988,8
53989,11
53990,9
53991,10
53992,11
53993,2
53994,7
53995,6
53996,6
53997,9
53998,6
53999,5
54000,10
54001,1
54002,8
54003,0
54004,2
54005,4
54006,2
54007,7
54008,1
54009,6
54010,12
54011,7
54012,13
54013,8
54014,7
54015,11
54016,2
54017,3
54018,1
54019,8
54020,1
54021,6
54022,1
54023,13
54024,1
54025,2
54026,1
54027,7
54028,1
54029,13
54030,0
54031,5
54032,2
54033,3
54034,8
54035,11
54036,2
54037,1
54038,7
54039,0
54040,7
54041,8
54042,7
54043,3
54044,7
54045,12
54046,13
54047,6
54048,12
54049,12
54050,12
54051,6
54052,0
54053,6
54054,2
54055,2
54056,8
54057,4
54058,13
54059,13
54060,1
54061,9
54062,11
54063,13
54064,8
54065,11
54066,0
54067,7
54068,1
54069,12
54070,2
54071,0
54072,12
54073,11
54074,10
54075,5
54076,13
54077,8
54078,7
54079,4
54080,1
54081,7
54082,8
54083,6
54084,9
54085,5
54086,7
54087,8
54088,2
54089,0
54090,7
54091,0
54092,6
54093,4
54094,8
54095,6
54096,6
54097,3
54098,3
54099,2
54100,0
54101,13
54102,10
54103,2
54104,11
54105,13
54106,12
54107,12
54108,4
54109,6
54110,6
54111,0
54112,10
54113,1
54114,12
54115,3
54116,11
54117,2
54118,7
54119,8
54120,13
54121,9
54122,4
54123,1
54124,7
54125,11
54126,12
54127,0
54128,12
54129,4
54130,11
54131,2
54132,8
54133,12
54134,2
54135,4
54136,7
54137,4
54138,6
54139,3
54140,4
54141,12
54142,0
54143,0
54144,7
54145,9
54146,12
54147,10
54148,4
54149,12
54150,8
54151,6
54152,0
54153,11
54154,0
54155,7
54156,2
54157,6
54158,11
54159,1
54160,9
54161,8
54162,10
54163,8
54164,13
54165,10
54166,0
54167,11
54168,10
54169,6
54170,10
54171,10
54172,12
54173,5
54174,4
54175,8
54176,7
54177,11
54178,11
54179,7
54180,1
54181,10
54182,12
54183,6
54184,3
54185,11
54186,4
54187,11
54188,5
54189,11
54190,0
54191,8
54192,1
54193,0
54194,2
54195,6
54196,0
54197,10
54198,3
54199,7
54200,1
54201,0
54202,11
54203,0
54204,11
54205,3
54206,1
54207,6
54208,6
54209,13
54210,1
54211,1
54212,11
54213,9
54214,12
54215,12
54216,2
54217,6
54218,2
54219,11
54220,0
54221,10
54222,11
54223,6
54224,11
54225,6
54226,2
54227,1
54228,7
54229,12
54230,11
54231,11
54232,12
54233,0
54234,12
54235,13
54236,2
54237,3
54238,12
54239,0
54240,12
54241,2
54242,1
54243,6
54244,6
54245,11
54246,6
54247,2
54248,2
54249,2
54250,9
54251,11
54252,1
54253,13
54254,6
54255,11
54256,4
54257,1
54258,1
54259,13
54260,11
54261,2
54262,4
54263,3
54264,9
54265,0
54266,8
54267,11
54268,1
54269,5
54270,13
54271,3
54272,4
54273,2
54274,7
54275,1
54276,6
54277,3
54278,11
54279,8
54280,3
54281,6
54282,6
54283,8
54284,11
54285,8
54286,2
54287,1
54288,8
54289,1
54290,6
54291,4
54292,9
54293,1
54294,13
54295,8
54296,10
54297,1
54298,0
54299,4
54300,11
54301,4
54302,4
54303,12
54304,7
54305,8
54306,12
54307,10
54308,0
54309,3
54310,0
54311,0
54312,11
54313,2
54314,0
54315,12
54316,11
54317,11
54318,1
54319,0
54320,13
54321,3
54322,0
54323,2
54324,0
54325,2
54326,2
54327,8
54328,11
54329,8
54330,5
54331,3
54332,11
54333,9
54334,11
54335,3
54336,1
54337,2
54338,4
54339,11
54340,0
54341,2
54342,4
54343,10
54344,0
54345,0
54346,0
54347,7
54348,7
54349,11
54350,8
54351,5
54352,11
54353,8
54354,1
54355,8
54356,9
54357,10
54358,1
54359,2
54360,4
54361,11
54362,12
54363,10
54364,7
54365,10
54366,4
54367,11
54368,4
54369,6
54370,10
54371,11
54372,1
54373,10
54374,11
54375,8
54376,8
54377,0
54378,3
54379,6
54380,11
54381,12
54382,8
54383,12
54384,4
54385,9
54386,12
54387,0
54388,13
54389,1
54390,2
54391,4
54392,10
54393,0
54394,6
54395,1
54396,12
54397,1
54398,10
54399,12
54400,4
54401,1
54402,11
54403,6
54404,1
54405,7
54406,7
54407,12
54408,12
54409,7
54410,3
54411,1
54412,0
54413,5
54414,12
54415,8
54416,1
54417,1
54418,11
54419,6
54420,4
54421,13
54422,0
54423,12
54424,13
54425,8
54426,12
54427,13
54428,2
54429,4
54430,10
54431,13
54432,3
54433,9
54434,12
54435,8
54436,0
54437,2
54438,6
54439,8
54440,6
54441,0
54442,0
54443,13
54444,0
54445,10
54446,2
54447,1
54448,11
54449,0
54450,12
54451,1
54452,3
54453,4
54454,2
54455,6
54456,2
54457,8
54458,6
54459,1
54460,1
54461,0
54462,6
54463,4
54464,11
54465,1
54466,0
54467,4
54468,12
54469,2
54470,2
54471,9
54472,6
54473,13
54474,1
54475,2
54476,4
54477,0
54478,8
54479,0
54480,6
54481,11
54482,0
54483,12
54484,1
54485,3
54486,12
54487,4
54488,4
54489,1
54490,9
54491,13
54492,10
54493,10
54494,3
54495,2
54496,12
54497,0
54498,8
54499,9
54500,10
54501,9
54502,0
54503,12
54504,7
54505,10
54506,5
54507,3
54508,0
54509,2
54510,1
54511,0
54512,0
54513,11
54514,11
54515,8
54516,12
54517,1
54518,11
54519,3
54520,0
54521,11
54522,7
54523,8
54524,11
54525,6
54526,2
54527,0
54528,4
54529,13
54530,8
54531,2
54532,1
54533,8
54534,11
54535,8
54536,12
54537,7
54538,4
54539,2
54540,3
54541,0
54542,7
54543,2
54544,8
54545,8
54546,7
54547,10
54548,1
54549,12
54550,8
54551,9
54552,1
54553,0
54554,0
54555,8
54556,13
54557,6
54558,7
54559,5
54560,0
54561,2
54562,10
54563,13
54564,10
54565,3
54566,0
54567,11
54568,1
54569,7
54570,0
54571,0
54572,10
54573,12
54574,1
54575,1
54576,11
54577,13
54578,10
54579,7
54580,2
54581,6
54582,11
54583,9
54584,4
54585,0
54586,6
54587,11
54588,1
54589,13
54590,1
54591,9
54592,0
54593,13
54594,8
54595,2
54596,11
54597,8
54598,6
54599,8
54600,0
54601,8
54602,7
54603,9
54604,2
54605,4
54606,9
54607,7
54608,13
54609,6
54610,7
54611,9
54612,4
54613,8
54614,10
54615,12
54616,0
54617,7
54618,3
54619,1
54620,10
54621,6
54622,6
54623,1
54624,1
54625,1
54626,1
54627,6
54628,2
54629,11
54630,11
54631,4
54632,7
54633,9
54634,12
54635,1
54636,4
54637,2
54638,0
54639,10
54640,11
54641,4
54642,2
54643,7
54644,2
54645,3
54646,9
54647,5
54648,2
54649,7
54650,2
54651,8
54652,1
54653,4
54654,2
54655,0
54656,13
54657,4
54658,6
54659,4
54660,2
54661,6
54662,8
54663,0
54664,6
54665,0
54666,2
54667,13
54668,1
54669,4
54670,13
54671,0
54672,2
54673,4
54674,10
54675,13
54676,8
54677,12
54678,10
54679,2
54680,1
54681,1
54682,13
54683,0
54684,2
54685,3
54686,7
54687,2
54688,13
54689,6
54690,10
54691,10
54692,13
54693,7
54694,11
54695,1
54696,2
54697,2
54698,10
54699,8
54700,9
54701,10
54702,4
54703,6
54704,8
54705,0
54706,1
54707,0
54708,0
54709,0
54710,0
54711,8
54712,11
54713,1
54714,2
54715,11
54716,2
54717,0
54718,10
54719,0
54720,12
54721,4
54722,3
54723,9
54724,8
54725,9
54726,11
54727,6
54728,2
54729,11
54730,2
54731,11
54732,4
54733,8
54734,8
54735,8
54736,6
54737,8
54738,12
54739,2
54740,2
54741,13
54742,12
54743,2
54744,0
54745,0
54746,4
54747,1
54748,10
54749,4
54750,2
54751,12
54752,7
54753,7
54754,6
54755,0
54756,13
54757,7
54758,12
54759,6
54760,3
54761,12
54762,0
54763,10
54764,8
54765,11
54766,3
54767,6
54768,10
54769,12
54770,11
54771,2
54772,7
54773,11
54774,3
54775,2
54776,4
54777,4
54778,6
54779,2
54780,4
54781,2
54782,2
54783,0
54784,5
54785,1
54786,1
54787,11
54788,3
54789,0
54790,3
54791,8
54792,0
54793,6
54794,0
54795,11
54796,1
54797,11
54798,5
54799,2
54800,0
54801,11
54802,13
54803,12
54804,10
54805,4
54806,11
54807,7
54808,8
54809,1
54810,10
54811,10
54812,9
54813,10
54814,6
54815,1
54816,11
54817,11
54818,1
54819,4
54820,11
54821,0
54822,11
54823,0
54824,0
54825,0
54826,6
54827,11
54828,13
54829,2
54830,0
54831,4
54832,3
54833,1
54834,1
54835,2
54836,6
54837,12
54838,11
54839,3
54840,1
54841,9
54842,8
54843,7
54844,10
54845,8
54846,1
54847,7
54848,5
54849,2
54850,2
54851,0
54852,10
54853,0
54854,11
54855,10
54856,2
54857,10
54858,3
54859,3
54860,10
54861,8
54862,2
54863,11
54864,9
54865,2
54866,6
54867,6
54868,1
54869,7
54870,12
54871,12
54872,0
54873,6
54874,8
54875,0
54876,11
54877,11
54878,10
54879,1
54880,7
54881,10
54882,1
54883,1
54884,5
54885,4
54886,11
54887,7
54888,6
54889,10
54890,0
54891,7
54892,11
54893,2
54894,8
54895,12
54896,10
54897,6
54898,8
54899,13
54900,2
54901,2
54902,11
54903,10
54904,0
54905,1
54906,9
54907,0
54908,7
54909,8
54910,11
54911,0
54912,9
54913,9
54914,11
54915,12
54916,0
54917,0
54918,0
54919,0
54920,0
54921,9
54922,11
54923,3
54924,2
54925,5
54926,9
54927,13
54928,1
54929,10
54930,11
54931,11
54932,11
54933,9
54934,13
54935,7
54936,1
54937,11
54938,3
54939,0
54940,2
54941,9
54942,11
54943,6
54944,1
54945,4
54946,10
54947,0
54948,7
54949,2
54950,11
54951,8
54952,7
54953,6
54954,0
54955,2
54956,10
54957,1
54958,11
54959,3
54960,6
54961,10
54962,10
54963,11
54964,0
54965,0
54966,3
54967,6
54968,8
54969,12
54970,1
54971,10
54972,1
54973,1
54974,13
54975,12
54976,1
54977,7
54978,10
54979,1
54980,4
54981,6
54982,10
54983,8
54984,11
54985,11
54986,3
54987,6
54988,4
54989,13
54990,9
54991,11
54992,11
54993,3
54994,6
54995,7
54996,3
54997,13
54998,2
54999,12
55000,6
55001,7
55002,1
55003,0
55004,9
55005,13
55006,1
55007,4
55008,6
55009,2
55010,1
55011,11
55012,0
55013,1
55014,9
55015,2
55016,6
55017,7
55018,3
55019,6
55020,1
55021,5
55022,6
55023,8
55024,10
55025,1
55026,1
55027,12
55028,6
55029,0
55030,9
55031,2
55032,1
55033,0
55034,1
55035,6
55036,0
55037,13
55038,3
55039,12
55040,11
55041,13
55042,8
55043,6
55044,3
55045,0
55046,6
55047,6
55048,12
55049,9
55050,7
55051,10
55052,6
55053,0
55054,8
55055,10
55056,0
55057,13
55058,2
55059,11
55060,0
55061,8
55062,7
55063,10
55064,3
55065,13
55066,6
55067,0
55068,11
55069,6
55070,10
55071,12
55072,11
55073,13
55074,0
55075,4
55076,10
55077,12
55078,8
55079,2
55080,0
55081,3
55082,6
55083,2
55084,6
55085,10
55086,2
55087,11
55088,10
55089,6
55090,2
55091,4
55092,10
55093,10
55094,6
55095,0
55096,13
55097,8
55098,4
55099,7
55100,11
55101,12
55102,12
55103,12
55104,6
55105,4
55106,10
55107,0
55108,10
55109,8
55110,13
55111,1
55112,2
55113,10
55114,6
55115,7
55116,2
55117,6
55118,10
55119,6
55120,3
55121,9
55122,8
55123,6
55124,2
55125,7
55126,9
55127,1
55128,2
55129,4
55130,13
55131,10
55132,12
55133,6
55134,7
55135,3
55136,3
55137,9
55138,7
55139,5
55140,3
55141,1
55142,7
55143,2
55144,1
55145,6
55146,2
55147,3
55148,6
55149,0
55150,4
55151,3
55152,0
55153,10
55154,3
55155,1
55156,6
55157,10
55158,8
55159,5
55160,8
55161,1
55162,1
55163,8
55164,0
55165,6
55166,1
55167,1
55168,11
55169,4
55170,11
55171,10
55172,8
55173,13
55174,0
55175,0
55176,2
55177,0
55178,1
55179,11
55180,12
55181,12
55182,7
55183,6
55184,12
55185,11
55186,0
55187,2
55188,0
55189,6
55190,0
55191,4
55192,8
55193,12
55194,11
55195,0
55196,2
55197,6
55198,0
55199,11
55200,11
55201,9
55202,10
55203,6
55204,7
55205,11
55206,0
55207,3
55208,0
55209,13
55210,6
55211,4
55212,2
55213,10
55214,10
55215,8
55216,11
55217,1
55218,0
55219,3
55220,10
55221,6
55222,0
55223,3
55224,3
55225,11
55226,3
55227,12
55228,8
55229,11
55230,1
55231,10
55232,2
55233,10
55234,6
55235,10
55236,11
55237,10
55238,1
55239,10
55240,2
55241,10
55242,0
55243,12
55244,4
55245,5
55246,9
55247,0
55248,2
55249,1
55250,10
55251,10
55252,7
55253,3
55254,4
55255,0
55256,8
55257,4
55258,12
55259,0
55260,3
55261,2
55262,13
55263,6
55264,6
55265,4
55266,11
55267,4
55268,12
55269,5
55270,3
55271,12
55272,11
55273,10
55274,4
55275,1
55276,0
55277,11
55278,2
55279,10
55280,2
55281,10
55282,12
55283,7
55284,1
55285,3
55286,4
55287,6
55288,1
55289,12
55290,7
55291,6
55292,3
55293,6
55294,10
55295,2
55296,0
55297,13
55298,7
55299,4
55300,6
55301,11
55302,1
55303,1
55304,0
55305,11
55306,9
55307,0
55308,2
55309,12
55310,1
55311,6
55312,7
55313,10
55314,4
55315,9
55316,7
55317,2
55318,11
55319,9
55320,1
55321,0
55322,1
55323,3
55324,6
55325,11
55326,1
55327,2
55328,2
55329,10
55330,7
55331,12
55332,11
55333,3
55334,4
55335,8
55336,10
55337,9
55338,13
55339,3
55340,11
55341,1
55342,7
55343,11
55344,9
55345,13
55346,2
55347,12
55348,0
55349,4
55350,9
55351,0
55352,1
55353,4
55354,0
55355,10
55356,7
55357,13
55358,7
55359,1
55360,8
55361,8
55362,0
55363,1
55364,3
55365,0
55366,11
55367,3
55368,3
55369,1
55370,11
55371,0
55372,11
55373,8
55374,6
55375,2
55376,7
55377,4
55378,7
55379,3
55380,1
55381,3
55382,9
55383,11
55384,0
55385,2
55386,6
55387,11
55388,9
55389,11
55390,12
55391,8
55392,12
55393,8
55394,12
55395,6
55396,2
55397,8
55398,2
55399,11
55400,8
55401,6
55402,10
55403,7
55404,11
55405,3
55406,6
55407,13
55408,11
55409,8
55410,3
55411,12
55412,0
55413,8
55414,3
55415,4
55416,3
55417,13
55418,0
55419,6
55420,3
55421,11
55422,13
55423,12
55424,3
55425,5
55426,0
55427,2
55428,9
55429,4
55430,8
55431,8
55432,8
55433,2
55434,12
55435,7
55436,2
55437,8
55438,1
55439,7
55440,4
55441,6
55442,8
55443,9
55444,3
55445,4
55446,6
55447,3
55448,1
55449,11
55450,6
55451,0
55452,7
55453,11
55454,4
55455,0
55456,6
55457,6
55458,8
55459,7
55460,2
55461,0
55462,2
55463,11
55464,9
55465,9
55466,4
55467,11
55468,1
55469,0
55470,2
55471,11
55472,1
55473,1
55474,7
55475,3
55476,11
55477,1
55478,3
55479,6
55480,13
55481,8
55482,1
55483,0
55484,9
55485,4
55486,11
55487,3
55488,9
55489,9
55490,4
55491,11
55492,11
55493,13
55494,4
55495,0
55496,6
55497,2
55498,1
55499,3
55500,6
55501,10
55502,1
55503,0
55504,0
55505,13
55506,1
55507,3
55508,1
55509,9
55510,13
55511,7
55512,10
55513,7
55514,6
55515,2
55516,10
55517,11
55518,1
55519,9
55520,11
55521,8
55522,6
55523,10
55524,0
55525,13
55526,0
55527,2
55528,11
55529,2
55530,6
55531,11
55532,3
55533,7
55534,11
55535,0
55536,11
55537,12
55538,11
55539,8
55540,2
55541,6
55542,1
55543,5
55544,12
55545,11
55546,7
55547,4
55548,11
55549,11
55550,7
55551,11
55552,6
55553,1
55554,0
55555,4
55556,10
55557,2
55558,4
55559,7
55560,1
55561,9
55562,12
55563,0
55564,10
55565,0
55566,9
55567,7
55568,2
55569,11
55570,10
55571,2
55572,13
55573,7
55574,6
55575,0
55576,0
55577,8
55578,11
55579,8
55580,2
55581,1
55582,2
55583,11
55584,13
55585,10
55586,2
55587,4
55588,4
55589,11
55590,6
55591,3
55592,1
55593,11
55594,10
55595,5
55596,4
55597,1
55598,2
55599,4
55600,1
55601,2
55602,8
55603,2
55604,1
55605,10
55606,6
55607,3
55608,1
55609,7
55610,3
55611,9
55612,11
55613,10
55614,8
55615,9
55616,2
55617,0
55618,11
55619,2
55620,1
55621,3
55622,1
55623,2
55624,10
55625,7
55626,11
55627,0
55628,7
55629,2
55630,13
55631,6
55632,7
55633,7
55634,10
55635,1
55636,12
55637,11
55638,4
55639,3
55640,8
55641,6
55642,13
55643,6
55644,9
55645,1
55646,11
55647,10
55648,13
55649,12
55650,2
55651,11
55652,3
55653,1
55654,8
55655,10
55656,12
55657,6
55658,13
55659,8
55660,8
55661,3
55662,8
55663,8
55664,7
55665,4
55666,9
55667,10
55668,3
55669,13
55670,0
55671,8
55672,2
55673,2
55674,3
55675,3
55676,6
55677,0
55678,6
55679,7
55680,8
55681,0
55682,11
55683,1
55684,7
55685,1
55686,9
55687,1
55688,1
55689,11
55690,3
55691,6
55692,7
55693,6
55694,6
55695,11
55696,11
55697,1
55698,8
55699,3
55700,0
55701,8
55702,0
55703,6
55704,2
55705,11
55706,2
55707,3
55708,8
55709,8
55710,10
55711,13
55712,13
55713,9
55714,10
55715,0
55716,11
55717,3
55718,1
55719,11
55720,11
55721,5
55722,11
55723,9
55724,3
55725,3
55726,7
55727,11
55728,5
55729,12
55730,11
55731,0
55732,3
55733,1
55734,6
55735,12
55736,11
55737,1
55738,9
55739,6
55740,8
55741,13
55742,3
55743,0
55744,13
55745,7
55746,10
55747,3
55748,11
55749,13
55750,11
55751,0
55752,8
55753,5
55754,12
55755,2
55756,2
55757,6
55758,8
55759,6
55760,3
55761,1
55762,3
55763,11
55764,2
55765,8
55766,11
55767,13
55768,2
55769,0
55770,7
55771,13
55772,0
55773,12
55774,8
55775,13
55776,11
55777,4
55778,6
55779,4
55780,10
55781,6
55782,6
55783,3
55784,2
55785,4
55786,8
55787,13
55788,2
55789,12
55790,7
55791,2
55792,11
55793,0
55794,10
55795,1
55796,1
55797,0
55798,0
55799,11
55800,11
55801,12
55802,4
55803,11
55804,10
55805,11
55806,4
55807,2
55808,1
55809,2
55810,2
55811,6
55812,6
55813,9
55814,1
55815,8
55816,6
55817,4
55818,8
55819,0
55820,6
55821,8
55822,6
55823,2
55824,12
55825,11
55826,2
55827,11
55828,7
55829,10
55830,9
55831,12
55832,11
55833,10
55834,4
55835,1
55836,10
55837,11
55838,12
55839,7
55840,0
55841,0
55842,1
55843,11
55844,2
55845,7
55846,6
55847,4
55848,1
55849,12
55850,11
55851,11
55852,1
55853,2
55854,1
55855,7
55856,8
55857,12
55858,0
55859,2
55860,2
55861,11
55862,6
55863,7
55864,0
55865,11
55866,8
55867,2
55868,3
55869,3
55870,3
55871,0
55872,8
55873,7
55874,0
55875,0
55876,4
55877,2
55878,11
55879,13
55880,6
55881,11
55882,1
55883,8
55884,12
55885,0
55886,1
55887,7
55888,7
55889,4
55890,6
55891,3
55892,2
55893,4
55894,13
55895,12
55896,2
55897,13
55898,1
55899,0
55900,6
55901,3
55902,11
55903,11
55904,0
55905,0
55906,1
55907,8
55908,9
55909,2
55910,10
55911,6
55912,7
55913,0
55914,2
55915,6
55916,1
55917,0
55918,8
55919,6
55920,7
55921,6
55922,10
55923,7
55924,0
55925,0
55926,11
55927,4
55928,11
55929,0
55930,10
55931,8
55932,0
55933,0
55934,2
55935,3
55936,10
55937,1
55938,13
55939,3
55940,13
55941,2
55942,3
55943,2
55944,6
55945,11
55946,0
55947,12
55948,11
55949,0
55950,11
55951,8
55952,0
55953,9
55954,10
55955,11
55956,8
55957,11
55958,2
55959,9
55960,6
55961,12
55962,13
55963,8
55964,8
55965,0
55966,9
55967,11
55968,0
55969,0
55970,10
55971,0
55972,7
55973,1
55974,12
55975,13
55976,11
55977,13
55978,1
55979,6
55980,5
55981,1
55982,8
55983,3
55984,3
55985,3
55986,9
55987,9
55988,8
55989,12
55990,3
55991,9
55992,3
55993,13
55994,11
55995,6
55996,0
55997,1
55998,13
55999,13
56000,0
56001,2
56002,6
56003,0
56004,11
56005,0
56006,8
56007,7
56008,8
56009,11
56010,2
56011,9
56012,10
56013,11
56014,6
56015,8
56016,1
56017,3
56018,7
56019,9
56020,1
56021,2
56022,2
56023,0
56024,7
56025,10
56026,6
56027,6
56028,2
56029,2
56030,12
56031,11
56032,8
56033,4
56034,2
56035,1
56036,7
56037,7
56038,13
56039,8
56040,10
56041,4
56042,0
56043,4
56044,11
56045,4
56046,2
56047,11
56048,0
56049,5
56050,7
56051,10
56052,1
56053,6
56054,3
56055,8
56056,6
56057,10
56058,1
56059,5
56060,3
56061,1
56062,2
56063,10
56064,3
56065,13
56066,11
56067,12
56068,11
56069,3
56070,12
56071,9
56072,10
56073,4
56074,12
56075,12
56076,6
56077,6
56078,1
56079,1
56080,1
56081,4
56082,2
56083,3
56084,1
56085,3
56086,13
56087,10
56088,2
56089,8
56090,0
56091,7
56092,7
56093,4
56094,3
56095,8
56096,10
56097,9
56098,11
56099,1
56100,4
56101,13
56102,3
56103,6
56104,0
56105,2
56106,1
56107,11
56108,12
56109,8
56110,13
56111,8
56112,2
56113,3
56114,11
56115,11
56116,0
56117,11
56118,2
56119,9
56120,8
56121,0
56122,7
56123,6
56124,12
56125,10
56126,7
56127,11
56128,2
56129,10
56130,13
56131,13
56132,6
56133,12
56134,12
56135,1
56136,7
56137,3
56138,11
56139,7
56140,11
56141,4
56142,1
56143,13
56144,2
56145,1
56146,12
56147,11
56148,1
56149,0
56150,4
56151,0
56152,9
56153,0
56154,10
56155,8
56156,11
56157,7
56158,13
56159,2
56160,1
56161,13
56162,7
56163,0
56164,11
56165,4
56166,11
56167,4
56168,12
56169,12
56170,6
56171,12
56172,0
56173,1
56174,0
56175,9
56176,1
56177,7
56178,11
56179,11
56180,4
56181,8
56182,7
56183,10
56184,10
56185,11
56186,13
56187,2
56188,0
56189,6
56190,9
56191,7
56192,3
56193,11
56194,10
56195,10
56196,11
56197,9
56198,0
56199,10
56200,10
56201,1
56202,11
56203,0
56204,11
56205,8
56206,2
56207,6
56208,7
56209,0
56210,9
56211,6
56212,1
56213,0
56214,7
56215,11
56216,2
56217,1
56218,11
56219,6
56220,9
56221,6
56222,0
56223,1
56224,11
56225,9
56226,7
56227,9
56228,8
56229,11
56230,6
56231,8
56232,12
56233,10
56234,11
56235,10
56236,6
56237,12
56238,2
56239,6
56240,8
56241,1
56242,10
56243,8
56244,5
56245,10
56246,7
56247,2
56248,8
56249,0
56250,2
56251,0
56252,10
56253,7
56254,13
56255,9
56256,2
56257,11
56258,10
56259,3
56260,3
56261,10
56262,9
56263,7
56264,0
56265,10
56266,1
56267,9
56268,7
56269,10
56270,10
56271,6
56272,11
56273,13
56274,10
56275,13
56276,11
56277,10
56278,10
56279,1
56280,3
56281,3
56282,7
56283,11
56284,2
56285,1
56286,0
56287,2
56288,1
56289,12
56290,4
56291,5
56292,1
56293,1
56294,8
56295,13
56296,13
56297,9
56298,3
56299,3
56300,4
56301,5
56302,11
56303,6
56304,2
56305,4
56306,10
56307,6
56308,13
56309,6
56310,1
56311,6
56312,6
56313,12
56314,0
56315,0
56316,12
56317,10
56318,12
56319,11
56320,1
56321,2
56322,6
56323,1
56324,8
56325,8
56326,7
56327,6
56328,13
56329,10
56330,0
56331,13
56332,3
56333,6
56334,7
56335,8
56336,0
56337,8
56338,12
56339,2
56340,12
56341,1
56342,10
56343,7
56344,10
56345,10
56346,11
56347,6
56348,12
56349,2
56350,0
56351,10
56352,10
56353,4
56354,8
56355,0
56356,8
56357,1
56358,11
56359,10
56360,1
56361,10
56362,6
56363,0
56364,3
56365,13
56366,1
56367,8
56368,11
56369,4
56370,8
56371,0
56372,2
56373,8
56374,4
56375,3
56376,4
56377,12
56378,1
56379,1
56380,13
56381,1
56382,8
56383,2
56384,8
56385,4
56386,1
56387,0
56388,0
56389,6
56390,8
56391,6
56392,10
56393,6
56394,0
56395,6
56396,7
56397,4
56398,6
56399,0
56400,10
56401,3
56402,6
56403,1
56404,3
56405,2
56406,3
56407,8
56408,13
56409,0
56410,1
56411,13
56412,6
56413,0
56414,10
56415,10
56416,9
56417,0
56418,10
56419,9
56420,0
56421,12
56422,1
56423,7
56424,8
56425,13
56426,1
56427,13
56428,6
56429,3
56430,12
56431,0
56432,0
56433,7
56434,7
56435,13
56436,9
56437,10
56438,5
56439,2
56440,6
56441,1
56442,7
56443,2
56444,6
56445,0
56446,8
56447,8
56448,13
56449,13
56450,7
56451,11
56452,13
56453,6
56454,12
56455,0
56456,1
56457,0
56458,2
56459,2
56460,2
56461,3
56462,8
56463,4
56464,10
56465,1
56466,12
56467,8
56468,3
56469,11
56470,3
56471,7
56472,8
56473,11
56474,0
56475,6
56476,3
56477,8
56478,6
56479,4
56480,0
56481,7
56482,7
56483,6
56484,10
56485,7
56486,4
56487,1
56488,11
56489,9
56490,7
56491,1
56492,10
56493,8
56494,2
56495,12
56496,2
56497,2
56498,7
56499,4
56500,1
56501,13
56502,6
56503,10
56504,1
56505,13
56506,2
56507,7
56508,2
56509,12
56510,9
56511,8
56512,2
56513,2
56514,11
56515,4
56516,11
56517,11
56518,7
56519,2
56520,3
56521,2
56522,5
56523,6
56524,2
56525,3
56526,11
56527,4
56528,8
56529,2
56530,2
56531,11
56532,0
56533,2
56534,0
56535,2
56536,13
56537,10
56538,11
56539,11
56540,2
56541,8
56542,4
56543,0
56544,13
56545,4
56546,1
56547,1
56548,8
56549,0
56550,2
56551,0
56552,11
56553,11
56554,10
56555,2
56556,0
56557,9
56558,8
56559,1
56560,8
56561,10
56562,13
56563,3
56564,7
56565,3
56566,3
56567,11
56568,10
56569,6
56570,10
56571,8
56572,0
56573,8
56574,9
56575,10
56576,10
56577,0
56578,11
56579,2
56580,7
56581,3
56582,9
56583,1
56584,8
56585,13
56586,0
56587,7
56588,10
56589,13
56590,6
56591,4
56592,7
56593,6
56594,0
56595,11
56596,11
56597,3
56598,2
56599,2
56600,13
56601,2
56602,0
56603,0
56604,12
56605,13
56606,13
56607,2
56608,11
56609,11
56610,10
56611,11
56612,11
56613,1
56614,10
56615,12
56616,6
56617,13
56618,12
56619,11
56620,12
56621,12
56622,8
56623,9
56624,7
56625,7
56626,8
56627,10
56628,1
56629,10
56630,10
56631,1
56632,2
56633,8
56634,4
56635,0
56636,8
56637,13
56638,6
56639,7
56640,7
56641,5
56642,2
56643,13
56644,11
56645,0
56646,2
56647,10
56648,12
56649,2
56650,11
56651,7
56652,12
56653,1
56654,8
56655,8
56656,11
56657,2
56658,12
56659,10
56660,11
56661,4
56662,7
56663,8
56664,2
56665,4
56666,9
56667,3
56668,9
56669,0
56670,11
56671,6
56672,11
56673,6
56674,11
56675,7
56676,0
56677,8
56678,4
56679,7
56680,4
56681,9
56682,10
56683,9
56684,5
56685,6
56686,0
56687,0
56688,2
56689,3
56690,4
56691,12
56692,11
56693,0
56694,13
56695,10
56696,7
56697,2
56698,1
56699,9
56700,6
56701,6
56702,2
56703,6
56704,0
56705,3
56706,3
56707,9
56708,13
56709,5
56710,6
56711,11
56712,4
56713,4
56714,10
56715,8
56716,11
56717,1
56718,13
56719,6
56720,7
56721,11
56722,12
56723,7
56724,12
56725,9
56726,6
56727,1
56728,4
56729,4
56730,10
56731,10
56732,3
56733,6
56734,7
56735,7
56736,6
56737,8
56738,6
56739,10
56740,7
56741,2
56742,6
56743,10
56744,0
56745,9
56746,12
56747,6
56748,7
56749,13
56750,8
56751,3
56752,7
56753,10
56754,8
56755,0
56756,4
56757,1
56758,6
56759,1
56760,1
56761,10
56762,3
56763,1
56764,11
56765,12
56766,8
56767,1
56768,10
56769,7
56770,11
56771,8
56772,6
56773,12
56774,5
56775,0
56776,6
56777,11
56778,10
56779,11
56780,13
56781,2
56782,6
56783,0
56784,11
56785,9
56786,0
56787,12
56788,7
56789,0
56790,10
56791,2
56792,1
56793,4
56794,0
56795,4
56796,7
56797,6
56798,4
56799,7
56800,12
56801,11
56802,2
56803,11
56804,2
56805,2
56806,11
56807,10
56808,6
56809,7
56810,11
56811,2
56812,10
56813,7
56814,7
56815,13
56816,11
56817,6
56818,11
56819,8
56820,11
56821,2
56822,1
56823,10
56824,8
56825,12
56826,0
56827,0
56828,4
56829,2
56830,0
56831,0
56832,10
56833,6
56834,3
56835,2
56836,9
56837,7
56838,8
56839,1
56840,3
56841,10
56842,12
56843,10
56844,9
56845,1
56846,11
56847,13
56848,8
56849,11
56850,3
56851,1
56852,6
56853,7
56854,2
56855,8
56856,7
56857,13
56858,8
56859,1
56860,4
56861,7
56862,6
56863,11
56864,13
56865,8
56866,7
56867,0
56868,6
56869,3
56870,9
56871,6
56872,0
56873,11
56874,1
56875,6
56876,1
56877,3
56878,11
56879,5
56880,4
56881,3
56882,4
56883,7
56884,6
56885,3
56886,10
56887,12
56888,10
56889,0
56890,4
56891,6
56892,3
56893,2
56894,12
56895,4
56896,11
56897,11
56898,5
56899,2
56900,4
56901,11
56902,10
56903,13
56904,11
56905,7
56906,11
56907,7
56908,1
56909,2
56910,7
56911,6
56912,6
56913,2
56914,10
56915,4
56916,11
56917,1
56918,7
56919,6
56920,0
56921,4
56922,10
56923,1
56924,3
56925,11
56926,0
56927,10
56928,2
56929,11
56930,0
56931,12
56932,2
56933,2
56934,12
56935,8
56936,7
56937,1
56938,13
56939,1
56940,0
56941,13
56942,3
56943,9
56944,0
56945,1
56946,1
56947,1
56948,9
56949,2
56950,2
56951,12
56952,6
56953,0
56954,13
56955,2
56956,7
56957,11
56958,0
56959,7
56960,8
56961,8
56962,1
56963,7
56964,8
56965,11
56966,9
56967,8
56968,2
56969,6
56970,2
56971,12
56972,6
56973,0
56974,4
56975,0
56976,11
56977,2
56978,11
56979,12
56980,3
56981,10
56982,4
56983,1
56984,12
56985,8
56986,11
56987,9
56988,8
56989,10
56990,7
56991,10
56992,11
56993,11
56994,7
56995,5
56996,13
56997,13
56998,1
56999,4
57000,8
57001,11
57002,7
57003,0
57004,1
57005,8
57006,0
57007,5
57008,2
57009,4
57010,8
57011,12
57012,11
57013,2
57014,4
57015,1
57016,1
57017,1
57018,8
57019,6
57020,8
57021,0
57022,4
57023,3
57024,10
57025,11
57026,1
57027,3
57028,1
57029,2
57030,1
57031,4
57032,3
57033,0
57034,7
57035,6
57036,12
57037,10
57038,7
57039,10
57040,12
57041,8
57042,10
57043,0
57044,7
57045,6
57046,6
57047,2
57048,6
57049,8
57050,13
57051,1
57052,11
57053,1
57054,11
57055,1
57056,9
57057,0
57058,6
57059,13
57060,12
57061,0
57062,6
57063,4
57064,12
57065,3
57066,9
57067,6
57068,1
57069,1
57070,6
57071,10
57072,1
57073,2
57074,11
57075,1
57076,3
57077,8
57078,3
57079,9
57080,10
57081,3
57082,7
57083,7
57084,7
57085,11
57086,11
57087,12
57088,9
57089,2
57090,4
57091,11
57092,1
57093,11
57094,3
57095,1
57096,3
57097,13
57098,10
57099,0
57100,2
57101,9
57102,13
57103,11
57104,9
57105,3
57106,0
57107,6
57108,2
57109,11
57110,8
57111,2
57112,13
57113,11
57114,10
57115,10
57116,12
57117,1
57118,13
57119,9
57120,0
57121,12
57122,6
57123,6
57124,8
57125,1
57126,3
57127,8
57128,7
57129,3
57130,1
57131,13
57132,10
57133,12
57134,7
57135,11
57136,1
57137,2
57138,5
57139,11
57140,11
57141,6
57142,7
57143,0
57144,2
57145,11
57146,7
57147,6
57148,3
57149,6
57150,3
57151,0
57152,8
57153,1
57154,0
57155,10
57156,11
57157,1
57158,9
57159,4
57160,7
57161,2
57162,11
57163,12
57164,1
57165,1
57166,8
57167,7
57168,7
57169,11
57170,0
57171,1
57172,7
57173,4
57174,8
57175,2
57176,8
57177,8
57178,8
57179,4
57180,12
57181,10
57182,12
57183,11
57184,7
57185,4
57186,3
57187,4
57188,13
57189,11
57190,4
57191,1
57192,8
57193,2
57194,1
57195,0
57196,4
57197,5
57198,7
57199,7
57200,8
57201,3
57202,9
57203,6
57204,1
57205,3
57206,2
57207,11
57208,0
57209,0
57210,11
57211,2
57212,3
57213,10
57214,12
57215,12
57216,11
57217,8
57218,12
57219,3
57220,9
57221,2
57222,7
57223,2
57224,13
57225,1
57226,2
57227,9
57228,3
57229,0
57230,12
57231,7
57232,13
57233,10
57234,10
57235,11
57236,4
57237,2
57238,9
57239,8
57240,2
57241,2
57242,11
57243,12
57244,8
57245,11
57246,11
57247,11
57248,13
57249,5
57250,2
57251,12
57252,4
57253,11
57254,4
57255,3
57256,11
57257,8
57258,9
57259,3
57260,0
57261,11
57262,9
57263,3
57264,12
57265,10
57266,1
57267,6
57268,13
57269,11
57270,9
57271,1
57272,11
57273,7
57274,7
57275,8
57276,10
57277,13
57278,13
57279,9
57280,0
57281,2
57282,10
57283,0
57284,11
57285,9
57286,7
57287,4
57288,0
57289,0
57290,6
57291,2
57292,10
57293,0
57294,1
57295,6
57296,9
57297,0
57298,3
57299,0
57300,8
57301,11
57302,3
57303,8
57304,10
57305,11
57306,7
57307,2
57308,2
57309,1
57310,6
57311,12
57312,9
57313,7
57314,6
57315,6
57316,2
57317,2
57318,11
57319,7
57320,12
57321,7
57322,0
57323,11
57324,8
57325,3
57326,11
57327,10
57328,5
57329,8
57330,10
57331,10
57332,3
57333,5
57334,0
57335,6
57336,0
57337,13
57338,7
57339,0
57340,10
57341,2
57342,13
57343,0
57344,6
57345,9
57346,8
57347,6
57348,2
57349,6
57350,4
57351,8
57352,0
57353,8
57354,11
57355,10
57356,8
57357,2
57358,8
57359,10
57360,0
57361,6
57362,11
57363,10
57364,10
57365,0
57366,1
57367,9
57368,0
57369,8
57370,9
57371,8
57372,11
57373,10
57374,10
57375,4
57376,8
57377,0
57378,6
57379,10
57380,0
57381,12
57382,4
57383,1
57384,12
57385,2
57386,1
57387,4
57388,2
57389,10
57390,11
57391,0
57392,11
57393,10
57394,2
57395,10
57396,12
57397,13
57398,3
57399,12
57400,6
57401,2
57402,10
57403,8
57404,11
